{
  "files": [
    {
      "fileName": "./../../s/OSS_Microsoft_OpenSSH_Dev/contrib/win32/openssh/LibreSSL/_manifest/spdx_2.2/manifest.spdx.json",
      "SPDXID": "SPDXRef-File--..-..-s-OSS-Microsoft-OpenSSH-Dev-contrib-win32-openssh-LibreSSL--manifest-spdx-2.2-manifest.spdx.json-4EAF53D434EBCC53C686F3ABFEE54BAF11EFFCF0",
      "checksums": [
        {
          "algorithm": "SHA256",
          "checksumValue": "e989196aec2f04c79c9af6730b0a81bb7a6be40e6b7d923502cc0ac131bcb17f"
        },
        {
          "algorithm": "SHA1",
          "checksumValue": "4eaf53d434ebcc53c686f3abfee54baf11effcf0"
        }
      ],
      "licenseConcluded": "NOASSERTION",
      "licenseInfoInFiles": [
        "NOASSERTION"
      ],
      "copyrightText": "NOASSERTION",
      "fileTypes": [
        "SPDX"
      ]
    },
    {
      "fileName": "./../../s/OSS_Microsoft_OpenSSH_Dev/contrib/win32/openssh/libfido2/_manifest/spdx_2.2/manifest.spdx.json",
      "SPDXID": "SPDXRef-File--..-..-s-OSS-Microsoft-OpenSSH-Dev-contrib-win32-openssh-libfido2--manifest-spdx-2.2-manifest.spdx.json-B4D71991155EFC0E5C2B2F7186CCBEC3B7E54CB6",
      "checksums": [
        {
          "algorithm": "SHA256",
          "checksumValue": "88b03732d10ef8588678ebe6e837ffe201d21d2c5034e30c1203602d36484cc4"
        },
        {
          "algorithm": "SHA1",
          "checksumValue": "b4d71991155efc0e5c2b2f7186ccbec3b7e54cb6"
        }
      ],
      "licenseConcluded": "NOASSERTION",
      "licenseInfoInFiles": [
        "NOASSERTION"
      ],
      "copyrightText": "NOASSERTION",
      "fileTypes": [
        "SPDX"
      ]
    },
    {
      "fileName": "./../../s/OSS_Microsoft_OpenSSH_Dev/contrib/win32/openssh/ZLib/_manifest/spdx_2.2/manifest.spdx.json",
      "SPDXID": "SPDXRef-File--..-..-s-OSS-Microsoft-OpenSSH-Dev-contrib-win32-openssh-ZLib--manifest-spdx-2.2-manifest.spdx.json-16232B68C57E9D662108A05698D26F43C0ACABEA",
      "checksums": [
        {
          "algorithm": "SHA256",
          "checksumValue": "8faed6bc326795cd62f6c260495d25ffc563dd6c85b94acaa83dc6306f3bee56"
        },
        {
          "algorithm": "SHA1",
          "checksumValue": "16232b68c57e9d662108a05698d26f43c0acabea"
        }
      ],
      "licenseConcluded": "NOASSERTION",
      "licenseInfoInFiles": [
        "NOASSERTION"
      ],
      "copyrightText": "NOASSERTION",
      "fileTypes": [
        "SPDX"
      ]
    },
    {
      "fileName": "./OpenSSH-Win32/LICENSE.txt",
      "SPDXID": "SPDXRef-File--OpenSSH-Win32-LICENSE.txt-A7739A32F1926D71A9EB22D101287ECEA09A6AC5",
      "checksums": [
        {
          "algorithm": "SHA256",
          "checksumValue": "e6a25da96c2fccdc025caad56d99f87851ec3fe814a3cea83f2bc77ffc800681"
        },
        {
          "algorithm": "SHA1",
          "checksumValue": "a7739a32f1926d71a9eb22d101287ecea09a6ac5"
        }
      ],
      "licenseConcluded": "NOASSERTION",
      "licenseInfoInFiles": [
        "NOASSERTION"
      ],
      "copyrightText": "NOASSERTION"
    },
    {
      "fileName": "./OpenSSH-Win32/FixUserFilePermissions.ps1",
      "SPDXID": "SPDXRef-File--OpenSSH-Win32-FixUserFilePermissions.ps1-4FD051DC10B80ABAC7290AA956AC3F0D1EED8A41",
      "checksums": [
        {
          "algorithm": "SHA256",
          "checksumValue": "b4a0971ae4b8106aea6a3aeec7b54756617fc37397b7cfee22a8acb3b356ff2c"
        },
        {
          "algorithm": "SHA1",
          "checksumValue": "4fd051dc10b80abac7290aa956ac3f0d1eed8a41"
        }
      ],
      "licenseConcluded": "NOASSERTION",
      "licenseInfoInFiles": [
        "NOASSERTION"
      ],
      "copyrightText": "NOASSERTION"
    },
    {
      "fileName": "./OpenSSH-Win32/install-sshd.ps1",
      "SPDXID": "SPDXRef-File--OpenSSH-Win32-install-sshd.ps1-305EF930126F96E8E46028582338BD2C4FC36CAF",
      "checksums": [
        {
          "algorithm": "SHA256",
          "checksumValue": "3fdc1ae2cf0f57f058928feefafb36f97d231589b98dd5c50901ebcfa40dd3c6"
        },
        {
          "algorithm": "SHA1",
          "checksumValue": "305ef930126f96e8e46028582338bd2c4fc36caf"
        }
      ],
      "licenseConcluded": "NOASSERTION",
      "licenseInfoInFiles": [
        "NOASSERTION"
      ],
      "copyrightText": "NOASSERTION"
    },
    {
      "fileName": "./OpenSSH-Win32/NOTICE.txt",
      "SPDXID": "SPDXRef-File--OpenSSH-Win32-NOTICE.txt-0C6BEDA8BE1A704C0C2615D4A481BACA0E56372D",
      "checksums": [
        {
          "algorithm": "SHA256",
          "checksumValue": "2cd5f5d0064bc909dfe0f0fc8f4787882c7c379f2730d89e5faa0c2bc57c620b"
        },
        {
          "algorithm": "SHA1",
          "checksumValue": "0c6beda8be1a704c0c2615d4a481baca0e56372d"
        }
      ],
      "licenseConcluded": "NOASSERTION",
      "licenseInfoInFiles": [
        "NOASSERTION"
      ],
      "copyrightText": "NOASSERTION"
    },
    {
      "fileName": "./OpenSSH-Win32/FixHostFilePermissions.ps1",
      "SPDXID": "SPDXRef-File--OpenSSH-Win32-FixHostFilePermissions.ps1-A70C83489630B3E2546E0589944224EB9FFB415E",
      "checksums": [
        {
          "algorithm": "SHA256",
          "checksumValue": "b2eb2bc1f1ab9eb2c0c07cab108c89de7bb877a82c9061ff3018748f5afee501"
        },
        {
          "algorithm": "SHA1",
          "checksumValue": "a70c83489630b3e2546e0589944224eb9ffb415e"
        }
      ],
      "licenseConcluded": "NOASSERTION",
      "licenseInfoInFiles": [
        "NOASSERTION"
      ],
      "copyrightText": "NOASSERTION"
    },
    {
      "fileName": "./OpenSSH-Win32/OpenSSHUtils.psm1",
      "SPDXID": "SPDXRef-File--OpenSSH-Win32-OpenSSHUtils.psm1-112EC198C92277471477EE152D96FC0405BEDFB7",
      "checksums": [
        {
          "algorithm": "SHA256",
          "checksumValue": "5ecbbf0f178f298c86fffd0aee07b76adb67ef4c8892775ddf75d1fd13c484d9"
        },
        {
          "algorithm": "SHA1",
          "checksumValue": "112ec198c92277471477ee152d96fc0405bedfb7"
        }
      ],
      "licenseConcluded": "NOASSERTION",
      "licenseInfoInFiles": [
        "NOASSERTION"
      ],
      "copyrightText": "NOASSERTION"
    },
    {
      "fileName": "./OpenSSH-Win32/OpenSSHUtils.psd1",
      "SPDXID": "SPDXRef-File--OpenSSH-Win32-OpenSSHUtils.psd1-26102C72742052E37C6E9A5BFABDB0709267433E",
      "checksums": [
        {
          "algorithm": "SHA256",
          "checksumValue": "9a6c4ab7c433d84e3115f1435a4922618545ac69ffb6fa5441b83fba7b32e8ed"
        },
        {
          "algorithm": "SHA1",
          "checksumValue": "26102c72742052e37c6e9a5bfabdb0709267433e"
        }
      ],
      "licenseConcluded": "NOASSERTION",
      "licenseInfoInFiles": [
        "NOASSERTION"
      ],
      "copyrightText": "NOASSERTION"
    },
    {
      "fileName": "./OpenSSH-Win32/scp.exe",
      "SPDXID": "SPDXRef-File--OpenSSH-Win32-scp.exe-115739E9CAFA1E0DBC063C2C2C8A1F28913F026D",
      "checksums": [
        {
          "algorithm": "SHA256",
          "checksumValue": "10c8dd4233e1adc06b387dfaf60540c379cd3240f879dd31ef86ada7c520b9e3"
        },
        {
          "algorithm": "SHA1",
          "checksumValue": "115739e9cafa1e0dbc063c2c2c8a1f28913f026d"
        }
      ],
      "licenseConcluded": "NOASSERTION",
      "licenseInfoInFiles": [
        "NOASSERTION"
      ],
      "copyrightText": "NOASSERTION"
    },
    {
      "fileName": "./OpenSSH-Win32/moduli",
      "SPDXID": "SPDXRef-File--OpenSSH-Win32-moduli-D000837A7C67C88BAAA61D643E48A28B2F40B7AF",
      "checksums": [
        {
          "algorithm": "SHA256",
          "checksumValue": "bd6b9d63cd668af7ba13ae367f40a9efa30986aba0e4d91a03e212992351daeb"
        },
        {
          "algorithm": "SHA1",
          "checksumValue": "d000837a7c67c88baaa61d643e48a28b2f40b7af"
        }
      ],
      "licenseConcluded": "NOASSERTION",
      "licenseInfoInFiles": [
        "NOASSERTION"
      ],
      "copyrightText": "NOASSERTION"
    },
    {
      "fileName": "./OpenSSH-Win32/sftp.exe",
      "SPDXID": "SPDXRef-File--OpenSSH-Win32-sftp.exe-566DDB31E948265E51ACBCB3668A4711AAFBC98B",
      "checksums": [
        {
          "algorithm": "SHA256",
          "checksumValue": "4bf241e2cf32376a57cc6248e68e5149b5c5874716cdc932996da64f1f770dad"
        },
        {
          "algorithm": "SHA1",
          "checksumValue": "566ddb31e948265e51acbcb3668a4711aafbc98b"
        }
      ],
      "licenseConcluded": "NOASSERTION",
      "licenseInfoInFiles": [
        "NOASSERTION"
      ],
      "copyrightText": "NOASSERTION"
    },
    {
      "fileName": "./OpenSSH-Win32/ssh-pkcs11-helper.exe",
      "SPDXID": "SPDXRef-File--OpenSSH-Win32-ssh-pkcs11-helper.exe-B19F23E9152677DF00105555C368603D2FD845CA",
      "checksums": [
        {
          "algorithm": "SHA256",
          "checksumValue": "f82a2c841070005a1a3267eac5a14a03fc60be7d1f09b50d11caa0a6630682a0"
        },
        {
          "algorithm": "SHA1",
          "checksumValue": "b19f23e9152677df00105555c368603d2fd845ca"
        }
      ],
      "licenseConcluded": "NOASSERTION",
      "licenseInfoInFiles": [
        "NOASSERTION"
      ],
      "copyrightText": "NOASSERTION"
    },
    {
      "fileName": "./OpenSSH-Win32/ssh-agent.exe",
      "SPDXID": "SPDXRef-File--OpenSSH-Win32-ssh-agent.exe-8552BA50100DC8A8C745F40ABF171BB794D619B5",
      "checksums": [
        {
          "algorithm": "SHA256",
          "checksumValue": "2707f0873dbccda1012bd36f58a68057852b53640e305fe6a65ec4d1286f9539"
        },
        {
          "algorithm": "SHA1",
          "checksumValue": "8552ba50100dc8a8c745f40abf171bb794d619b5"
        }
      ],
      "licenseConcluded": "NOASSERTION",
      "licenseInfoInFiles": [
        "NOASSERTION"
      ],
      "copyrightText": "NOASSERTION"
    },
    {
      "fileName": "./OpenSSH-Win32/ssh-shellhost.exe",
      "SPDXID": "SPDXRef-File--OpenSSH-Win32-ssh-shellhost.exe-8BC5169E312B764C49094A99D9ED8D0BE5415E00",
      "checksums": [
        {
          "algorithm": "SHA256",
          "checksumValue": "f12279649af355d2ff4d127114a5f25d2384207d3c90b95b53e5ce155db41c98"
        },
        {
          "algorithm": "SHA1",
          "checksumValue": "8bc5169e312b764c49094a99d9ed8d0be5415e00"
        }
      ],
      "licenseConcluded": "NOASSERTION",
      "licenseInfoInFiles": [
        "NOASSERTION"
      ],
      "copyrightText": "NOASSERTION"
    },
    {
      "fileName": "./OpenSSH-Win32/ssh-keyscan.exe",
      "SPDXID": "SPDXRef-File--OpenSSH-Win32-ssh-keyscan.exe-934CEA8839FE983B359ADE7872C5CA1EEB82E376",
      "checksums": [
        {
          "algorithm": "SHA256",
          "checksumValue": "75fc23d4ca811d25b4d46bde84c30167245c534815a01bc8af448213b2bf6aa2"
        },
        {
          "algorithm": "SHA1",
          "checksumValue": "934cea8839fe983b359ade7872c5ca1eeb82e376"
        }
      ],
      "licenseConcluded": "NOASSERTION",
      "licenseInfoInFiles": [
        "NOASSERTION"
      ],
      "copyrightText": "NOASSERTION"
    },
    {
      "fileName": "./OpenSSH-Win32/uninstall-sshd.ps1",
      "SPDXID": "SPDXRef-File--OpenSSH-Win32-uninstall-sshd.ps1-035FB2C11C24F5B8DF0F0D809DB8C13394277A88",
      "checksums": [
        {
          "algorithm": "SHA256",
          "checksumValue": "9b6cece9aeefd39c9731a6adcbf36d5180fa4c2ba1796d037deb504b8db5ba15"
        },
        {
          "algorithm": "SHA1",
          "checksumValue": "035fb2c11c24f5b8df0f0d809db8c13394277a88"
        }
      ],
      "licenseConcluded": "NOASSERTION",
      "licenseInfoInFiles": [
        "NOASSERTION"
      ],
      "copyrightText": "NOASSERTION"
    },
    {
      "fileName": "./OpenSSH-Win32/ssh-add.exe",
      "SPDXID": "SPDXRef-File--OpenSSH-Win32-ssh-add.exe-E8372B6E3ACC9C33A9DBBE8EF0D018C4A8A30EA9",
      "checksums": [
        {
          "algorithm": "SHA256",
          "checksumValue": "75af725b1c81e2105eb8e857a3c06a4f9289ef5dd7e465af2eae9006ca84e972"
        },
        {
          "algorithm": "SHA1",
          "checksumValue": "e8372b6e3acc9c33a9dbbe8ef0d018c4a8a30ea9"
        }
      ],
      "licenseConcluded": "NOASSERTION",
      "licenseInfoInFiles": [
        "NOASSERTION"
      ],
      "copyrightText": "NOASSERTION"
    },
    {
      "fileName": "./OpenSSH-Win32/sshd.exe",
      "SPDXID": "SPDXRef-File--OpenSSH-Win32-sshd.exe-713885B528E618AA970B14C5E8CFFAF69B22A9BA",
      "checksums": [
        {
          "algorithm": "SHA256",
          "checksumValue": "136de8086e50fd045e0bafa5c7b534707dfe981c470c53361910cfa1a886c557"
        },
        {
          "algorithm": "SHA1",
          "checksumValue": "713885b528e618aa970b14c5e8cffaf69b22a9ba"
        }
      ],
      "licenseConcluded": "NOASSERTION",
      "licenseInfoInFiles": [
        "NOASSERTION"
      ],
      "copyrightText": "NOASSERTION"
    },
    {
      "fileName": "./OpenSSH-Win32/libcrypto.dll",
      "SPDXID": "SPDXRef-File--OpenSSH-Win32-libcrypto.dll-BECCE304DF56F7CDBC1B5C17D944402D42E4530D",
      "checksums": [
        {
          "algorithm": "SHA256",
          "checksumValue": "444563dcbdc09fa91a3dccc2c0616329727cf1c22c1c929421247aabbc43be40"
        },
        {
          "algorithm": "SHA1",
          "checksumValue": "becce304df56f7cdbc1b5c17d944402d42e4530d"
        }
      ],
      "licenseConcluded": "NOASSERTION",
      "licenseInfoInFiles": [
        "NOASSERTION"
      ],
      "copyrightText": "NOASSERTION"
    },
    {
      "fileName": "./OpenSSH-Win32/ssh.exe",
      "SPDXID": "SPDXRef-File--OpenSSH-Win32-ssh.exe-37E0D16E9E0667276C74930411FFB00B4D307A41",
      "checksums": [
        {
          "algorithm": "SHA256",
          "checksumValue": "bf7bfb321791f347e6b8e726499f7821153f14230248826b2e8698ae5b37f5f7"
        },
        {
          "algorithm": "SHA1",
          "checksumValue": "37e0d16e9e0667276c74930411ffb00b4d307a41"
        }
      ],
      "licenseConcluded": "NOASSERTION",
      "licenseInfoInFiles": [
        "NOASSERTION"
      ],
      "copyrightText": "NOASSERTION"
    },
    {
      "fileName": "./OpenSSH-Win32/sftp-server.exe",
      "SPDXID": "SPDXRef-File--OpenSSH-Win32-sftp-server.exe-57B23A650544697B98771663D8F023C0CDA7A321",
      "checksums": [
        {
          "algorithm": "SHA256",
          "checksumValue": "ae17418f15b285fcb6c7ae02cc22e73cc675dc7870b256f74c2595b90c099e3c"
        },
        {
          "algorithm": "SHA1",
          "checksumValue": "57b23a650544697b98771663d8f023c0cda7a321"
        }
      ],
      "licenseConcluded": "NOASSERTION",
      "licenseInfoInFiles": [
        "NOASSERTION"
      ],
      "copyrightText": "NOASSERTION"
    },
    {
      "fileName": "./OpenSSH-Win32/sshd-session.exe",
      "SPDXID": "SPDXRef-File--OpenSSH-Win32-sshd-session.exe-EBAF32B4B034EE5195CD73C7203FAAF72D1F070E",
      "checksums": [
        {
          "algorithm": "SHA256",
          "checksumValue": "ba822c632cf47ff67c90acbe35ff75c95b90362e62e75960d7115d9be089a882"
        },
        {
          "algorithm": "SHA1",
          "checksumValue": "ebaf32b4b034ee5195cd73c7203faaf72d1f070e"
        }
      ],
      "licenseConcluded": "NOASSERTION",
      "licenseInfoInFiles": [
        "NOASSERTION"
      ],
      "copyrightText": "NOASSERTION"
    },
    {
      "fileName": "./OpenSSH-Win32/ssh-sk-helper.exe",
      "SPDXID": "SPDXRef-File--OpenSSH-Win32-ssh-sk-helper.exe-AF91D1FF7F17305EEB17960DB6330B814E1A2D00",
      "checksums": [
        {
          "algorithm": "SHA256",
          "checksumValue": "ddb1b7cdabcfafe296dd891626695e14f04e9d159ce66910be0b2eec7c2ca4eb"
        },
        {
          "algorithm": "SHA1",
          "checksumValue": "af91d1ff7f17305eeb17960db6330b814e1a2d00"
        }
      ],
      "licenseConcluded": "NOASSERTION",
      "licenseInfoInFiles": [
        "NOASSERTION"
      ],
      "copyrightText": "NOASSERTION"
    },
    {
      "fileName": "./OpenSSH-MSI-Win32/openssh.msi",
      "SPDXID": "SPDXRef-File--OpenSSH-MSI-Win32-openssh.msi-2B669708F2D1C4E838957D0B27D4C08FC5F20827",
      "checksums": [
        {
          "algorithm": "SHA256",
          "checksumValue": "ce5a71131c166916298b19205a2adf4fb765e046aa4ac21e0d588a05acb1f7c4"
        },
        {
          "algorithm": "SHA1",
          "checksumValue": "2b669708f2d1c4e838957d0b27d4c08fc5f20827"
        }
      ],
      "licenseConcluded": "NOASSERTION",
      "licenseInfoInFiles": [
        "NOASSERTION"
      ],
      "copyrightText": "NOASSERTION"
    },
    {
      "fileName": "./OpenSSH-Win32/openssh-events.man",
      "SPDXID": "SPDXRef-File--OpenSSH-Win32-openssh-events.man-39F0E1C5FDF3F456EEAF9F1A5696A7CA64617F86",
      "checksums": [
        {
          "algorithm": "SHA256",
          "checksumValue": "c36019e53e3045cba2639bf35ed1e2498e3563b272533e53301165c31ab60199"
        },
        {
          "algorithm": "SHA1",
          "checksumValue": "39f0e1c5fdf3f456eeaf9f1a5696a7ca64617f86"
        }
      ],
      "licenseConcluded": "NOASSERTION",
      "licenseInfoInFiles": [
        "NOASSERTION"
      ],
      "copyrightText": "NOASSERTION"
    },
    {
      "fileName": "./OpenSSH-Win32/ssh-keygen.exe",
      "SPDXID": "SPDXRef-File--OpenSSH-Win32-ssh-keygen.exe-B9A423F1A9DDD1049BABF08955E7234188D70A85",
      "checksums": [
        {
          "algorithm": "SHA256",
          "checksumValue": "c9ce88aea7c9226ea8b5bc7d1ce905cd8f228452cc1ab3fd503637e0fe015bb4"
        },
        {
          "algorithm": "SHA1",
          "checksumValue": "b9a423f1a9ddd1049babf08955e7234188d70a85"
        }
      ],
      "licenseConcluded": "NOASSERTION",
      "licenseInfoInFiles": [
        "NOASSERTION"
      ],
      "copyrightText": "NOASSERTION"
    },
    {
      "fileName": "./OpenSSH-Win32/sshd_config_default",
      "SPDXID": "SPDXRef-File--OpenSSH-Win32-sshd-config-default-7F6AC27C5927EF4127C392D53DDD5DB763B65A1E",
      "checksums": [
        {
          "algorithm": "SHA256",
          "checksumValue": "796f518d1f4bb03d775da710c259b518eb770d123133dbd6429ca7e14d3c224b"
        },
        {
          "algorithm": "SHA1",
          "checksumValue": "7f6ac27c5927ef4127c392d53ddd5db763b65a1e"
        }
      ],
      "licenseConcluded": "NOASSERTION",
      "licenseInfoInFiles": [
        "NOASSERTION"
      ],
      "copyrightText": "NOASSERTION"
    },
    {
      "fileName": "./OpenSSH-Win32_Symbols/sftp.pdb",
      "SPDXID": "SPDXRef-File--OpenSSH-Win32-Symbols-sftp.pdb-D53539CF10AF8B7A3B3079C7F1C3EE7D439210C0",
      "checksums": [
        {
          "algorithm": "SHA256",
          "checksumValue": "d2ce41a2c9ac9deeffa8546193a80eedababbb545ac5f85b86a0c40ed92da8e8"
        },
        {
          "algorithm": "SHA1",
          "checksumValue": "d53539cf10af8b7a3b3079c7f1c3ee7d439210c0"
        }
      ],
      "licenseConcluded": "NOASSERTION",
      "licenseInfoInFiles": [
        "NOASSERTION"
      ],
      "copyrightText": "NOASSERTION"
    },
    {
      "fileName": "./OpenSSH-Win32_Symbols/scp.pdb",
      "SPDXID": "SPDXRef-File--OpenSSH-Win32-Symbols-scp.pdb-4A02E58D06D60C46E5C4316CF306B3A1296EDF0D",
      "checksums": [
        {
          "algorithm": "SHA256",
          "checksumValue": "9a4408ab1097e7dfecacb958b28de2fe3d74aada401e159f2a48457f2b175da7"
        },
        {
          "algorithm": "SHA1",
          "checksumValue": "4a02e58d06d60c46e5c4316cf306b3a1296edf0d"
        }
      ],
      "licenseConcluded": "NOASSERTION",
      "licenseInfoInFiles": [
        "NOASSERTION"
      ],
      "copyrightText": "NOASSERTION"
    },
    {
      "fileName": "./OpenSSH-Win32_Symbols/sftp-server.pdb",
      "SPDXID": "SPDXRef-File--OpenSSH-Win32-Symbols-sftp-server.pdb-6E50A29EA5C14D61C68695D45D8BDA87759EE4A3",
      "checksums": [
        {
          "algorithm": "SHA256",
          "checksumValue": "2ae3d5b7a461ba01b9f14f9d428a087fb02421d89de099065a57af60f805e739"
        },
        {
          "algorithm": "SHA1",
          "checksumValue": "6e50a29ea5c14d61c68695d45d8bda87759ee4a3"
        }
      ],
      "licenseConcluded": "NOASSERTION",
      "licenseInfoInFiles": [
        "NOASSERTION"
      ],
      "copyrightText": "NOASSERTION"
    },
    {
      "fileName": "./OpenSSH-Win32_Symbols/ssh-agent.pdb",
      "SPDXID": "SPDXRef-File--OpenSSH-Win32-Symbols-ssh-agent.pdb-A8898659AA42D32C4939900E5088B5FFC08F515C",
      "checksums": [
        {
          "algorithm": "SHA256",
          "checksumValue": "e754081a09192f50a990933398ffe79b736305c3bdd2b0bd3e4e743afc35983e"
        },
        {
          "algorithm": "SHA1",
          "checksumValue": "a8898659aa42d32c4939900e5088b5ffc08f515c"
        }
      ],
      "licenseConcluded": "NOASSERTION",
      "licenseInfoInFiles": [
        "NOASSERTION"
      ],
      "copyrightText": "NOASSERTION"
    },
    {
      "fileName": "./OpenSSH-Win32_Symbols/ssh-shellhost.pdb",
      "SPDXID": "SPDXRef-File--OpenSSH-Win32-Symbols-ssh-shellhost.pdb-54975B805B505D7A4061F8BD593572744D5F332D",
      "checksums": [
        {
          "algorithm": "SHA256",
          "checksumValue": "cede6845836b1db7d29f20f48fe8921e4a40c9677b71f8b83fc87ad9a6ce62b2"
        },
        {
          "algorithm": "SHA1",
          "checksumValue": "54975b805b505d7a4061f8bd593572744d5f332d"
        }
      ],
      "licenseConcluded": "NOASSERTION",
      "licenseInfoInFiles": [
        "NOASSERTION"
      ],
      "copyrightText": "NOASSERTION"
    },
    {
      "fileName": "./OpenSSH-Win32_Symbols/libcrypto.pdb",
      "SPDXID": "SPDXRef-File--OpenSSH-Win32-Symbols-libcrypto.pdb-BDD41CD5053FA625FAE3C9CB6580F673E724D242",
      "checksums": [
        {
          "algorithm": "SHA256",
          "checksumValue": "4534a01f5cc8d88b36d07b8967ac836aede8680123095522afbaa32cb1bcabed"
        },
        {
          "algorithm": "SHA1",
          "checksumValue": "bdd41cd5053fa625fae3c9cb6580f673e724d242"
        }
      ],
      "licenseConcluded": "NOASSERTION",
      "licenseInfoInFiles": [
        "NOASSERTION"
      ],
      "copyrightText": "NOASSERTION"
    },
    {
      "fileName": "./OpenSSH-Win32_Symbols/ssh-add.pdb",
      "SPDXID": "SPDXRef-File--OpenSSH-Win32-Symbols-ssh-add.pdb-C1778519BA81D97132803885105A531F94D69F32",
      "checksums": [
        {
          "algorithm": "SHA256",
          "checksumValue": "5f0966a253d07edacd8aa45d5c1bc656120cd0d12316c52f2bd6453a39e5a142"
        },
        {
          "algorithm": "SHA1",
          "checksumValue": "c1778519ba81d97132803885105a531f94d69f32"
        }
      ],
      "licenseConcluded": "NOASSERTION",
      "licenseInfoInFiles": [
        "NOASSERTION"
      ],
      "copyrightText": "NOASSERTION"
    },
    {
      "fileName": "./OpenSSH-Win32_Symbols/ssh.pdb",
      "SPDXID": "SPDXRef-File--OpenSSH-Win32-Symbols-ssh.pdb-1EEB53F3F9E88C3032501A73D46D3C8CE8C048F1",
      "checksums": [
        {
          "algorithm": "SHA256",
          "checksumValue": "998612587ad49f1763fa52f793c9f8bd3c3a72b81f1385b628e35fd418d84063"
        },
        {
          "algorithm": "SHA1",
          "checksumValue": "1eeb53f3f9e88c3032501a73d46d3c8ce8c048f1"
        }
      ],
      "licenseConcluded": "NOASSERTION",
      "licenseInfoInFiles": [
        "NOASSERTION"
      ],
      "copyrightText": "NOASSERTION"
    },
    {
      "fileName": "./OpenSSH-Win32_Symbols/ssh-sk-helper.pdb",
      "SPDXID": "SPDXRef-File--OpenSSH-Win32-Symbols-ssh-sk-helper.pdb-FC42D2DC94A810B15951383AF516319FC2A6492C",
      "checksums": [
        {
          "algorithm": "SHA256",
          "checksumValue": "24c8d1e1a51707c6f6bac9afda0ce032ff5968bfd53d0c2b2797fecf360d78b1"
        },
        {
          "algorithm": "SHA1",
          "checksumValue": "fc42d2dc94a810b15951383af516319fc2a6492c"
        }
      ],
      "licenseConcluded": "NOASSERTION",
      "licenseInfoInFiles": [
        "NOASSERTION"
      ],
      "copyrightText": "NOASSERTION"
    },
    {
      "fileName": "./OpenSSH-Win32_BuildInfo/Unittests-Win32.zip",
      "SPDXID": "SPDXRef-File--OpenSSH-Win32-BuildInfo-Unittests-Win32.zip-6DD8DE7F4843080F7F03B98BB39DADA2EA024DCE",
      "checksums": [
        {
          "algorithm": "SHA256",
          "checksumValue": "b369c74357e0ad89f493995babe70263ebcfcf2841c8a516b67f52dfd9e4b3b7"
        },
        {
          "algorithm": "SHA1",
          "checksumValue": "6dd8de7f4843080f7f03b98bb39dada2ea024dce"
        }
      ],
      "licenseConcluded": "NOASSERTION",
      "licenseInfoInFiles": [
        "NOASSERTION"
      ],
      "copyrightText": "NOASSERTION"
    },
    {
      "fileName": "./OpenSSH-Win32_Symbols/sshd.pdb",
      "SPDXID": "SPDXRef-File--OpenSSH-Win32-Symbols-sshd.pdb-410E42C2609B1D2EB0EF98AD178A596BB251E09F",
      "checksums": [
        {
          "algorithm": "SHA256",
          "checksumValue": "690971b918d85d699aa3166e8a6f4fce0acad5c11b54338ba79d100ed4ed416f"
        },
        {
          "algorithm": "SHA1",
          "checksumValue": "410e42c2609b1d2eb0ef98ad178a596bb251e09f"
        }
      ],
      "licenseConcluded": "NOASSERTION",
      "licenseInfoInFiles": [
        "NOASSERTION"
      ],
      "copyrightText": "NOASSERTION"
    },
    {
      "fileName": "./OpenSSH-Win32_Symbols/ssh-pkcs11-helper.pdb",
      "SPDXID": "SPDXRef-File--OpenSSH-Win32-Symbols-ssh-pkcs11-helper.pdb-B1E8B73AF558DB9CA7199EC5298A4B7FB4BDDFBA",
      "checksums": [
        {
          "algorithm": "SHA256",
          "checksumValue": "2a3c7de1c88ab6355c8c46c5da96824fe68740e28bead4765f83d3886ea60c0c"
        },
        {
          "algorithm": "SHA1",
          "checksumValue": "b1e8b73af558db9ca7199ec5298a4b7fb4bddfba"
        }
      ],
      "licenseConcluded": "NOASSERTION",
      "licenseInfoInFiles": [
        "NOASSERTION"
      ],
      "copyrightText": "NOASSERTION"
    },
    {
      "fileName": "./OpenSSH-Win32_Symbols/sshd-session.pdb",
      "SPDXID": "SPDXRef-File--OpenSSH-Win32-Symbols-sshd-session.pdb-2F169818FDBED585B2078B53C39283C9C6576256",
      "checksums": [
        {
          "algorithm": "SHA256",
          "checksumValue": "08dadf782cf8aa22978b7032d6e9bc3fed3b0a50e905df9d8dd26ee330dabe72"
        },
        {
          "algorithm": "SHA1",
          "checksumValue": "2f169818fdbed585b2078b53c39283c9c6576256"
        }
      ],
      "licenseConcluded": "NOASSERTION",
      "licenseInfoInFiles": [
        "NOASSERTION"
      ],
      "copyrightText": "NOASSERTION"
    },
    {
      "fileName": "./OpenSSH-Win32_Symbols/ssh-keyscan.pdb",
      "SPDXID": "SPDXRef-File--OpenSSH-Win32-Symbols-ssh-keyscan.pdb-9298938FFE22183ABC8CFD576D2D35676F1BACA9",
      "checksums": [
        {
          "algorithm": "SHA256",
          "checksumValue": "43a53f403f10a2bc2c0c4f3ae4ec0255be037ac0dad58314e96db6f7ccdcfde5"
        },
        {
          "algorithm": "SHA1",
          "checksumValue": "9298938ffe22183abc8cfd576d2d35676f1baca9"
        }
      ],
      "licenseConcluded": "NOASSERTION",
      "licenseInfoInFiles": [
        "NOASSERTION"
      ],
      "copyrightText": "NOASSERTION"
    },
    {
      "fileName": "./OpenSSH-Win32_BuildInfo/OpenSSHReleasex86.log",
      "SPDXID": "SPDXRef-File--OpenSSH-Win32-BuildInfo-OpenSSHReleasex86.log-93F7E65155EF3A066C902AC8CA79134CEEF67B49",
      "checksums": [
        {
          "algorithm": "SHA256",
          "checksumValue": "ccfa19b535e96877fc3eda5cc622a95307c486b98c8e593d21ba64ca2de72f96"
        },
        {
          "algorithm": "SHA1",
          "checksumValue": "93f7e65155ef3a066c902ac8ca79134ceef67b49"
        }
      ],
      "licenseConcluded": "NOASSERTION",
      "licenseInfoInFiles": [
        "NOASSERTION"
      ],
      "copyrightText": "NOASSERTION"
    },
    {
      "fileName": "./OpenSSH-Win32_Symbols/ssh-keygen.pdb",
      "SPDXID": "SPDXRef-File--OpenSSH-Win32-Symbols-ssh-keygen.pdb-99E258041C12C09F1832DFF824DE6AA3AB03A56E",
      "checksums": [
        {
          "algorithm": "SHA256",
          "checksumValue": "92d9568b95eeaeecd8aa72d4db3a95ecfa63fc75aff540956c2c7e1557db202a"
        },
        {
          "algorithm": "SHA1",
          "checksumValue": "99e258041c12c09f1832dff824de6aa3ab03a56e"
        }
      ],
      "licenseConcluded": "NOASSERTION",
      "licenseInfoInFiles": [
        "NOASSERTION"
      ],
      "copyrightText": "NOASSERTION"
    }
  ],
  "packages": [
    {
      "name": "powershell_libcbor",
      "SPDXID": "SPDXRef-Package-41513D39CF449D8ADCB8FD146C5BA8697DDD30C2F972014C55C4A6EC6AA7EB76",
      "downloadLocation": "https://github.com/PowerShell/libcbor",
      "filesAnalyzed": false,
      "licenseConcluded": "NOASSERTION",
      "licenseDeclared": "NOASSERTION",
      "copyrightText": "NOASSERTION",
      "versionInfo": "0.11.0",
      "supplier": "NOASSERTION"
    },
    {
      "name": "powershell_libressl",
      "SPDXID": "SPDXRef-Package-5F010068EE8252D5E475FC87F530282199C049CDFAEE9F55FC2F5CB2AE696F17",
      "downloadLocation": "https://github.com/PowerShell/LibreSSL/releases/tag/V4.0.0.0.zip",
      "filesAnalyzed": false,
      "licenseConcluded": "NOASSERTION",
      "licenseDeclared": "NOASSERTION",
      "copyrightText": "NOASSERTION",
      "versionInfo": "4.0.0.0",
      "supplier": "NOASSERTION"
    },
    {
      "name": "zlib",
      "SPDXID": "SPDXRef-Package-C48644207E7AC039A85B1C41085F3B31ADE0273DA9D828D7D7C0D1F0CD93B8BA",
      "downloadLocation": "http://zlib.net/",
      "filesAnalyzed": false,
      "licenseConcluded": "NOASSERTION",
      "licenseDeclared": "NOASSERTION",
      "copyrightText": "NOASSERTION",
      "versionInfo": "1.3.1",
      "supplier": "NOASSERTION"
    },
    {
      "name": "WiX",
      "SPDXID": "SPDXRef-Package-0453B7455A0B8778D4DD20EE81622AB2F93F2F060FF21F033C6ECF10EA3EFE9F",
      "downloadLocation": "NOASSERTION",
      "filesAnalyzed": false,
      "licenseConcluded": "NOASSERTION",
      "licenseDeclared": "NOASSERTION",
      "copyrightText": "NOASSERTION",
      "versionInfo": "3.14.1",
      "externalRefs": [
        {
          "referenceCategory": "PACKAGE-MANAGER",
          "referenceType": "purl",
          "referenceLocator": "pkg:nuget/WiX@3.14.1"
        }
      ],
      "supplier": "NOASSERTION"
    },
    {
      "name": "powershell_libfido2",
      "SPDXID": "SPDXRef-Package-50FA054C3CF71B778225C94E02FCA57826614416A915D007D604DF84D814DFA2",
      "downloadLocation": "https://github.com/PowerShell/libfido2/archive/refs/tags/1.15.0.zip",
      "filesAnalyzed": false,
      "licenseConcluded": "NOASSERTION",
      "licenseDeclared": "NOASSERTION",
      "copyrightText": "NOASSERTION",
      "versionInfo": "1.15.0",
      "supplier": "NOASSERTION"
    },
    {
      "name": "libfido2",
      "SPDXID": "SPDXRef-Package-DBE1ADCC77824D44C3798D437C096E9C2F45322F9BFB9D84DF3B676062741CAA",
      "downloadLocation": "https://github.com/Yubico/libfido2",
      "filesAnalyzed": false,
      "licenseConcluded": "NOASSERTION",
      "licenseDeclared": "NOASSERTION",
      "copyrightText": "NOASSERTION",
      "versionInfo": "1.15.0",
      "supplier": "NOASSERTION"
    },
    {
      "name": "libressl",
      "SPDXID": "SPDXRef-Package-9614F2FF20731E430A1CE5431F21F43F46BDB83CB7CFF36ACA5BA70896E2A5B3",
      "downloadLocation": "https://www.libressl.org/",
      "filesAnalyzed": false,
      "licenseConcluded": "NOASSERTION",
      "licenseDeclared": "NOASSERTION",
      "copyrightText": "NOASSERTION",
      "versionInfo": "4.0.0.0",
      "supplier": "NOASSERTION"
    },
    {
      "name": "powershell_zlib",
      "SPDXID": "SPDXRef-Package-7D958500B3992EFD73E1B44F7EE13941A499D40BC9121889534BA2383A0CBB0D",
      "downloadLocation": "https://github.com/PowerShell/ZLib/releases/tag/V1.3.1.zip",
      "filesAnalyzed": false,
      "licenseConcluded": "NOASSERTION",
      "licenseDeclared": "NOASSERTION",
      "copyrightText": "NOASSERTION",
      "versionInfo": "1.3.1",
      "supplier": "NOASSERTION"
    },
    {
      "name": "libcbor",
      "SPDXID": "SPDXRef-Package-971DCD74BBB31990D0289EF759070595E5B80F51DA88731700252A67F3064BD6",
      "downloadLocation": "https://github.com/PJK/libcbor",
      "filesAnalyzed": false,
      "licenseConcluded": "NOASSERTION",
      "licenseDeclared": "NOASSERTION",
      "copyrightText": "NOASSERTION",
      "versionInfo": "0.11.0",
      "supplier": "NOASSERTION"
    },
    {
      "name": "OpenSSH",
      "SPDXID": "SPDXRef-RootPackage",
      "downloadLocation": "NOASSERTION",
      "packageVerificationCode": {
        "packageVerificationCodeValue": "fb2df15c5d499d7de26498ccdeb8fc589097c4bc"
      },
      "filesAnalyzed": true,
      "licenseConcluded": "NOASSERTION",
      "licenseInfoFromFiles": [
        "NOASSERTION"
      ],
      "licenseDeclared": "NOASSERTION",
      "copyrightText": "NOASSERTION",
      "versionInfo": "9.8.2.0",
      "externalRefs": [
        {
          "referenceCategory": "PACKAGE-MANAGER",
          "referenceType": "purl",
          "referenceLocator": "pkg:swid/Microsoft/sbom.microsoft/OpenSSH@9.8.2.0?tag_id=a9a5d123-26ef-4433-aac1-8d8c4ac9b51b"
        }
      ],
      "supplier": "Organization: Microsoft",
      "hasFiles": [
        "SPDXRef-File--OpenSSH-Win32-Symbols-ssh-keygen.pdb-99E258041C12C09F1832DFF824DE6AA3AB03A56E",
        "SPDXRef-File--OpenSSH-Win32-Symbols-ssh-keyscan.pdb-9298938FFE22183ABC8CFD576D2D35676F1BACA9",
        "SPDXRef-File--OpenSSH-Win32-BuildInfo-OpenSSHReleasex86.log-93F7E65155EF3A066C902AC8CA79134CEEF67B49",
        "SPDXRef-File--OpenSSH-Win32-Symbols-sshd-session.pdb-2F169818FDBED585B2078B53C39283C9C6576256",
        "SPDXRef-File--OpenSSH-Win32-Symbols-ssh-pkcs11-helper.pdb-B1E8B73AF558DB9CA7199EC5298A4B7FB4BDDFBA",
        "SPDXRef-File--OpenSSH-Win32-Symbols-sshd.pdb-410E42C2609B1D2EB0EF98AD178A596BB251E09F",
        "SPDXRef-File--OpenSSH-Win32-Symbols-ssh.pdb-1EEB53F3F9E88C3032501A73D46D3C8CE8C048F1",
        "SPDXRef-File--OpenSSH-Win32-Symbols-ssh-shellhost.pdb-54975B805B505D7A4061F8BD593572744D5F332D",
        "SPDXRef-File--OpenSSH-Win32-ssh-keygen.exe-B9A423F1A9DDD1049BABF08955E7234188D70A85",
        "SPDXRef-File--OpenSSH-MSI-Win32-openssh.msi-2B669708F2D1C4E838957D0B27D4C08FC5F20827",
        "SPDXRef-File--OpenSSH-Win32-sshd-session.exe-EBAF32B4B034EE5195CD73C7203FAAF72D1F070E",
        "SPDXRef-File--OpenSSH-Win32-sftp-server.exe-57B23A650544697B98771663D8F023C0CDA7A321",
        "SPDXRef-File--OpenSSH-Win32-sshd.exe-713885B528E618AA970B14C5E8CFFAF69B22A9BA",
        "SPDXRef-File--OpenSSH-Win32-ssh-add.exe-E8372B6E3ACC9C33A9DBBE8EF0D018C4A8A30EA9",
        "SPDXRef-File--OpenSSH-Win32-ssh-keyscan.exe-934CEA8839FE983B359ADE7872C5CA1EEB82E376",
        "SPDXRef-File--OpenSSH-Win32-ssh-shellhost.exe-8BC5169E312B764C49094A99D9ED8D0BE5415E00",
        "SPDXRef-File--OpenSSH-Win32-scp.exe-115739E9CAFA1E0DBC063C2C2C8A1F28913F026D",
        "SPDXRef-File--OpenSSH-Win32-OpenSSHUtils.psd1-26102C72742052E37C6E9A5BFABDB0709267433E",
        "SPDXRef-File--OpenSSH-Win32-FixHostFilePermissions.ps1-A70C83489630B3E2546E0589944224EB9FFB415E",
        "SPDXRef-File--OpenSSH-Win32-sftp.exe-566DDB31E948265E51ACBCB3668A4711AAFBC98B",
        "SPDXRef-File--OpenSSH-Win32-install-sshd.ps1-305EF930126F96E8E46028582338BD2C4FC36CAF",
        "SPDXRef-File--OpenSSH-Win32-BuildInfo-Unittests-Win32.zip-6DD8DE7F4843080F7F03B98BB39DADA2EA024DCE",
        "SPDXRef-File--OpenSSH-Win32-Symbols-ssh-sk-helper.pdb-FC42D2DC94A810B15951383AF516319FC2A6492C",
        "SPDXRef-File--OpenSSH-Win32-Symbols-libcrypto.pdb-BDD41CD5053FA625FAE3C9CB6580F673E724D242",
        "SPDXRef-File--OpenSSH-Win32-Symbols-scp.pdb-4A02E58D06D60C46E5C4316CF306B3A1296EDF0D",
        "SPDXRef-File--OpenSSH-Win32-openssh-events.man-39F0E1C5FDF3F456EEAF9F1A5696A7CA64617F86",
        "SPDXRef-File--OpenSSH-Win32-ssh-sk-helper.exe-AF91D1FF7F17305EEB17960DB6330B814E1A2D00",
        "SPDXRef-File--OpenSSH-Win32-libcrypto.dll-BECCE304DF56F7CDBC1B5C17D944402D42E4530D",
        "SPDXRef-File--OpenSSH-Win32-uninstall-sshd.ps1-035FB2C11C24F5B8DF0F0D809DB8C13394277A88",
        "SPDXRef-File--OpenSSH-Win32-ssh-agent.exe-8552BA50100DC8A8C745F40ABF171BB794D619B5",
        "SPDXRef-File--OpenSSH-Win32-OpenSSHUtils.psm1-112EC198C92277471477EE152D96FC0405BEDFB7",
        "SPDXRef-File--OpenSSH-Win32-FixUserFilePermissions.ps1-4FD051DC10B80ABAC7290AA956AC3F0D1EED8A41",
        "SPDXRef-File--OpenSSH-Win32-LICENSE.txt-A7739A32F1926D71A9EB22D101287ECEA09A6AC5",
        "SPDXRef-File--OpenSSH-Win32-Symbols-ssh-add.pdb-C1778519BA81D97132803885105A531F94D69F32",
        "SPDXRef-File--OpenSSH-Win32-Symbols-ssh-agent.pdb-A8898659AA42D32C4939900E5088B5FFC08F515C",
        "SPDXRef-File--OpenSSH-Win32-Symbols-sftp-server.pdb-6E50A29EA5C14D61C68695D45D8BDA87759EE4A3",
        "SPDXRef-File--OpenSSH-Win32-Symbols-sftp.pdb-D53539CF10AF8B7A3B3079C7F1C3EE7D439210C0",
        "SPDXRef-File--OpenSSH-Win32-sshd-config-default-7F6AC27C5927EF4127C392D53DDD5DB763B65A1E",
        "SPDXRef-File--OpenSSH-Win32-ssh.exe-37E0D16E9E0667276C74930411FFB00B4D307A41",
        "SPDXRef-File--OpenSSH-Win32-ssh-pkcs11-helper.exe-B19F23E9152677DF00105555C368603D2FD845CA",
        "SPDXRef-File--OpenSSH-Win32-moduli-D000837A7C67C88BAAA61D643E48A28B2F40B7AF",
        "SPDXRef-File--OpenSSH-Win32-NOTICE.txt-0C6BEDA8BE1A704C0C2615D4A481BACA0E56372D"
      ]
    }
  ],
  "externalDocumentRefs": [
    {
      "externalDocumentId": "DocumentRef-LibreSSL-4.0.0.0-4eaf53d434ebcc53c686f3abfee54baf11effcf0",
      "spdxDocument": "https://sbom.microsoft/1:2QSF7qZlbE-F7QrUJlEo7g:Ifmy0CRpKEe0S33n1Rdb-w/2904:575877/LibreSSL:4.0.0.0:WMH2o0P7HE6tnReYBNrzWQ",
      "checksum": {
        "algorithm": "SHA1",
        "checksumValue": "4eaf53d434ebcc53c686f3abfee54baf11effcf0"
      }
    },
    {
      "externalDocumentId": "DocumentRef-ZLib-1.3.1-16232b68c57e9d662108a05698d26f43c0acabea",
      "spdxDocument": "https://sbom.microsoft/1:2QSF7qZlbE-F7QrUJlEo7g:Ifmy0CRpKEe0S33n1Rdb-w/2901:522012/ZLib:1.3.1:0alOYoxgr0aKgbhQo6OyNw",
      "checksum": {
        "algorithm": "SHA1",
        "checksumValue": "16232b68c57e9d662108a05698d26f43c0acabea"
      }
    },
    {
      "externalDocumentId": "DocumentRef-libfido2-1.15.0-b4d71991155efc0e5c2b2f7186ccbec3b7e54cb6",
      "spdxDocument": "https://sbom.microsoft/1:2QSF7qZlbE-F7QrUJlEo7g:Ifmy0CRpKEe0S33n1Rdb-w/2912:530705/libfido2:1.15.0:I44gQlgQAkeFIC0SjN9gPw",
      "checksum": {
        "algorithm": "SHA1",
        "checksumValue": "b4d71991155efc0e5c2b2f7186ccbec3b7e54cb6"
      }
    }
  ],
  "relationships": [
    {
      "relationshipType": "PREREQUISITE_FOR",
      "relatedSpdxElement": "DocumentRef-ZLib-1.3.1-16232b68c57e9d662108a05698d26f43c0acabea:SPDXRef-RootPackage",
      "spdxElementId": "SPDXRef-RootPackage"
    },
    {
      "relationshipType": "DESCRIBED_BY",
      "relatedSpdxElement": "SPDXRef-DOCUMENT",
      "spdxElementId": "SPDXRef-File--..-..-s-OSS-Microsoft-OpenSSH-Dev-contrib-win32-openssh-LibreSSL--manifest-spdx-2.2-manifest.spdx.json-4EAF53D434EBCC53C686F3ABFEE54BAF11EFFCF0"
    },
    {
      "relationshipType": "PREREQUISITE_FOR",
      "relatedSpdxElement": "DocumentRef-LibreSSL-4.0.0.0-4eaf53d434ebcc53c686f3abfee54baf11effcf0:SPDXRef-RootPackage",
      "spdxElementId": "SPDXRef-RootPackage"
    },
    {
      "relationshipType": "PREREQUISITE_FOR",
      "relatedSpdxElement": "DocumentRef-libfido2-1.15.0-b4d71991155efc0e5c2b2f7186ccbec3b7e54cb6:SPDXRef-RootPackage",
      "spdxElementId": "SPDXRef-RootPackage"
    },
    {
      "relationshipType": "DESCRIBED_BY",
      "relatedSpdxElement": "SPDXRef-DOCUMENT",
      "spdxElementId": "SPDXRef-File--..-..-s-OSS-Microsoft-OpenSSH-Dev-contrib-win32-openssh-libfido2--manifest-spdx-2.2-manifest.spdx.json-B4D71991155EFC0E5C2B2F7186CCBEC3B7E54CB6"
    },
    {
      "relationshipType": "DESCRIBED_BY",
      "relatedSpdxElement": "SPDXRef-DOCUMENT",
      "spdxElementId": "SPDXRef-File--..-..-s-OSS-Microsoft-OpenSSH-Dev-contrib-win32-openssh-ZLib--manifest-spdx-2.2-manifest.spdx.json-16232B68C57E9D662108A05698D26F43C0ACABEA"
    },
    {
      "relationshipType": "DESCRIBES",
      "relatedSpdxElement": "SPDXRef-RootPackage",
      "spdxElementId": "SPDXRef-DOCUMENT"
    },
    {
      "relationshipType": "DEPENDS_ON",
      "relatedSpdxElement": "SPDXRef-Package-7D958500B3992EFD73E1B44F7EE13941A499D40BC9121889534BA2383A0CBB0D",
      "spdxElementId": "SPDXRef-RootPackage"
    },
    {
      "relationshipType": "DEPENDS_ON",
      "relatedSpdxElement": "SPDXRef-Package-9614F2FF20731E430A1CE5431F21F43F46BDB83CB7CFF36ACA5BA70896E2A5B3",
      "spdxElementId": "SPDXRef-RootPackage"
    },
    {
      "relationshipType": "DEPENDS_ON",
      "relatedSpdxElement": "SPDXRef-Package-DBE1ADCC77824D44C3798D437C096E9C2F45322F9BFB9D84DF3B676062741CAA",
      "spdxElementId": "SPDXRef-RootPackage"
    },
    {
      "relationshipType": "DEPENDS_ON",
      "relatedSpdxElement": "SPDXRef-Package-50FA054C3CF71B778225C94E02FCA57826614416A915D007D604DF84D814DFA2",
      "spdxElementId": "SPDXRef-RootPackage"
    },
    {
      "relationshipType": "DEPENDS_ON",
      "relatedSpdxElement": "SPDXRef-Package-971DCD74BBB31990D0289EF759070595E5B80F51DA88731700252A67F3064BD6",
      "spdxElementId": "SPDXRef-RootPackage"
    },
    {
      "relationshipType": "DEPENDS_ON",
      "relatedSpdxElement": "SPDXRef-Package-0453B7455A0B8778D4DD20EE81622AB2F93F2F060FF21F033C6ECF10EA3EFE9F",
      "spdxElementId": "SPDXRef-RootPackage"
    },
    {
      "relationshipType": "DEPENDS_ON",
      "relatedSpdxElement": "SPDXRef-Package-5F010068EE8252D5E475FC87F530282199C049CDFAEE9F55FC2F5CB2AE696F17",
      "spdxElementId": "SPDXRef-RootPackage"
    },
    {
      "relationshipType": "DEPENDS_ON",
      "relatedSpdxElement": "SPDXRef-Package-41513D39CF449D8ADCB8FD146C5BA8697DDD30C2F972014C55C4A6EC6AA7EB76",
      "spdxElementId": "SPDXRef-RootPackage"
    },
    {
      "relationshipType": "DEPENDS_ON",
      "relatedSpdxElement": "SPDXRef-Package-C48644207E7AC039A85B1C41085F3B31ADE0273DA9D828D7D7C0D1F0CD93B8BA",
      "spdxElementId": "SPDXRef-RootPackage"
    }
  ],
  "spdxVersion": "SPDX-2.2",
  "dataLicense": "CC0-1.0",
  "SPDXID": "SPDXRef-DOCUMENT",
  "name": "OpenSSH 9.8.2.0",
  "documentNamespace": "https://sbom.microsoft/1:2QSF7qZlbE-F7QrUJlEo7g:Ifmy0CRpKEe0S33n1Rdb-w/2896:579085/OpenSSH:9.8.2.0:PMGb-WGLdE6Zcq2ZF8j-mA",
  "creationInfo": {
    "created": "2025-04-04T17:09:22Z",
    "creators": [
      "Organization: Microsoft",
      "Tool: Microsoft.SBOMTool-3.1.0"
    ]
  },
  "documentDescribes": [
    "SPDXRef-RootPackage"
  ]
}