{
  "files": [
    {
      "fileName": "./../../s/OSS_Microsoft_OpenSSH_Dev/contrib/win32/openssh/ZLib/_manifest/spdx_2.2/manifest.spdx.json",
      "SPDXID": "SPDXRef-File--..-..-s-OSS-Microsoft-OpenSSH-Dev-contrib-win32-openssh-ZLib--manifest-spdx-2.2-manifest.spdx.json-16232B68C57E9D662108A05698D26F43C0ACABEA",
      "checksums": [
        {
          "algorithm": "SHA256",
          "checksumValue": "8faed6bc326795cd62f6c260495d25ffc563dd6c85b94acaa83dc6306f3bee56"
        },
        {
          "algorithm": "SHA1",
          "checksumValue": "16232b68c57e9d662108a05698d26f43c0acabea"
        }
      ],
      "licenseConcluded": "NOASSERTION",
      "licenseInfoInFiles": [
        "NOASSERTION"
      ],
      "copyrightText": "NOASSERTION",
      "fileTypes": [
        "SPDX"
      ]
    },
    {
      "fileName": "./../../s/OSS_Microsoft_OpenSSH_Dev/contrib/win32/openssh/LibreSSL/_manifest/spdx_2.2/manifest.spdx.json",
      "SPDXID": "SPDXRef-File--..-..-s-OSS-Microsoft-OpenSSH-Dev-contrib-win32-openssh-LibreSSL--manifest-spdx-2.2-manifest.spdx.json-4EAF53D434EBCC53C686F3ABFEE54BAF11EFFCF0",
      "checksums": [
        {
          "algorithm": "SHA256",
          "checksumValue": "e989196aec2f04c79c9af6730b0a81bb7a6be40e6b7d923502cc0ac131bcb17f"
        },
        {
          "algorithm": "SHA1",
          "checksumValue": "4eaf53d434ebcc53c686f3abfee54baf11effcf0"
        }
      ],
      "licenseConcluded": "NOASSERTION",
      "licenseInfoInFiles": [
        "NOASSERTION"
      ],
      "copyrightText": "NOASSERTION",
      "fileTypes": [
        "SPDX"
      ]
    },
    {
      "fileName": "./../../s/OSS_Microsoft_OpenSSH_Dev/contrib/win32/openssh/libfido2/_manifest/spdx_2.2/manifest.spdx.json",
      "SPDXID": "SPDXRef-File--..-..-s-OSS-Microsoft-OpenSSH-Dev-contrib-win32-openssh-libfido2--manifest-spdx-2.2-manifest.spdx.json-B4D71991155EFC0E5C2B2F7186CCBEC3B7E54CB6",
      "checksums": [
        {
          "algorithm": "SHA256",
          "checksumValue": "88b03732d10ef8588678ebe6e837ffe201d21d2c5034e30c1203602d36484cc4"
        },
        {
          "algorithm": "SHA1",
          "checksumValue": "b4d71991155efc0e5c2b2f7186ccbec3b7e54cb6"
        }
      ],
      "licenseConcluded": "NOASSERTION",
      "licenseInfoInFiles": [
        "NOASSERTION"
      ],
      "copyrightText": "NOASSERTION",
      "fileTypes": [
        "SPDX"
      ]
    },
    {
      "fileName": "./OpenSSH-Win32/install-sshd.ps1",
      "SPDXID": "SPDXRef-File--OpenSSH-Win32-install-sshd.ps1-8992955E8B1F1F6F5D4AB77FB7B0860DA74C3365",
      "checksums": [
        {
          "algorithm": "SHA256",
          "checksumValue": "599c848f40413bc3361319b6294d5877577af45a59f20c67e3c3d8e2925e47de"
        },
        {
          "algorithm": "SHA1",
          "checksumValue": "8992955e8b1f1f6f5d4ab77fb7b0860da74c3365"
        }
      ],
      "licenseConcluded": "NOASSERTION",
      "licenseInfoInFiles": [
        "NOASSERTION"
      ],
      "copyrightText": "NOASSERTION"
    },
    {
      "fileName": "./OpenSSH-Win32/LICENSE.txt",
      "SPDXID": "SPDXRef-File--OpenSSH-Win32-LICENSE.txt-A7739A32F1926D71A9EB22D101287ECEA09A6AC5",
      "checksums": [
        {
          "algorithm": "SHA256",
          "checksumValue": "e6a25da96c2fccdc025caad56d99f87851ec3fe814a3cea83f2bc77ffc800681"
        },
        {
          "algorithm": "SHA1",
          "checksumValue": "a7739a32f1926d71a9eb22d101287ecea09a6ac5"
        }
      ],
      "licenseConcluded": "NOASSERTION",
      "licenseInfoInFiles": [
        "NOASSERTION"
      ],
      "copyrightText": "NOASSERTION"
    },
    {
      "fileName": "./OpenSSH-Win32/NOTICE.txt",
      "SPDXID": "SPDXRef-File--OpenSSH-Win32-NOTICE.txt-0C6BEDA8BE1A704C0C2615D4A481BACA0E56372D",
      "checksums": [
        {
          "algorithm": "SHA256",
          "checksumValue": "2cd5f5d0064bc909dfe0f0fc8f4787882c7c379f2730d89e5faa0c2bc57c620b"
        },
        {
          "algorithm": "SHA1",
          "checksumValue": "0c6beda8be1a704c0c2615d4a481baca0e56372d"
        }
      ],
      "licenseConcluded": "NOASSERTION",
      "licenseInfoInFiles": [
        "NOASSERTION"
      ],
      "copyrightText": "NOASSERTION"
    },
    {
      "fileName": "./OpenSSH-Win32/FixHostFilePermissions.ps1",
      "SPDXID": "SPDXRef-File--OpenSSH-Win32-FixHostFilePermissions.ps1-F4CA4E19EDD0EC4FE2434D019CF671E4906CDF4D",
      "checksums": [
        {
          "algorithm": "SHA256",
          "checksumValue": "6c9ae55a443ae6b6bf95fc17e84d10c07fdf31d80344637f7310a0e5b28dc6a4"
        },
        {
          "algorithm": "SHA1",
          "checksumValue": "f4ca4e19edd0ec4fe2434d019cf671e4906cdf4d"
        }
      ],
      "licenseConcluded": "NOASSERTION",
      "licenseInfoInFiles": [
        "NOASSERTION"
      ],
      "copyrightText": "NOASSERTION"
    },
    {
      "fileName": "./OpenSSH-Win32/FixUserFilePermissions.ps1",
      "SPDXID": "SPDXRef-File--OpenSSH-Win32-FixUserFilePermissions.ps1-D81BCB6EF27C8EF34C09571CCB10C26117C411C8",
      "checksums": [
        {
          "algorithm": "SHA256",
          "checksumValue": "ca9d39b033f14e2285580576487299b26d6befa6e8cea18ef70f10b9939e8073"
        },
        {
          "algorithm": "SHA1",
          "checksumValue": "d81bcb6ef27c8ef34c09571ccb10c26117c411c8"
        }
      ],
      "licenseConcluded": "NOASSERTION",
      "licenseInfoInFiles": [
        "NOASSERTION"
      ],
      "copyrightText": "NOASSERTION"
    },
    {
      "fileName": "./OpenSSH-Win32/OpenSSHUtils.psd1",
      "SPDXID": "SPDXRef-File--OpenSSH-Win32-OpenSSHUtils.psd1-506607EF7095044C8A4EB686E0EEBA6C8F87062C",
      "checksums": [
        {
          "algorithm": "SHA256",
          "checksumValue": "5c12216f8b4fca7bbb7c9774d8eec30fe2522e08e2e8c416bc5b239281b2ea09"
        },
        {
          "algorithm": "SHA1",
          "checksumValue": "506607ef7095044c8a4eb686e0eeba6c8f87062c"
        }
      ],
      "licenseConcluded": "NOASSERTION",
      "licenseInfoInFiles": [
        "NOASSERTION"
      ],
      "copyrightText": "NOASSERTION"
    },
    {
      "fileName": "./OpenSSH-Win32/OpenSSHUtils.psm1",
      "SPDXID": "SPDXRef-File--OpenSSH-Win32-OpenSSHUtils.psm1-0DEB67486F36A1174975FD697EBB7008F9B9569E",
      "checksums": [
        {
          "algorithm": "SHA256",
          "checksumValue": "61a9e798a4a93798845c701ecb97475f1b22e3120627861995b6b6112c7b5315"
        },
        {
          "algorithm": "SHA1",
          "checksumValue": "0deb67486f36a1174975fd697ebb7008f9b9569e"
        }
      ],
      "licenseConcluded": "NOASSERTION",
      "licenseInfoInFiles": [
        "NOASSERTION"
      ],
      "copyrightText": "NOASSERTION"
    },
    {
      "fileName": "./OpenSSH-Win32/scp.exe",
      "SPDXID": "SPDXRef-File--OpenSSH-Win32-scp.exe-9A8D99EB581B890C0FDE0190C9AC063AF0686795",
      "checksums": [
        {
          "algorithm": "SHA256",
          "checksumValue": "8a1e9cc99842c72ff9ba06be5f1707398b2fdfbd4d4c9706d555230d2976780a"
        },
        {
          "algorithm": "SHA1",
          "checksumValue": "9a8d99eb581b890c0fde0190c9ac063af0686795"
        }
      ],
      "licenseConcluded": "NOASSERTION",
      "licenseInfoInFiles": [
        "NOASSERTION"
      ],
      "copyrightText": "NOASSERTION"
    },
    {
      "fileName": "./OpenSSH-Win32/sftp.exe",
      "SPDXID": "SPDXRef-File--OpenSSH-Win32-sftp.exe-3950404317928918B74F8E31FD30727F1EAFDB77",
      "checksums": [
        {
          "algorithm": "SHA256",
          "checksumValue": "d79000d1c4e5d3bfda29d5097e1c116b4b00bbd03ee0ef6869540f2b45f35795"
        },
        {
          "algorithm": "SHA1",
          "checksumValue": "3950404317928918b74f8e31fd30727f1eafdb77"
        }
      ],
      "licenseConcluded": "NOASSERTION",
      "licenseInfoInFiles": [
        "NOASSERTION"
      ],
      "copyrightText": "NOASSERTION"
    },
    {
      "fileName": "./OpenSSH-Win32/ssh-agent.exe",
      "SPDXID": "SPDXRef-File--OpenSSH-Win32-ssh-agent.exe-36832E01D5EBB67200503CD78CF5CA00DB250A8C",
      "checksums": [
        {
          "algorithm": "SHA256",
          "checksumValue": "0f7c07439d7e026a19d17225add844be5904c9c1673bd54671020a5c41b739d5"
        },
        {
          "algorithm": "SHA1",
          "checksumValue": "36832e01d5ebb67200503cd78cf5ca00db250a8c"
        }
      ],
      "licenseConcluded": "NOASSERTION",
      "licenseInfoInFiles": [
        "NOASSERTION"
      ],
      "copyrightText": "NOASSERTION"
    },
    {
      "fileName": "./OpenSSH-Win32/ssh-shellhost.exe",
      "SPDXID": "SPDXRef-File--OpenSSH-Win32-ssh-shellhost.exe-2B5E7371F0BC2DDD3CDCE4AD8D5D31B16593A623",
      "checksums": [
        {
          "algorithm": "SHA256",
          "checksumValue": "c8412c4c0cfb068e02e7b69e47151d6d3978e9b0a93fb2d91a4fbd2a9ff7aecb"
        },
        {
          "algorithm": "SHA1",
          "checksumValue": "2b5e7371f0bc2ddd3cdce4ad8d5d31b16593a623"
        }
      ],
      "licenseConcluded": "NOASSERTION",
      "licenseInfoInFiles": [
        "NOASSERTION"
      ],
      "copyrightText": "NOASSERTION"
    },
    {
      "fileName": "./OpenSSH-Win32/ssh-pkcs11-helper.exe",
      "SPDXID": "SPDXRef-File--OpenSSH-Win32-ssh-pkcs11-helper.exe-EC0E6DA8728AE08E596B79A1B1CC976B1D5DAEF4",
      "checksums": [
        {
          "algorithm": "SHA256",
          "checksumValue": "f11528162f3dfc6c0879377ef80a71f040c5b0d122d94207031d1e8dc89e264a"
        },
        {
          "algorithm": "SHA1",
          "checksumValue": "ec0e6da8728ae08e596b79a1b1cc976b1d5daef4"
        }
      ],
      "licenseConcluded": "NOASSERTION",
      "licenseInfoInFiles": [
        "NOASSERTION"
      ],
      "copyrightText": "NOASSERTION"
    },
    {
      "fileName": "./OpenSSH-Win32/ssh-keyscan.exe",
      "SPDXID": "SPDXRef-File--OpenSSH-Win32-ssh-keyscan.exe-9E76258364D06B55A00C666FE1FF18720B8E15A0",
      "checksums": [
        {
          "algorithm": "SHA256",
          "checksumValue": "75df59ca21c6eb4fcbcb89508e3757620e77c0b528d72cc5eba8c54b31dd8b68"
        },
        {
          "algorithm": "SHA1",
          "checksumValue": "9e76258364d06b55a00c666fe1ff18720b8e15a0"
        }
      ],
      "licenseConcluded": "NOASSERTION",
      "licenseInfoInFiles": [
        "NOASSERTION"
      ],
      "copyrightText": "NOASSERTION"
    },
    {
      "fileName": "./OpenSSH-Win32/moduli",
      "SPDXID": "SPDXRef-File--OpenSSH-Win32-moduli-D000837A7C67C88BAAA61D643E48A28B2F40B7AF",
      "checksums": [
        {
          "algorithm": "SHA256",
          "checksumValue": "bd6b9d63cd668af7ba13ae367f40a9efa30986aba0e4d91a03e212992351daeb"
        },
        {
          "algorithm": "SHA1",
          "checksumValue": "d000837a7c67c88baaa61d643e48a28b2f40b7af"
        }
      ],
      "licenseConcluded": "NOASSERTION",
      "licenseInfoInFiles": [
        "NOASSERTION"
      ],
      "copyrightText": "NOASSERTION"
    },
    {
      "fileName": "./OpenSSH-Win32/uninstall-sshd.ps1",
      "SPDXID": "SPDXRef-File--OpenSSH-Win32-uninstall-sshd.ps1-2A3887DCE39893F7D7ACE76369F31B32C4A987F5",
      "checksums": [
        {
          "algorithm": "SHA256",
          "checksumValue": "24ea48599957fbdc4dd2aec52cab215ab257b0241dedc061e0c77bb081a09fe1"
        },
        {
          "algorithm": "SHA1",
          "checksumValue": "2a3887dce39893f7d7ace76369f31b32c4a987f5"
        }
      ],
      "licenseConcluded": "NOASSERTION",
      "licenseInfoInFiles": [
        "NOASSERTION"
      ],
      "copyrightText": "NOASSERTION"
    },
    {
      "fileName": "./OpenSSH-Win32/ssh-add.exe",
      "SPDXID": "SPDXRef-File--OpenSSH-Win32-ssh-add.exe-AFA6045F8999565FB5639829CF3A793A6062CE6D",
      "checksums": [
        {
          "algorithm": "SHA256",
          "checksumValue": "4bc0bca840a7b425d554841302ba7609a65afa62c4c94611de3d141f6aa3532c"
        },
        {
          "algorithm": "SHA1",
          "checksumValue": "afa6045f8999565fb5639829cf3a793a6062ce6d"
        }
      ],
      "licenseConcluded": "NOASSERTION",
      "licenseInfoInFiles": [
        "NOASSERTION"
      ],
      "copyrightText": "NOASSERTION"
    },
    {
      "fileName": "./OpenSSH-Win32/sshd.exe",
      "SPDXID": "SPDXRef-File--OpenSSH-Win32-sshd.exe-BF4ABAD71AE924032D0084847A8A1FD783F222B9",
      "checksums": [
        {
          "algorithm": "SHA256",
          "checksumValue": "569088eae65ac6574973a4d42ff8798750668e96be66c6517c5254730f559b9d"
        },
        {
          "algorithm": "SHA1",
          "checksumValue": "bf4abad71ae924032d0084847a8a1fd783f222b9"
        }
      ],
      "licenseConcluded": "NOASSERTION",
      "licenseInfoInFiles": [
        "NOASSERTION"
      ],
      "copyrightText": "NOASSERTION"
    },
    {
      "fileName": "./OpenSSH-Win32/libcrypto.dll",
      "SPDXID": "SPDXRef-File--OpenSSH-Win32-libcrypto.dll-3253D2E62D729EC5E8532BF6ACB3CD940E6C9D83",
      "checksums": [
        {
          "algorithm": "SHA256",
          "checksumValue": "694723d63751459dc039977e64ace6388c97826f85eee22fef35a5d24369ef85"
        },
        {
          "algorithm": "SHA1",
          "checksumValue": "3253d2e62d729ec5e8532bf6acb3cd940e6c9d83"
        }
      ],
      "licenseConcluded": "NOASSERTION",
      "licenseInfoInFiles": [
        "NOASSERTION"
      ],
      "copyrightText": "NOASSERTION"
    },
    {
      "fileName": "./OpenSSH-Win32/ssh.exe",
      "SPDXID": "SPDXRef-File--OpenSSH-Win32-ssh.exe-713B65EA667F17D99E3643DB7045DF4C8A7CF7A9",
      "checksums": [
        {
          "algorithm": "SHA256",
          "checksumValue": "02cc2da088c4d92d8ec1c2685fa23994cd5a0cacfdd6b590bfaa6eefcd2d343e"
        },
        {
          "algorithm": "SHA1",
          "checksumValue": "713b65ea667f17d99e3643db7045df4c8a7cf7a9"
        }
      ],
      "licenseConcluded": "NOASSERTION",
      "licenseInfoInFiles": [
        "NOASSERTION"
      ],
      "copyrightText": "NOASSERTION"
    },
    {
      "fileName": "./OpenSSH-Win32/sftp-server.exe",
      "SPDXID": "SPDXRef-File--OpenSSH-Win32-sftp-server.exe-483CBCDDB8B2271EB8C3D0AB4E9CCA8B676EB62C",
      "checksums": [
        {
          "algorithm": "SHA256",
          "checksumValue": "c1f7ce3c2c36b465a58d7837716ed2433c02d77ee15464302db1341a94af433c"
        },
        {
          "algorithm": "SHA1",
          "checksumValue": "483cbcddb8b2271eb8c3d0ab4e9cca8b676eb62c"
        }
      ],
      "licenseConcluded": "NOASSERTION",
      "licenseInfoInFiles": [
        "NOASSERTION"
      ],
      "copyrightText": "NOASSERTION"
    },
    {
      "fileName": "./OpenSSH-Win32/sshd-session.exe",
      "SPDXID": "SPDXRef-File--OpenSSH-Win32-sshd-session.exe-4E5A6ED04A2A7E8D40371BC5EDB5B3101E2EA0BC",
      "checksums": [
        {
          "algorithm": "SHA256",
          "checksumValue": "744462e09360d721f14ec382e022ab649fce3f9d3270881cbc18c0a1ee46a846"
        },
        {
          "algorithm": "SHA1",
          "checksumValue": "4e5a6ed04a2a7e8d40371bc5edb5b3101e2ea0bc"
        }
      ],
      "licenseConcluded": "NOASSERTION",
      "licenseInfoInFiles": [
        "NOASSERTION"
      ],
      "copyrightText": "NOASSERTION"
    },
    {
      "fileName": "./OpenSSH-Win32/ssh-sk-helper.exe",
      "SPDXID": "SPDXRef-File--OpenSSH-Win32-ssh-sk-helper.exe-D4011ADEB316472E960ABEC7AD6237127C96B2E3",
      "checksums": [
        {
          "algorithm": "SHA256",
          "checksumValue": "9163c2216a30f96e0194f78b8f95854e3511fa322a3c005250b6e318f5fa5874"
        },
        {
          "algorithm": "SHA1",
          "checksumValue": "d4011adeb316472e960abec7ad6237127c96b2e3"
        }
      ],
      "licenseConcluded": "NOASSERTION",
      "licenseInfoInFiles": [
        "NOASSERTION"
      ],
      "copyrightText": "NOASSERTION"
    },
    {
      "fileName": "./OpenSSH-MSI-Win32/openssh.msi",
      "SPDXID": "SPDXRef-File--OpenSSH-MSI-Win32-openssh.msi-27EC52B2226BA59BB00A29C53ADE08ACC7492329",
      "checksums": [
        {
          "algorithm": "SHA256",
          "checksumValue": "2b92552423d26b33dbfcef03c60cbd4017b390f967d9c1ecdc53e01856f602c1"
        },
        {
          "algorithm": "SHA1",
          "checksumValue": "27ec52b2226ba59bb00a29c53ade08acc7492329"
        }
      ],
      "licenseConcluded": "NOASSERTION",
      "licenseInfoInFiles": [
        "NOASSERTION"
      ],
      "copyrightText": "NOASSERTION"
    },
    {
      "fileName": "./OpenSSH-Win32/openssh-events.man",
      "SPDXID": "SPDXRef-File--OpenSSH-Win32-openssh-events.man-39F0E1C5FDF3F456EEAF9F1A5696A7CA64617F86",
      "checksums": [
        {
          "algorithm": "SHA256",
          "checksumValue": "c36019e53e3045cba2639bf35ed1e2498e3563b272533e53301165c31ab60199"
        },
        {
          "algorithm": "SHA1",
          "checksumValue": "39f0e1c5fdf3f456eeaf9f1a5696a7ca64617f86"
        }
      ],
      "licenseConcluded": "NOASSERTION",
      "licenseInfoInFiles": [
        "NOASSERTION"
      ],
      "copyrightText": "NOASSERTION"
    },
    {
      "fileName": "./OpenSSH-Win32/ssh-keygen.exe",
      "SPDXID": "SPDXRef-File--OpenSSH-Win32-ssh-keygen.exe-98AA180F335432DDD70FA93FDD951825906FA598",
      "checksums": [
        {
          "algorithm": "SHA256",
          "checksumValue": "8f8a6489b67212bf71e2d91d12f70c71464587c4050e769f13e8f3acb7a9afe2"
        },
        {
          "algorithm": "SHA1",
          "checksumValue": "98aa180f335432ddd70fa93fdd951825906fa598"
        }
      ],
      "licenseConcluded": "NOASSERTION",
      "licenseInfoInFiles": [
        "NOASSERTION"
      ],
      "copyrightText": "NOASSERTION"
    },
    {
      "fileName": "./OpenSSH-Win32/sshd_config_default",
      "SPDXID": "SPDXRef-File--OpenSSH-Win32-sshd-config-default-7F6AC27C5927EF4127C392D53DDD5DB763B65A1E",
      "checksums": [
        {
          "algorithm": "SHA256",
          "checksumValue": "796f518d1f4bb03d775da710c259b518eb770d123133dbd6429ca7e14d3c224b"
        },
        {
          "algorithm": "SHA1",
          "checksumValue": "7f6ac27c5927ef4127c392d53ddd5db763b65a1e"
        }
      ],
      "licenseConcluded": "NOASSERTION",
      "licenseInfoInFiles": [
        "NOASSERTION"
      ],
      "copyrightText": "NOASSERTION"
    },
    {
      "fileName": "./OpenSSH-Win32_Symbols/ssh-agent.pdb",
      "SPDXID": "SPDXRef-File--OpenSSH-Win32-Symbols-ssh-agent.pdb-1853C2743D52317FEE0106F5E56662EEEF71100F",
      "checksums": [
        {
          "algorithm": "SHA256",
          "checksumValue": "45ee3e802bbe9daff3d7894546282e17204b03a8086a2d3c7eedd7b2ec0da71e"
        },
        {
          "algorithm": "SHA1",
          "checksumValue": "1853c2743d52317fee0106f5e56662eeef71100f"
        }
      ],
      "licenseConcluded": "NOASSERTION",
      "licenseInfoInFiles": [
        "NOASSERTION"
      ],
      "copyrightText": "NOASSERTION"
    },
    {
      "fileName": "./OpenSSH-Win32_Symbols/sftp.pdb",
      "SPDXID": "SPDXRef-File--OpenSSH-Win32-Symbols-sftp.pdb-7AEDE8217ED5D5C8B1E1E14302E9846413A544E2",
      "checksums": [
        {
          "algorithm": "SHA256",
          "checksumValue": "3fe5eb40b4dd687bf9a49efc44c1a9aa7e37f54a3d3894c001deea9a7c916714"
        },
        {
          "algorithm": "SHA1",
          "checksumValue": "7aede8217ed5d5c8b1e1e14302e9846413a544e2"
        }
      ],
      "licenseConcluded": "NOASSERTION",
      "licenseInfoInFiles": [
        "NOASSERTION"
      ],
      "copyrightText": "NOASSERTION"
    },
    {
      "fileName": "./OpenSSH-Win32_Symbols/scp.pdb",
      "SPDXID": "SPDXRef-File--OpenSSH-Win32-Symbols-scp.pdb-81ED3F4B1AB6BFA2EDB75E841C6349E5218F1E09",
      "checksums": [
        {
          "algorithm": "SHA256",
          "checksumValue": "bd452e16130a88f3b6972e5d9937af13168ed839da2f1070b685d070768bb442"
        },
        {
          "algorithm": "SHA1",
          "checksumValue": "81ed3f4b1ab6bfa2edb75e841c6349e5218f1e09"
        }
      ],
      "licenseConcluded": "NOASSERTION",
      "licenseInfoInFiles": [
        "NOASSERTION"
      ],
      "copyrightText": "NOASSERTION"
    },
    {
      "fileName": "./OpenSSH-Win32_Symbols/sftp-server.pdb",
      "SPDXID": "SPDXRef-File--OpenSSH-Win32-Symbols-sftp-server.pdb-04D94EEB64ACE9B5AE60868DD77661798A71AECC",
      "checksums": [
        {
          "algorithm": "SHA256",
          "checksumValue": "510ade7aa5ef8b17f9ccc49a1cd851b564a64db567600e0b164ede0db4f08a2f"
        },
        {
          "algorithm": "SHA1",
          "checksumValue": "04d94eeb64ace9b5ae60868dd77661798a71aecc"
        }
      ],
      "licenseConcluded": "NOASSERTION",
      "licenseInfoInFiles": [
        "NOASSERTION"
      ],
      "copyrightText": "NOASSERTION"
    },
    {
      "fileName": "./OpenSSH-Win32_Symbols/ssh-shellhost.pdb",
      "SPDXID": "SPDXRef-File--OpenSSH-Win32-Symbols-ssh-shellhost.pdb-AEFE6B06853D4D2232A6172BFBE00B11B1965684",
      "checksums": [
        {
          "algorithm": "SHA256",
          "checksumValue": "1f3360fb95286fc048257b609f16e7e8152334f8440790f4521b027593077203"
        },
        {
          "algorithm": "SHA1",
          "checksumValue": "aefe6b06853d4d2232a6172bfbe00b11b1965684"
        }
      ],
      "licenseConcluded": "NOASSERTION",
      "licenseInfoInFiles": [
        "NOASSERTION"
      ],
      "copyrightText": "NOASSERTION"
    },
    {
      "fileName": "./OpenSSH-Win32_Symbols/ssh-add.pdb",
      "SPDXID": "SPDXRef-File--OpenSSH-Win32-Symbols-ssh-add.pdb-B3E0A7742609A98778D826D5AF22E869C5ECA236",
      "checksums": [
        {
          "algorithm": "SHA256",
          "checksumValue": "eaacccbc4d284ae78c4d0fcb8b5c3e400b6a094ba0a23299958ef302d4d01823"
        },
        {
          "algorithm": "SHA1",
          "checksumValue": "b3e0a7742609a98778d826d5af22e869c5eca236"
        }
      ],
      "licenseConcluded": "NOASSERTION",
      "licenseInfoInFiles": [
        "NOASSERTION"
      ],
      "copyrightText": "NOASSERTION"
    },
    {
      "fileName": "./OpenSSH-Win32_Symbols/ssh-sk-helper.pdb",
      "SPDXID": "SPDXRef-File--OpenSSH-Win32-Symbols-ssh-sk-helper.pdb-F6674BD1710BBE43EBF2DCF1F17FF2815EDAF98C",
      "checksums": [
        {
          "algorithm": "SHA256",
          "checksumValue": "103894362e05c32d6220ae8b1084afd16dd2371f82c5d3b0558db8ceea65456e"
        },
        {
          "algorithm": "SHA1",
          "checksumValue": "f6674bd1710bbe43ebf2dcf1f17ff2815edaf98c"
        }
      ],
      "licenseConcluded": "NOASSERTION",
      "licenseInfoInFiles": [
        "NOASSERTION"
      ],
      "copyrightText": "NOASSERTION"
    },
    {
      "fileName": "./OpenSSH-Win32_Symbols/sshd.pdb",
      "SPDXID": "SPDXRef-File--OpenSSH-Win32-Symbols-sshd.pdb-FBFB079CC52C23D435DE255AAB2F65C14E438656",
      "checksums": [
        {
          "algorithm": "SHA256",
          "checksumValue": "9e1c7ca97ad9a04422e51ce173dce9c56c1183c329b1d4f5474e73448a0518ab"
        },
        {
          "algorithm": "SHA1",
          "checksumValue": "fbfb079cc52c23d435de255aab2f65c14e438656"
        }
      ],
      "licenseConcluded": "NOASSERTION",
      "licenseInfoInFiles": [
        "NOASSERTION"
      ],
      "copyrightText": "NOASSERTION"
    },
    {
      "fileName": "./OpenSSH-Win32_Symbols/ssh.pdb",
      "SPDXID": "SPDXRef-File--OpenSSH-Win32-Symbols-ssh.pdb-35EF2B76C013FB522918E7D92DF0962B2C10FCBA",
      "checksums": [
        {
          "algorithm": "SHA256",
          "checksumValue": "f80e6af62c88f1ca20ea54c794e6e4443619f76a71bcadf61c21e0445f19e2e7"
        },
        {
          "algorithm": "SHA1",
          "checksumValue": "35ef2b76c013fb522918e7d92df0962b2c10fcba"
        }
      ],
      "licenseConcluded": "NOASSERTION",
      "licenseInfoInFiles": [
        "NOASSERTION"
      ],
      "copyrightText": "NOASSERTION"
    },
    {
      "fileName": "./OpenSSH-Win32_Symbols/libcrypto.pdb",
      "SPDXID": "SPDXRef-File--OpenSSH-Win32-Symbols-libcrypto.pdb-BDD41CD5053FA625FAE3C9CB6580F673E724D242",
      "checksums": [
        {
          "algorithm": "SHA256",
          "checksumValue": "4534a01f5cc8d88b36d07b8967ac836aede8680123095522afbaa32cb1bcabed"
        },
        {
          "algorithm": "SHA1",
          "checksumValue": "bdd41cd5053fa625fae3c9cb6580f673e724d242"
        }
      ],
      "licenseConcluded": "NOASSERTION",
      "licenseInfoInFiles": [
        "NOASSERTION"
      ],
      "copyrightText": "NOASSERTION"
    },
    {
      "fileName": "./OpenSSH-Win32_BuildInfo/Unittests-Win32.zip",
      "SPDXID": "SPDXRef-File--OpenSSH-Win32-BuildInfo-Unittests-Win32.zip-EB99331C774BCFA1816EB9FFA2B7FBF8106F6954",
      "checksums": [
        {
          "algorithm": "SHA256",
          "checksumValue": "a50b3cb57e74ef344d18f6e47eaccb1f30bbe100e6c3f521871eb21cbbc03499"
        },
        {
          "algorithm": "SHA1",
          "checksumValue": "eb99331c774bcfa1816eb9ffa2b7fbf8106f6954"
        }
      ],
      "licenseConcluded": "NOASSERTION",
      "licenseInfoInFiles": [
        "NOASSERTION"
      ],
      "copyrightText": "NOASSERTION"
    },
    {
      "fileName": "./OpenSSH-Win32_Symbols/sshd-session.pdb",
      "SPDXID": "SPDXRef-File--OpenSSH-Win32-Symbols-sshd-session.pdb-F7D6FA7B677ABCC0EAC37246BEA68CE14DB6E0FC",
      "checksums": [
        {
          "algorithm": "SHA256",
          "checksumValue": "07f89ecb5f9afef0618015b8fd6ce033242e4a6d0dd1f37092e1a041a1f002f3"
        },
        {
          "algorithm": "SHA1",
          "checksumValue": "f7d6fa7b677abcc0eac37246bea68ce14db6e0fc"
        }
      ],
      "licenseConcluded": "NOASSERTION",
      "licenseInfoInFiles": [
        "NOASSERTION"
      ],
      "copyrightText": "NOASSERTION"
    },
    {
      "fileName": "./OpenSSH-Win32_Symbols/ssh-pkcs11-helper.pdb",
      "SPDXID": "SPDXRef-File--OpenSSH-Win32-Symbols-ssh-pkcs11-helper.pdb-828B89E067C23F67381115DAFD9CE8D75BB46DF1",
      "checksums": [
        {
          "algorithm": "SHA256",
          "checksumValue": "410e48deae80473b1d5c4b476cf8f1b97182a606fcee9c1888903a40d88ba583"
        },
        {
          "algorithm": "SHA1",
          "checksumValue": "828b89e067c23f67381115dafd9ce8d75bb46df1"
        }
      ],
      "licenseConcluded": "NOASSERTION",
      "licenseInfoInFiles": [
        "NOASSERTION"
      ],
      "copyrightText": "NOASSERTION"
    },
    {
      "fileName": "./OpenSSH-Win32_Symbols/ssh-keyscan.pdb",
      "SPDXID": "SPDXRef-File--OpenSSH-Win32-Symbols-ssh-keyscan.pdb-0D5ED3DD44EE1864EFC298B58BB3C4F6242C5790",
      "checksums": [
        {
          "algorithm": "SHA256",
          "checksumValue": "97f2cec6e3bfa0dd239dd520392030d4e7646f0cac627489588c0824057721ae"
        },
        {
          "algorithm": "SHA1",
          "checksumValue": "0d5ed3dd44ee1864efc298b58bb3c4f6242c5790"
        }
      ],
      "licenseConcluded": "NOASSERTION",
      "licenseInfoInFiles": [
        "NOASSERTION"
      ],
      "copyrightText": "NOASSERTION"
    },
    {
      "fileName": "./OpenSSH-Win32_BuildInfo/OpenSSHReleasex86.log",
      "SPDXID": "SPDXRef-File--OpenSSH-Win32-BuildInfo-OpenSSHReleasex86.log-B354A4196D26A74B37ED0B5471DCC6B9F499F588",
      "checksums": [
        {
          "algorithm": "SHA256",
          "checksumValue": "e72476b7085c0fe94dafddf8c949e8a6c3f4e8f894b0161139a85884c415acaf"
        },
        {
          "algorithm": "SHA1",
          "checksumValue": "b354a4196d26a74b37ed0b5471dcc6b9f499f588"
        }
      ],
      "licenseConcluded": "NOASSERTION",
      "licenseInfoInFiles": [
        "NOASSERTION"
      ],
      "copyrightText": "NOASSERTION"
    },
    {
      "fileName": "./OpenSSH-Win32_Symbols/ssh-keygen.pdb",
      "SPDXID": "SPDXRef-File--OpenSSH-Win32-Symbols-ssh-keygen.pdb-D2C786D962C8BA8E849C7307D7152F19BE175DB5",
      "checksums": [
        {
          "algorithm": "SHA256",
          "checksumValue": "c8dd058e7947c515c3c3f155aef5745e94cdeede2b1c4f4a6664469d80f3ce88"
        },
        {
          "algorithm": "SHA1",
          "checksumValue": "d2c786d962c8ba8e849c7307d7152f19be175db5"
        }
      ],
      "licenseConcluded": "NOASSERTION",
      "licenseInfoInFiles": [
        "NOASSERTION"
      ],
      "copyrightText": "NOASSERTION"
    }
  ],
  "packages": [
    {
      "name": "powershell_libfido2",
      "SPDXID": "SPDXRef-Package-50FA054C3CF71B778225C94E02FCA57826614416A915D007D604DF84D814DFA2",
      "downloadLocation": "https://github.com/PowerShell/libfido2/archive/refs/tags/1.15.0.zip",
      "filesAnalyzed": false,
      "licenseConcluded": "NOASSERTION",
      "licenseDeclared": "NOASSERTION",
      "copyrightText": "NOASSERTION",
      "versionInfo": "1.15.0",
      "supplier": "NOASSERTION"
    },
    {
      "name": "WiX",
      "SPDXID": "SPDXRef-Package-0453B7455A0B8778D4DD20EE81622AB2F93F2F060FF21F033C6ECF10EA3EFE9F",
      "downloadLocation": "NOASSERTION",
      "filesAnalyzed": false,
      "licenseConcluded": "NOASSERTION",
      "licenseDeclared": "NOASSERTION",
      "copyrightText": "NOASSERTION",
      "versionInfo": "3.14.1",
      "externalRefs": [
        {
          "referenceCategory": "PACKAGE-MANAGER",
          "referenceType": "purl",
          "referenceLocator": "pkg:nuget/WiX@3.14.1"
        }
      ],
      "supplier": "NOASSERTION"
    },
    {
      "name": "libressl",
      "SPDXID": "SPDXRef-Package-9614F2FF20731E430A1CE5431F21F43F46BDB83CB7CFF36ACA5BA70896E2A5B3",
      "downloadLocation": "https://www.libressl.org/",
      "filesAnalyzed": false,
      "licenseConcluded": "NOASSERTION",
      "licenseDeclared": "NOASSERTION",
      "copyrightText": "NOASSERTION",
      "versionInfo": "4.0.0.0",
      "supplier": "NOASSERTION"
    },
    {
      "name": "libfido2",
      "SPDXID": "SPDXRef-Package-DBE1ADCC77824D44C3798D437C096E9C2F45322F9BFB9D84DF3B676062741CAA",
      "downloadLocation": "https://github.com/Yubico/libfido2",
      "filesAnalyzed": false,
      "licenseConcluded": "NOASSERTION",
      "licenseDeclared": "NOASSERTION",
      "copyrightText": "NOASSERTION",
      "versionInfo": "1.15.0",
      "supplier": "NOASSERTION"
    },
    {
      "name": "powershell_zlib",
      "SPDXID": "SPDXRef-Package-7D958500B3992EFD73E1B44F7EE13941A499D40BC9121889534BA2383A0CBB0D",
      "downloadLocation": "https://github.com/PowerShell/ZLib/releases/tag/V1.3.1.zip",
      "filesAnalyzed": false,
      "licenseConcluded": "NOASSERTION",
      "licenseDeclared": "NOASSERTION",
      "copyrightText": "NOASSERTION",
      "versionInfo": "1.3.1",
      "supplier": "NOASSERTION"
    },
    {
      "name": "powershell_libressl",
      "SPDXID": "SPDXRef-Package-5F010068EE8252D5E475FC87F530282199C049CDFAEE9F55FC2F5CB2AE696F17",
      "downloadLocation": "https://github.com/PowerShell/LibreSSL/releases/tag/V4.0.0.0.zip",
      "filesAnalyzed": false,
      "licenseConcluded": "NOASSERTION",
      "licenseDeclared": "NOASSERTION",
      "copyrightText": "NOASSERTION",
      "versionInfo": "4.0.0.0",
      "supplier": "NOASSERTION"
    },
    {
      "name": "libcbor",
      "SPDXID": "SPDXRef-Package-971DCD74BBB31990D0289EF759070595E5B80F51DA88731700252A67F3064BD6",
      "downloadLocation": "https://github.com/PJK/libcbor",
      "filesAnalyzed": false,
      "licenseConcluded": "NOASSERTION",
      "licenseDeclared": "NOASSERTION",
      "copyrightText": "NOASSERTION",
      "versionInfo": "0.11.0",
      "supplier": "NOASSERTION"
    },
    {
      "name": "powershell_libcbor",
      "SPDXID": "SPDXRef-Package-41513D39CF449D8ADCB8FD146C5BA8697DDD30C2F972014C55C4A6EC6AA7EB76",
      "downloadLocation": "https://github.com/PowerShell/libcbor",
      "filesAnalyzed": false,
      "licenseConcluded": "NOASSERTION",
      "licenseDeclared": "NOASSERTION",
      "copyrightText": "NOASSERTION",
      "versionInfo": "0.11.0",
      "supplier": "NOASSERTION"
    },
    {
      "name": "zlib",
      "SPDXID": "SPDXRef-Package-C48644207E7AC039A85B1C41085F3B31ADE0273DA9D828D7D7C0D1F0CD93B8BA",
      "downloadLocation": "http://zlib.net/",
      "filesAnalyzed": false,
      "licenseConcluded": "NOASSERTION",
      "licenseDeclared": "NOASSERTION",
      "copyrightText": "NOASSERTION",
      "versionInfo": "1.3.1",
      "supplier": "NOASSERTION"
    },
    {
      "name": "OpenSSH",
      "SPDXID": "SPDXRef-RootPackage",
      "downloadLocation": "NOASSERTION",
      "packageVerificationCode": {
        "packageVerificationCodeValue": "944aa08fce2684a601bfd794feb6fc7e176344bd"
      },
      "filesAnalyzed": true,
      "licenseConcluded": "NOASSERTION",
      "licenseInfoFromFiles": [
        "NOASSERTION"
      ],
      "licenseDeclared": "NOASSERTION",
      "copyrightText": "NOASSERTION",
      "versionInfo": "9.8.3.0",
      "externalRefs": [
        {
          "referenceCategory": "PACKAGE-MANAGER",
          "referenceType": "purl",
          "referenceLocator": "pkg:swid/Microsoft/sbom.microsoft/OpenSSH@9.8.3.0?tag_id=0a4ddd2c-b7ea-4089-ae80-b2428e3ba271"
        }
      ],
      "supplier": "Organization: Microsoft",
      "hasFiles": [
        "SPDXRef-File--OpenSSH-Win32-Symbols-ssh-keygen.pdb-D2C786D962C8BA8E849C7307D7152F19BE175DB5",
        "SPDXRef-File--OpenSSH-Win32-BuildInfo-OpenSSHReleasex86.log-B354A4196D26A74B37ED0B5471DCC6B9F499F588",
        "SPDXRef-File--OpenSSH-Win32-Symbols-ssh-keyscan.pdb-0D5ED3DD44EE1864EFC298B58BB3C4F6242C5790",
        "SPDXRef-File--OpenSSH-Win32-Symbols-ssh-pkcs11-helper.pdb-828B89E067C23F67381115DAFD9CE8D75BB46DF1",
        "SPDXRef-File--OpenSSH-Win32-Symbols-sshd-session.pdb-F7D6FA7B677ABCC0EAC37246BEA68CE14DB6E0FC",
        "SPDXRef-File--OpenSSH-Win32-Symbols-ssh.pdb-35EF2B76C013FB522918E7D92DF0962B2C10FCBA",
        "SPDXRef-File--OpenSSH-Win32-BuildInfo-Unittests-Win32.zip-EB99331C774BCFA1816EB9FFA2B7FBF8106F6954",
        "SPDXRef-File--OpenSSH-Win32-Symbols-sshd.pdb-FBFB079CC52C23D435DE255AAB2F65C14E438656",
        "SPDXRef-File--OpenSSH-Win32-Symbols-ssh-sk-helper.pdb-F6674BD1710BBE43EBF2DCF1F17FF2815EDAF98C",
        "SPDXRef-File--OpenSSH-Win32-Symbols-ssh-shellhost.pdb-AEFE6B06853D4D2232A6172BFBE00B11B1965684",
        "SPDXRef-File--OpenSSH-Win32-ssh-keyscan.exe-9E76258364D06B55A00C666FE1FF18720B8E15A0",
        "SPDXRef-File--OpenSSH-Win32-Symbols-libcrypto.pdb-BDD41CD5053FA625FAE3C9CB6580F673E724D242",
        "SPDXRef-File--OpenSSH-Win32-Symbols-ssh-add.pdb-B3E0A7742609A98778D826D5AF22E869C5ECA236",
        "SPDXRef-File--OpenSSH-Win32-Symbols-scp.pdb-81ED3F4B1AB6BFA2EDB75E841C6349E5218F1E09",
        "SPDXRef-File--OpenSSH-Win32-sshd-config-default-7F6AC27C5927EF4127C392D53DDD5DB763B65A1E",
        "SPDXRef-File--OpenSSH-Win32-openssh-events.man-39F0E1C5FDF3F456EEAF9F1A5696A7CA64617F86",
        "SPDXRef-File--OpenSSH-MSI-Win32-openssh.msi-27EC52B2226BA59BB00A29C53ADE08ACC7492329",
        "SPDXRef-File--OpenSSH-Win32-sftp-server.exe-483CBCDDB8B2271EB8C3D0AB4E9CCA8B676EB62C",
        "SPDXRef-File--OpenSSH-Win32-libcrypto.dll-3253D2E62D729EC5E8532BF6ACB3CD940E6C9D83",
        "SPDXRef-File--OpenSSH-Win32-scp.exe-9A8D99EB581B890C0FDE0190C9AC063AF0686795",
        "SPDXRef-File--OpenSSH-Win32-OpenSSHUtils.psm1-0DEB67486F36A1174975FD697EBB7008F9B9569E",
        "SPDXRef-File--OpenSSH-Win32-FixUserFilePermissions.ps1-D81BCB6EF27C8EF34C09571CCB10C26117C411C8",
        "SPDXRef-File--OpenSSH-Win32-Symbols-ssh-agent.pdb-1853C2743D52317FEE0106F5E56662EEEF71100F",
        "SPDXRef-File--OpenSSH-Win32-sshd.exe-BF4ABAD71AE924032D0084847A8A1FD783F222B9",
        "SPDXRef-File--OpenSSH-Win32-uninstall-sshd.ps1-2A3887DCE39893F7D7ACE76369F31B32C4A987F5",
        "SPDXRef-File--OpenSSH-Win32-ssh-shellhost.exe-2B5E7371F0BC2DDD3CDCE4AD8D5D31B16593A623",
        "SPDXRef-File--OpenSSH-Win32-OpenSSHUtils.psd1-506607EF7095044C8A4EB686E0EEBA6C8F87062C",
        "SPDXRef-File--OpenSSH-Win32-FixHostFilePermissions.ps1-F4CA4E19EDD0EC4FE2434D019CF671E4906CDF4D",
        "SPDXRef-File--OpenSSH-Win32-NOTICE.txt-0C6BEDA8BE1A704C0C2615D4A481BACA0E56372D",
        "SPDXRef-File--OpenSSH-Win32-Symbols-sftp-server.pdb-04D94EEB64ACE9B5AE60868DD77661798A71AECC",
        "SPDXRef-File--OpenSSH-Win32-Symbols-sftp.pdb-7AEDE8217ED5D5C8B1E1E14302E9846413A544E2",
        "SPDXRef-File--OpenSSH-Win32-ssh-keygen.exe-98AA180F335432DDD70FA93FDD951825906FA598",
        "SPDXRef-File--OpenSSH-Win32-ssh-sk-helper.exe-D4011ADEB316472E960ABEC7AD6237127C96B2E3",
        "SPDXRef-File--OpenSSH-Win32-sshd-session.exe-4E5A6ED04A2A7E8D40371BC5EDB5B3101E2EA0BC",
        "SPDXRef-File--OpenSSH-Win32-ssh.exe-713B65EA667F17D99E3643DB7045DF4C8A7CF7A9",
        "SPDXRef-File--OpenSSH-Win32-ssh-add.exe-AFA6045F8999565FB5639829CF3A793A6062CE6D",
        "SPDXRef-File--OpenSSH-Win32-ssh-pkcs11-helper.exe-EC0E6DA8728AE08E596B79A1B1CC976B1D5DAEF4",
        "SPDXRef-File--OpenSSH-Win32-ssh-agent.exe-36832E01D5EBB67200503CD78CF5CA00DB250A8C",
        "SPDXRef-File--OpenSSH-Win32-LICENSE.txt-A7739A32F1926D71A9EB22D101287ECEA09A6AC5",
        "SPDXRef-File--OpenSSH-Win32-moduli-D000837A7C67C88BAAA61D643E48A28B2F40B7AF",
        "SPDXRef-File--OpenSSH-Win32-sftp.exe-3950404317928918B74F8E31FD30727F1EAFDB77",
        "SPDXRef-File--OpenSSH-Win32-install-sshd.ps1-8992955E8B1F1F6F5D4AB77FB7B0860DA74C3365"
      ]
    }
  ],
  "externalDocumentRefs": [
    {
      "externalDocumentId": "DocumentRef-ZLib-1.3.1-16232b68c57e9d662108a05698d26f43c0acabea",
      "spdxDocument": "https://sbom.microsoft/1:2QSF7qZlbE-F7QrUJlEo7g:Ifmy0CRpKEe0S33n1Rdb-w/2901:522012/ZLib:1.3.1:0alOYoxgr0aKgbhQo6OyNw",
      "checksum": {
        "algorithm": "SHA1",
        "checksumValue": "16232b68c57e9d662108a05698d26f43c0acabea"
      }
    },
    {
      "externalDocumentId": "DocumentRef-LibreSSL-4.0.0.0-4eaf53d434ebcc53c686f3abfee54baf11effcf0",
      "spdxDocument": "https://sbom.microsoft/1:2QSF7qZlbE-F7QrUJlEo7g:Ifmy0CRpKEe0S33n1Rdb-w/2904:575877/LibreSSL:4.0.0.0:WMH2o0P7HE6tnReYBNrzWQ",
      "checksum": {
        "algorithm": "SHA1",
        "checksumValue": "4eaf53d434ebcc53c686f3abfee54baf11effcf0"
      }
    },
    {
      "externalDocumentId": "DocumentRef-libfido2-1.15.0-b4d71991155efc0e5c2b2f7186ccbec3b7e54cb6",
      "spdxDocument": "https://sbom.microsoft/1:2QSF7qZlbE-F7QrUJlEo7g:Ifmy0CRpKEe0S33n1Rdb-w/2912:530705/libfido2:1.15.0:I44gQlgQAkeFIC0SjN9gPw",
      "checksum": {
        "algorithm": "SHA1",
        "checksumValue": "b4d71991155efc0e5c2b2f7186ccbec3b7e54cb6"
      }
    }
  ],
  "relationships": [
    {
      "relationshipType": "DEPENDS_ON",
      "relatedSpdxElement": "SPDXRef-Package-41513D39CF449D8ADCB8FD146C5BA8697DDD30C2F972014C55C4A6EC6AA7EB76",
      "spdxElementId": "SPDXRef-RootPackage"
    },
    {
      "relationshipType": "DEPENDS_ON",
      "relatedSpdxElement": "SPDXRef-Package-C48644207E7AC039A85B1C41085F3B31ADE0273DA9D828D7D7C0D1F0CD93B8BA",
      "spdxElementId": "SPDXRef-RootPackage"
    },
    {
      "relationshipType": "DEPENDS_ON",
      "relatedSpdxElement": "SPDXRef-Package-5F010068EE8252D5E475FC87F530282199C049CDFAEE9F55FC2F5CB2AE696F17",
      "spdxElementId": "SPDXRef-RootPackage"
    },
    {
      "relationshipType": "DEPENDS_ON",
      "relatedSpdxElement": "SPDXRef-Package-7D958500B3992EFD73E1B44F7EE13941A499D40BC9121889534BA2383A0CBB0D",
      "spdxElementId": "SPDXRef-RootPackage"
    },
    {
      "relationshipType": "DEPENDS_ON",
      "relatedSpdxElement": "SPDXRef-Package-DBE1ADCC77824D44C3798D437C096E9C2F45322F9BFB9D84DF3B676062741CAA",
      "spdxElementId": "SPDXRef-RootPackage"
    },
    {
      "relationshipType": "DEPENDS_ON",
      "relatedSpdxElement": "SPDXRef-Package-971DCD74BBB31990D0289EF759070595E5B80F51DA88731700252A67F3064BD6",
      "spdxElementId": "SPDXRef-RootPackage"
    },
    {
      "relationshipType": "DEPENDS_ON",
      "relatedSpdxElement": "SPDXRef-Package-0453B7455A0B8778D4DD20EE81622AB2F93F2F060FF21F033C6ECF10EA3EFE9F",
      "spdxElementId": "SPDXRef-RootPackage"
    },
    {
      "relationshipType": "DEPENDS_ON",
      "relatedSpdxElement": "SPDXRef-Package-50FA054C3CF71B778225C94E02FCA57826614416A915D007D604DF84D814DFA2",
      "spdxElementId": "SPDXRef-RootPackage"
    },
    {
      "relationshipType": "DEPENDS_ON",
      "relatedSpdxElement": "SPDXRef-Package-9614F2FF20731E430A1CE5431F21F43F46BDB83CB7CFF36ACA5BA70896E2A5B3",
      "spdxElementId": "SPDXRef-RootPackage"
    },
    {
      "relationshipType": "PREREQUISITE_FOR",
      "relatedSpdxElement": "DocumentRef-LibreSSL-4.0.0.0-4eaf53d434ebcc53c686f3abfee54baf11effcf0:SPDXRef-RootPackage",
      "spdxElementId": "SPDXRef-RootPackage"
    },
    {
      "relationshipType": "PREREQUISITE_FOR",
      "relatedSpdxElement": "DocumentRef-ZLib-1.3.1-16232b68c57e9d662108a05698d26f43c0acabea:SPDXRef-RootPackage",
      "spdxElementId": "SPDXRef-RootPackage"
    },
    {
      "relationshipType": "PREREQUISITE_FOR",
      "relatedSpdxElement": "DocumentRef-libfido2-1.15.0-b4d71991155efc0e5c2b2f7186ccbec3b7e54cb6:SPDXRef-RootPackage",
      "spdxElementId": "SPDXRef-RootPackage"
    },
    {
      "relationshipType": "DESCRIBES",
      "relatedSpdxElement": "SPDXRef-RootPackage",
      "spdxElementId": "SPDXRef-DOCUMENT"
    },
    {
      "relationshipType": "DESCRIBED_BY",
      "relatedSpdxElement": "SPDXRef-DOCUMENT",
      "spdxElementId": "SPDXRef-File--..-..-s-OSS-Microsoft-OpenSSH-Dev-contrib-win32-openssh-LibreSSL--manifest-spdx-2.2-manifest.spdx.json-4EAF53D434EBCC53C686F3ABFEE54BAF11EFFCF0"
    },
    {
      "relationshipType": "DESCRIBED_BY",
      "relatedSpdxElement": "SPDXRef-DOCUMENT",
      "spdxElementId": "SPDXRef-File--..-..-s-OSS-Microsoft-OpenSSH-Dev-contrib-win32-openssh-libfido2--manifest-spdx-2.2-manifest.spdx.json-B4D71991155EFC0E5C2B2F7186CCBEC3B7E54CB6"
    },
    {
      "relationshipType": "DESCRIBED_BY",
      "relatedSpdxElement": "SPDXRef-DOCUMENT",
      "spdxElementId": "SPDXRef-File--..-..-s-OSS-Microsoft-OpenSSH-Dev-contrib-win32-openssh-ZLib--manifest-spdx-2.2-manifest.spdx.json-16232B68C57E9D662108A05698D26F43C0ACABEA"
    }
  ],
  "spdxVersion": "SPDX-2.2",
  "dataLicense": "CC0-1.0",
  "SPDXID": "SPDXRef-DOCUMENT",
  "name": "OpenSSH 9.8.3.0",
  "documentNamespace": "https://sbom.microsoft/1:2QSF7qZlbE-F7QrUJlEo7g:Ifmy0CRpKEe0S33n1Rdb-w/2896:582846/OpenSSH:9.8.3.0:pXimUsKAOUueqzxZ4RsvvQ",
  "creationInfo": {
    "created": "2025-04-17T20:54:56Z",
    "creators": [
      "Organization: Microsoft",
      "Tool: Microsoft.SBOMTool-3.1.0"
    ]
  },
  "documentDescribes": [
    "SPDXRef-RootPackage"
  ]
}