{
  "files": [
    {
      "fileName": "./../../s/OSS_Microsoft_OpenSSH_Dev/contrib/win32/openssh/LibreSSL/_manifest/spdx_2.2/manifest.spdx.json",
      "SPDXID": "SPDXRef-File--..-..-s-OSS-Microsoft-OpenSSH-Dev-contrib-win32-openssh-LibreSSL--manifest-spdx-2.2-manifest.spdx.json-4EAF53D434EBCC53C686F3ABFEE54BAF11EFFCF0",
      "checksums": [
        {
          "algorithm": "SHA256",
          "checksumValue": "e989196aec2f04c79c9af6730b0a81bb7a6be40e6b7d923502cc0ac131bcb17f"
        },
        {
          "algorithm": "SHA1",
          "checksumValue": "4eaf53d434ebcc53c686f3abfee54baf11effcf0"
        }
      ],
      "licenseConcluded": "NOASSERTION",
      "licenseInfoInFiles": [
        "NOASSERTION"
      ],
      "copyrightText": "NOASSERTION",
      "fileTypes": [
        "SPDX"
      ]
    },
    {
      "fileName": "./../../s/OSS_Microsoft_OpenSSH_Dev/contrib/win32/openssh/libfido2/_manifest/spdx_2.2/manifest.spdx.json",
      "SPDXID": "SPDXRef-File--..-..-s-OSS-Microsoft-OpenSSH-Dev-contrib-win32-openssh-libfido2--manifest-spdx-2.2-manifest.spdx.json-B4D71991155EFC0E5C2B2F7186CCBEC3B7E54CB6",
      "checksums": [
        {
          "algorithm": "SHA256",
          "checksumValue": "88b03732d10ef8588678ebe6e837ffe201d21d2c5034e30c1203602d36484cc4"
        },
        {
          "algorithm": "SHA1",
          "checksumValue": "b4d71991155efc0e5c2b2f7186ccbec3b7e54cb6"
        }
      ],
      "licenseConcluded": "NOASSERTION",
      "licenseInfoInFiles": [
        "NOASSERTION"
      ],
      "copyrightText": "NOASSERTION",
      "fileTypes": [
        "SPDX"
      ]
    },
    {
      "fileName": "./../../s/OSS_Microsoft_OpenSSH_Dev/contrib/win32/openssh/ZLib/_manifest/spdx_2.2/manifest.spdx.json",
      "SPDXID": "SPDXRef-File--..-..-s-OSS-Microsoft-OpenSSH-Dev-contrib-win32-openssh-ZLib--manifest-spdx-2.2-manifest.spdx.json-16232B68C57E9D662108A05698D26F43C0ACABEA",
      "checksums": [
        {
          "algorithm": "SHA256",
          "checksumValue": "8faed6bc326795cd62f6c260495d25ffc563dd6c85b94acaa83dc6306f3bee56"
        },
        {
          "algorithm": "SHA1",
          "checksumValue": "16232b68c57e9d662108a05698d26f43c0acabea"
        }
      ],
      "licenseConcluded": "NOASSERTION",
      "licenseInfoInFiles": [
        "NOASSERTION"
      ],
      "copyrightText": "NOASSERTION",
      "fileTypes": [
        "SPDX"
      ]
    },
    {
      "fileName": "./OpenSSH-ARM/LICENSE.txt",
      "SPDXID": "SPDXRef-File--OpenSSH-ARM-LICENSE.txt-A7739A32F1926D71A9EB22D101287ECEA09A6AC5",
      "checksums": [
        {
          "algorithm": "SHA256",
          "checksumValue": "e6a25da96c2fccdc025caad56d99f87851ec3fe814a3cea83f2bc77ffc800681"
        },
        {
          "algorithm": "SHA1",
          "checksumValue": "a7739a32f1926d71a9eb22d101287ecea09a6ac5"
        }
      ],
      "licenseConcluded": "NOASSERTION",
      "licenseInfoInFiles": [
        "NOASSERTION"
      ],
      "copyrightText": "NOASSERTION"
    },
    {
      "fileName": "./OpenSSH-ARM/install-sshd.ps1",
      "SPDXID": "SPDXRef-File--OpenSSH-ARM-install-sshd.ps1-065616A58B26CC411B90EEEBC84CC9AEB2F87B8E",
      "checksums": [
        {
          "algorithm": "SHA256",
          "checksumValue": "e460a4ea9c75f21ff3c6658f190b3be381d819a5a42f7996bd37475404035364"
        },
        {
          "algorithm": "SHA1",
          "checksumValue": "065616a58b26cc411b90eeebc84cc9aeb2f87b8e"
        }
      ],
      "licenseConcluded": "NOASSERTION",
      "licenseInfoInFiles": [
        "NOASSERTION"
      ],
      "copyrightText": "NOASSERTION"
    },
    {
      "fileName": "./OpenSSH-ARM/openssh-events.man",
      "SPDXID": "SPDXRef-File--OpenSSH-ARM-openssh-events.man-39F0E1C5FDF3F456EEAF9F1A5696A7CA64617F86",
      "checksums": [
        {
          "algorithm": "SHA256",
          "checksumValue": "c36019e53e3045cba2639bf35ed1e2498e3563b272533e53301165c31ab60199"
        },
        {
          "algorithm": "SHA1",
          "checksumValue": "39f0e1c5fdf3f456eeaf9f1a5696a7ca64617f86"
        }
      ],
      "licenseConcluded": "NOASSERTION",
      "licenseInfoInFiles": [
        "NOASSERTION"
      ],
      "copyrightText": "NOASSERTION"
    },
    {
      "fileName": "./OpenSSH-ARM/FixUserFilePermissions.ps1",
      "SPDXID": "SPDXRef-File--OpenSSH-ARM-FixUserFilePermissions.ps1-50D39BEDB6C62351DF4F3FF235B2A4CA61D24C16",
      "checksums": [
        {
          "algorithm": "SHA256",
          "checksumValue": "5d5032edae8b53cdb69559de3c54273c1efe04349b8b326256ab506b62789045"
        },
        {
          "algorithm": "SHA1",
          "checksumValue": "50d39bedb6c62351df4f3ff235b2a4ca61d24c16"
        }
      ],
      "licenseConcluded": "NOASSERTION",
      "licenseInfoInFiles": [
        "NOASSERTION"
      ],
      "copyrightText": "NOASSERTION"
    },
    {
      "fileName": "./OpenSSH-ARM/FixHostFilePermissions.ps1",
      "SPDXID": "SPDXRef-File--OpenSSH-ARM-FixHostFilePermissions.ps1-439BFE7D13167A9FFF5E1DD61F741A99BC9A0087",
      "checksums": [
        {
          "algorithm": "SHA256",
          "checksumValue": "4c76bc9359b00cbbaeb82ba2728354d31f0e6c479715b195bfdcb1dc74e21620"
        },
        {
          "algorithm": "SHA1",
          "checksumValue": "439bfe7d13167a9fff5e1dd61f741a99bc9a0087"
        }
      ],
      "licenseConcluded": "NOASSERTION",
      "licenseInfoInFiles": [
        "NOASSERTION"
      ],
      "copyrightText": "NOASSERTION"
    },
    {
      "fileName": "./OpenSSH-ARM/NOTICE.txt",
      "SPDXID": "SPDXRef-File--OpenSSH-ARM-NOTICE.txt-0C6BEDA8BE1A704C0C2615D4A481BACA0E56372D",
      "checksums": [
        {
          "algorithm": "SHA256",
          "checksumValue": "2cd5f5d0064bc909dfe0f0fc8f4787882c7c379f2730d89e5faa0c2bc57c620b"
        },
        {
          "algorithm": "SHA1",
          "checksumValue": "0c6beda8be1a704c0c2615d4a481baca0e56372d"
        }
      ],
      "licenseConcluded": "NOASSERTION",
      "licenseInfoInFiles": [
        "NOASSERTION"
      ],
      "copyrightText": "NOASSERTION"
    },
    {
      "fileName": "./OpenSSH-ARM/OpenSSHUtils.psm1",
      "SPDXID": "SPDXRef-File--OpenSSH-ARM-OpenSSHUtils.psm1-528DD7DAED51CEDF038988448CA350351EA08D8C",
      "checksums": [
        {
          "algorithm": "SHA256",
          "checksumValue": "4c074b22d6c19453c8ee41ecbe530da5add9fdb4414dafc1c2da8e7a39fbd1f8"
        },
        {
          "algorithm": "SHA1",
          "checksumValue": "528dd7daed51cedf038988448ca350351ea08d8c"
        }
      ],
      "licenseConcluded": "NOASSERTION",
      "licenseInfoInFiles": [
        "NOASSERTION"
      ],
      "copyrightText": "NOASSERTION"
    },
    {
      "fileName": "./OpenSSH-ARM/OpenSSHUtils.psd1",
      "SPDXID": "SPDXRef-File--OpenSSH-ARM-OpenSSHUtils.psd1-14D5F852784A4409776C6258185AB87C6EE61933",
      "checksums": [
        {
          "algorithm": "SHA256",
          "checksumValue": "659b5ab7a3eec6bb17951da81f000a48b27fb197c29ff566d5e2a37dab531737"
        },
        {
          "algorithm": "SHA1",
          "checksumValue": "14d5f852784a4409776c6258185ab87c6ee61933"
        }
      ],
      "licenseConcluded": "NOASSERTION",
      "licenseInfoInFiles": [
        "NOASSERTION"
      ],
      "copyrightText": "NOASSERTION"
    },
    {
      "fileName": "./OpenSSH-ARM/sftp.exe",
      "SPDXID": "SPDXRef-File--OpenSSH-ARM-sftp.exe-B5EA8AC6271B5AEB15CD6CD6A163C0A444F29A57",
      "checksums": [
        {
          "algorithm": "SHA256",
          "checksumValue": "7abc7f32a636b7aada11211b236031771a2b50ac16773a92cefc100f480b5707"
        },
        {
          "algorithm": "SHA1",
          "checksumValue": "b5ea8ac6271b5aeb15cd6cd6a163c0a444f29a57"
        }
      ],
      "licenseConcluded": "NOASSERTION",
      "licenseInfoInFiles": [
        "NOASSERTION"
      ],
      "copyrightText": "NOASSERTION"
    },
    {
      "fileName": "./OpenSSH-ARM/scp.exe",
      "SPDXID": "SPDXRef-File--OpenSSH-ARM-scp.exe-F59824947475EB24BE5C955BEA1DB9B0F6734E88",
      "checksums": [
        {
          "algorithm": "SHA256",
          "checksumValue": "da793c93ad2d3f0941eafa300af44ce9c334f1b6798e482490e3700203e280c7"
        },
        {
          "algorithm": "SHA1",
          "checksumValue": "f59824947475eb24be5c955bea1db9b0f6734e88"
        }
      ],
      "licenseConcluded": "NOASSERTION",
      "licenseInfoInFiles": [
        "NOASSERTION"
      ],
      "copyrightText": "NOASSERTION"
    },
    {
      "fileName": "./OpenSSH-ARM/moduli",
      "SPDXID": "SPDXRef-File--OpenSSH-ARM-moduli-D000837A7C67C88BAAA61D643E48A28B2F40B7AF",
      "checksums": [
        {
          "algorithm": "SHA256",
          "checksumValue": "bd6b9d63cd668af7ba13ae367f40a9efa30986aba0e4d91a03e212992351daeb"
        },
        {
          "algorithm": "SHA1",
          "checksumValue": "d000837a7c67c88baaa61d643e48a28b2f40b7af"
        }
      ],
      "licenseConcluded": "NOASSERTION",
      "licenseInfoInFiles": [
        "NOASSERTION"
      ],
      "copyrightText": "NOASSERTION"
    },
    {
      "fileName": "./OpenSSH-ARM/ssh-pkcs11-helper.exe",
      "SPDXID": "SPDXRef-File--OpenSSH-ARM-ssh-pkcs11-helper.exe-EB0652C2DD9FEC1882DD125B94EF3FA5FBA247E5",
      "checksums": [
        {
          "algorithm": "SHA256",
          "checksumValue": "3d88ddcc8ec58f6e67781e9aae89413dd72c7d54d1545ac8ea3288613c48545b"
        },
        {
          "algorithm": "SHA1",
          "checksumValue": "eb0652c2dd9fec1882dd125b94ef3fa5fba247e5"
        }
      ],
      "licenseConcluded": "NOASSERTION",
      "licenseInfoInFiles": [
        "NOASSERTION"
      ],
      "copyrightText": "NOASSERTION"
    },
    {
      "fileName": "./OpenSSH-ARM/ssh-agent.exe",
      "SPDXID": "SPDXRef-File--OpenSSH-ARM-ssh-agent.exe-9685E659177BED58E59AE4018ADA944C41AE3E00",
      "checksums": [
        {
          "algorithm": "SHA256",
          "checksumValue": "4e1d963b85ff3d72eb206c90e38a58f4bc3c5484cc87c3b53ed1e234aceab3da"
        },
        {
          "algorithm": "SHA1",
          "checksumValue": "9685e659177bed58e59ae4018ada944c41ae3e00"
        }
      ],
      "licenseConcluded": "NOASSERTION",
      "licenseInfoInFiles": [
        "NOASSERTION"
      ],
      "copyrightText": "NOASSERTION"
    },
    {
      "fileName": "./OpenSSH-ARM/ssh-shellhost.exe",
      "SPDXID": "SPDXRef-File--OpenSSH-ARM-ssh-shellhost.exe-2A5B0E61B80CC1C1E30E129FDF172F1DA5F35516",
      "checksums": [
        {
          "algorithm": "SHA256",
          "checksumValue": "7f1989ab4ea100c74a2fe4196b70c27efeea4f1bf9d65d7fbc5c6571557213bd"
        },
        {
          "algorithm": "SHA1",
          "checksumValue": "2a5b0e61b80cc1c1e30e129fdf172f1da5f35516"
        }
      ],
      "licenseConcluded": "NOASSERTION",
      "licenseInfoInFiles": [
        "NOASSERTION"
      ],
      "copyrightText": "NOASSERTION"
    },
    {
      "fileName": "./OpenSSH-ARM/ssh-keyscan.exe",
      "SPDXID": "SPDXRef-File--OpenSSH-ARM-ssh-keyscan.exe-18E58FB66B2B1C62DDD5F00C764791311A4D3C91",
      "checksums": [
        {
          "algorithm": "SHA256",
          "checksumValue": "4581ec503dd45fba992dc5cb6f568f96eaca57e469dd39230d5e19aed4d2df3d"
        },
        {
          "algorithm": "SHA1",
          "checksumValue": "18e58fb66b2b1c62ddd5f00c764791311a4d3c91"
        }
      ],
      "licenseConcluded": "NOASSERTION",
      "licenseInfoInFiles": [
        "NOASSERTION"
      ],
      "copyrightText": "NOASSERTION"
    },
    {
      "fileName": "./OpenSSH-ARM/uninstall-sshd.ps1",
      "SPDXID": "SPDXRef-File--OpenSSH-ARM-uninstall-sshd.ps1-B82428D99D97883BCEE4F64BFCBBF2581E3E22B4",
      "checksums": [
        {
          "algorithm": "SHA256",
          "checksumValue": "b77e0000e9e48edb00f19f5d1f20bae02a0d547f58ae17e87baf961bedaf2088"
        },
        {
          "algorithm": "SHA1",
          "checksumValue": "b82428d99d97883bcee4f64bfcbbf2581e3e22b4"
        }
      ],
      "licenseConcluded": "NOASSERTION",
      "licenseInfoInFiles": [
        "NOASSERTION"
      ],
      "copyrightText": "NOASSERTION"
    },
    {
      "fileName": "./OpenSSH-ARM/ssh-keygen.exe",
      "SPDXID": "SPDXRef-File--OpenSSH-ARM-ssh-keygen.exe-C5DBD0E42CF8DC272BD0721D457938A52132094E",
      "checksums": [
        {
          "algorithm": "SHA256",
          "checksumValue": "900e797e8f07197a0e75bac1886490d27c8a7bc6309c8c16dd1f567357235278"
        },
        {
          "algorithm": "SHA1",
          "checksumValue": "c5dbd0e42cf8dc272bd0721d457938a52132094e"
        }
      ],
      "licenseConcluded": "NOASSERTION",
      "licenseInfoInFiles": [
        "NOASSERTION"
      ],
      "copyrightText": "NOASSERTION"
    },
    {
      "fileName": "./OpenSSH-ARM/sshd_config_default",
      "SPDXID": "SPDXRef-File--OpenSSH-ARM-sshd-config-default-7F6AC27C5927EF4127C392D53DDD5DB763B65A1E",
      "checksums": [
        {
          "algorithm": "SHA256",
          "checksumValue": "796f518d1f4bb03d775da710c259b518eb770d123133dbd6429ca7e14d3c224b"
        },
        {
          "algorithm": "SHA1",
          "checksumValue": "7f6ac27c5927ef4127c392d53ddd5db763b65a1e"
        }
      ],
      "licenseConcluded": "NOASSERTION",
      "licenseInfoInFiles": [
        "NOASSERTION"
      ],
      "copyrightText": "NOASSERTION"
    },
    {
      "fileName": "./OpenSSH-ARM/ssh-add.exe",
      "SPDXID": "SPDXRef-File--OpenSSH-ARM-ssh-add.exe-F10B34CBD007742554614965E5A7BDF7AAEA7C60",
      "checksums": [
        {
          "algorithm": "SHA256",
          "checksumValue": "8356a6f9c97ab1f5629644d7039576de15f96e3848bec91383ac1ab505c434d7"
        },
        {
          "algorithm": "SHA1",
          "checksumValue": "f10b34cbd007742554614965e5a7bdf7aaea7c60"
        }
      ],
      "licenseConcluded": "NOASSERTION",
      "licenseInfoInFiles": [
        "NOASSERTION"
      ],
      "copyrightText": "NOASSERTION"
    },
    {
      "fileName": "./OpenSSH-ARM/sshd.exe",
      "SPDXID": "SPDXRef-File--OpenSSH-ARM-sshd.exe-0553AB2FC9EAE4659F83E9FBB1C21EAC655BCC58",
      "checksums": [
        {
          "algorithm": "SHA256",
          "checksumValue": "b1eb5d3b5d1f6063df307ffe45fff498c83fcc56fedbce6312a7a4dd9e24350f"
        },
        {
          "algorithm": "SHA1",
          "checksumValue": "0553ab2fc9eae4659f83e9fbb1c21eac655bcc58"
        }
      ],
      "licenseConcluded": "NOASSERTION",
      "licenseInfoInFiles": [
        "NOASSERTION"
      ],
      "copyrightText": "NOASSERTION"
    },
    {
      "fileName": "./OpenSSH-ARM/libcrypto.dll",
      "SPDXID": "SPDXRef-File--OpenSSH-ARM-libcrypto.dll-5B767B86833E15230E5E2A2824A88F2DC04BF324",
      "checksums": [
        {
          "algorithm": "SHA256",
          "checksumValue": "6db3226872cd443955acd104c194bc4dee3be75f872ba518265cf9603956e361"
        },
        {
          "algorithm": "SHA1",
          "checksumValue": "5b767b86833e15230e5e2a2824a88f2dc04bf324"
        }
      ],
      "licenseConcluded": "NOASSERTION",
      "licenseInfoInFiles": [
        "NOASSERTION"
      ],
      "copyrightText": "NOASSERTION"
    },
    {
      "fileName": "./OpenSSH-ARM/ssh.exe",
      "SPDXID": "SPDXRef-File--OpenSSH-ARM-ssh.exe-B2BF8BB6D1D31EB31EAF0E463171D6AC0DF04AFA",
      "checksums": [
        {
          "algorithm": "SHA256",
          "checksumValue": "31d02491a9e1175afccc4c0d27e8851d07af122ae11345345aebd66582c95755"
        },
        {
          "algorithm": "SHA1",
          "checksumValue": "b2bf8bb6d1d31eb31eaf0e463171d6ac0df04afa"
        }
      ],
      "licenseConcluded": "NOASSERTION",
      "licenseInfoInFiles": [
        "NOASSERTION"
      ],
      "copyrightText": "NOASSERTION"
    },
    {
      "fileName": "./OpenSSH-ARM/sftp-server.exe",
      "SPDXID": "SPDXRef-File--OpenSSH-ARM-sftp-server.exe-05C643465864EBD1A59663992AFEFB6E458EB8DC",
      "checksums": [
        {
          "algorithm": "SHA256",
          "checksumValue": "90acb20abf895de2028ab094e765030aeddec85b4354513c78559032ed247b2c"
        },
        {
          "algorithm": "SHA1",
          "checksumValue": "05c643465864ebd1a59663992afefb6e458eb8dc"
        }
      ],
      "licenseConcluded": "NOASSERTION",
      "licenseInfoInFiles": [
        "NOASSERTION"
      ],
      "copyrightText": "NOASSERTION"
    },
    {
      "fileName": "./OpenSSH-ARM/sshd-session.exe",
      "SPDXID": "SPDXRef-File--OpenSSH-ARM-sshd-session.exe-2230942E7926DD32F4B90CF19F65604ADA0108F3",
      "checksums": [
        {
          "algorithm": "SHA256",
          "checksumValue": "4e4cb085ca485cde85160873bbfcac8ce41c568e0afc2483745e61ff10494088"
        },
        {
          "algorithm": "SHA1",
          "checksumValue": "2230942e7926dd32f4b90cf19f65604ada0108f3"
        }
      ],
      "licenseConcluded": "NOASSERTION",
      "licenseInfoInFiles": [
        "NOASSERTION"
      ],
      "copyrightText": "NOASSERTION"
    },
    {
      "fileName": "./OpenSSH-ARM/ssh-sk-helper.exe",
      "SPDXID": "SPDXRef-File--OpenSSH-ARM-ssh-sk-helper.exe-39E01B0D49732E6A85A0B91EBAC8E37B492DE52D",
      "checksums": [
        {
          "algorithm": "SHA256",
          "checksumValue": "062113a5f0783313356b93e27dcfa44f2563f2a81b2d473575c0506ec0de7543"
        },
        {
          "algorithm": "SHA1",
          "checksumValue": "39e01b0d49732e6a85a0b91ebac8e37b492de52d"
        }
      ],
      "licenseConcluded": "NOASSERTION",
      "licenseInfoInFiles": [
        "NOASSERTION"
      ],
      "copyrightText": "NOASSERTION"
    },
    {
      "fileName": "./OpenSSH-ARM_Symbols/ssh-add.pdb",
      "SPDXID": "SPDXRef-File--OpenSSH-ARM-Symbols-ssh-add.pdb-F404754CE544B2BDAA572A75F931C7EA3BA47D8E",
      "checksums": [
        {
          "algorithm": "SHA256",
          "checksumValue": "a589ed1f2c1a76461ca9827fe99490eb33e2574a58b31478077deac34a8b4855"
        },
        {
          "algorithm": "SHA1",
          "checksumValue": "f404754ce544b2bdaa572a75f931c7ea3ba47d8e"
        }
      ],
      "licenseConcluded": "NOASSERTION",
      "licenseInfoInFiles": [
        "NOASSERTION"
      ],
      "copyrightText": "NOASSERTION"
    },
    {
      "fileName": "./OpenSSH-ARM_Symbols/sftp-server.pdb",
      "SPDXID": "SPDXRef-File--OpenSSH-ARM-Symbols-sftp-server.pdb-9C7A942B90450F9B4B226206AEA3A139D03EB394",
      "checksums": [
        {
          "algorithm": "SHA256",
          "checksumValue": "4440c685664c2d8ecf0cadb1c74ed79b42f4053565eff38b4d5cd4360a9bc4d8"
        },
        {
          "algorithm": "SHA1",
          "checksumValue": "9c7a942b90450f9b4b226206aea3a139d03eb394"
        }
      ],
      "licenseConcluded": "NOASSERTION",
      "licenseInfoInFiles": [
        "NOASSERTION"
      ],
      "copyrightText": "NOASSERTION"
    },
    {
      "fileName": "./OpenSSH-ARM_Symbols/ssh-agent.pdb",
      "SPDXID": "SPDXRef-File--OpenSSH-ARM-Symbols-ssh-agent.pdb-4ED0BB781A09B285E9372D5A88489C93FA2317D7",
      "checksums": [
        {
          "algorithm": "SHA256",
          "checksumValue": "e79f1b6cde7e5523f8a1fdd4cf6f8d580b10a2ae7ef55f9e2df4912304985aa9"
        },
        {
          "algorithm": "SHA1",
          "checksumValue": "4ed0bb781a09b285e9372d5a88489c93fa2317d7"
        }
      ],
      "licenseConcluded": "NOASSERTION",
      "licenseInfoInFiles": [
        "NOASSERTION"
      ],
      "copyrightText": "NOASSERTION"
    },
    {
      "fileName": "./OpenSSH-ARM_Symbols/scp.pdb",
      "SPDXID": "SPDXRef-File--OpenSSH-ARM-Symbols-scp.pdb-B3C7F79C181E0D5E8B064C13ABEFA8FC125CE39A",
      "checksums": [
        {
          "algorithm": "SHA256",
          "checksumValue": "05626209d986282ee50e47297a85a6961c3eaae01f45631ed657edf64d9db31e"
        },
        {
          "algorithm": "SHA1",
          "checksumValue": "b3c7f79c181e0d5e8b064c13abefa8fc125ce39a"
        }
      ],
      "licenseConcluded": "NOASSERTION",
      "licenseInfoInFiles": [
        "NOASSERTION"
      ],
      "copyrightText": "NOASSERTION"
    },
    {
      "fileName": "./OpenSSH-ARM_Symbols/sftp.pdb",
      "SPDXID": "SPDXRef-File--OpenSSH-ARM-Symbols-sftp.pdb-FB2E4CBD27F71040814B0CCD5718AC9F9A1E7074",
      "checksums": [
        {
          "algorithm": "SHA256",
          "checksumValue": "cd995092473f615b7e72b35a42d26e91e39fcc849ead475281a4583029b4b8a4"
        },
        {
          "algorithm": "SHA1",
          "checksumValue": "fb2e4cbd27f71040814b0ccd5718ac9f9a1e7074"
        }
      ],
      "licenseConcluded": "NOASSERTION",
      "licenseInfoInFiles": [
        "NOASSERTION"
      ],
      "copyrightText": "NOASSERTION"
    },
    {
      "fileName": "./OpenSSH-ARM_Symbols/ssh-sk-helper.pdb",
      "SPDXID": "SPDXRef-File--OpenSSH-ARM-Symbols-ssh-sk-helper.pdb-75DA21B761E3E804DE47B6B5C642234C1C0C5128",
      "checksums": [
        {
          "algorithm": "SHA256",
          "checksumValue": "9b2d5eacbf62bdb57b111525dabc2eb9605d0611d437dfbce68a43fd53a53db0"
        },
        {
          "algorithm": "SHA1",
          "checksumValue": "75da21b761e3e804de47b6b5c642234c1c0c5128"
        }
      ],
      "licenseConcluded": "NOASSERTION",
      "licenseInfoInFiles": [
        "NOASSERTION"
      ],
      "copyrightText": "NOASSERTION"
    },
    {
      "fileName": "./OpenSSH-ARM_Symbols/ssh-shellhost.pdb",
      "SPDXID": "SPDXRef-File--OpenSSH-ARM-Symbols-ssh-shellhost.pdb-E3737ECEBED03BA2D8D9B5D2BB0AE6C7E9B6D9D7",
      "checksums": [
        {
          "algorithm": "SHA256",
          "checksumValue": "a06cfda6188769c1eb56b54bc7f57647ad6e9bf55754d27ccfba4722ca75c33f"
        },
        {
          "algorithm": "SHA1",
          "checksumValue": "e3737ecebed03ba2d8d9b5d2bb0ae6c7e9b6d9d7"
        }
      ],
      "licenseConcluded": "NOASSERTION",
      "licenseInfoInFiles": [
        "NOASSERTION"
      ],
      "copyrightText": "NOASSERTION"
    },
    {
      "fileName": "./OpenSSH-ARM_BuildInfo/Unittests-ARM.zip",
      "SPDXID": "SPDXRef-File--OpenSSH-ARM-BuildInfo-Unittests-ARM.zip-35888894D7FF0ABD84E24244F5A2DA7BCD04E322",
      "checksums": [
        {
          "algorithm": "SHA256",
          "checksumValue": "1d25cd8fe5025a4f6d210f152448fb6f438b7fba3438dcdf78a465c0af108234"
        },
        {
          "algorithm": "SHA1",
          "checksumValue": "35888894d7ff0abd84e24244f5a2da7bcd04e322"
        }
      ],
      "licenseConcluded": "NOASSERTION",
      "licenseInfoInFiles": [
        "NOASSERTION"
      ],
      "copyrightText": "NOASSERTION"
    },
    {
      "fileName": "./OpenSSH-ARM_Symbols/sshd-session.pdb",
      "SPDXID": "SPDXRef-File--OpenSSH-ARM-Symbols-sshd-session.pdb-1553D7F82E280A928EAE3DBC1AD5AA8210CA4EB9",
      "checksums": [
        {
          "algorithm": "SHA256",
          "checksumValue": "b46d1e75079026b8d7d56675926407752d9a61979c467cb30a1139ab953e987c"
        },
        {
          "algorithm": "SHA1",
          "checksumValue": "1553d7f82e280a928eae3dbc1ad5aa8210ca4eb9"
        }
      ],
      "licenseConcluded": "NOASSERTION",
      "licenseInfoInFiles": [
        "NOASSERTION"
      ],
      "copyrightText": "NOASSERTION"
    },
    {
      "fileName": "./OpenSSH-ARM_Symbols/libcrypto.pdb",
      "SPDXID": "SPDXRef-File--OpenSSH-ARM-Symbols-libcrypto.pdb-32F34C8D8DAD6E7D7C57D47CE3CB7CE707D1D75C",
      "checksums": [
        {
          "algorithm": "SHA256",
          "checksumValue": "60fd5811e488371068d135d63edc19e874d27a803994595b1521ca3d30d38453"
        },
        {
          "algorithm": "SHA1",
          "checksumValue": "32f34c8d8dad6e7d7c57d47ce3cb7ce707d1d75c"
        }
      ],
      "licenseConcluded": "NOASSERTION",
      "licenseInfoInFiles": [
        "NOASSERTION"
      ],
      "copyrightText": "NOASSERTION"
    },
    {
      "fileName": "./OpenSSH-ARM_Symbols/sshd.pdb",
      "SPDXID": "SPDXRef-File--OpenSSH-ARM-Symbols-sshd.pdb-340D86519BA1864804EFBEE0FBFFA61BB27066F5",
      "checksums": [
        {
          "algorithm": "SHA256",
          "checksumValue": "dc0c978c7f1f451f132cf40c57ec55931dc7325af163786c7f35636fc309f3e6"
        },
        {
          "algorithm": "SHA1",
          "checksumValue": "340d86519ba1864804efbee0fbffa61bb27066f5"
        }
      ],
      "licenseConcluded": "NOASSERTION",
      "licenseInfoInFiles": [
        "NOASSERTION"
      ],
      "copyrightText": "NOASSERTION"
    },
    {
      "fileName": "./OpenSSH-ARM_Symbols/ssh.pdb",
      "SPDXID": "SPDXRef-File--OpenSSH-ARM-Symbols-ssh.pdb-382FB8E2FEFBA147AE1A2EB4A09A7C10D630BFB6",
      "checksums": [
        {
          "algorithm": "SHA256",
          "checksumValue": "942095eee1c6737385edc95b4eb17b3c45fb129b4656cdbcd8416017e95ccfa1"
        },
        {
          "algorithm": "SHA1",
          "checksumValue": "382fb8e2fefba147ae1a2eb4a09a7c10d630bfb6"
        }
      ],
      "licenseConcluded": "NOASSERTION",
      "licenseInfoInFiles": [
        "NOASSERTION"
      ],
      "copyrightText": "NOASSERTION"
    },
    {
      "fileName": "./OpenSSH-ARM_Symbols/ssh-keyscan.pdb",
      "SPDXID": "SPDXRef-File--OpenSSH-ARM-Symbols-ssh-keyscan.pdb-198D193580A447C9ED0F0426E17D20211F802EFD",
      "checksums": [
        {
          "algorithm": "SHA256",
          "checksumValue": "77294ee2c991f06ef46829a5d118e0ee8166fccaefdf5488dbb2594510360557"
        },
        {
          "algorithm": "SHA1",
          "checksumValue": "198d193580a447c9ed0f0426e17d20211f802efd"
        }
      ],
      "licenseConcluded": "NOASSERTION",
      "licenseInfoInFiles": [
        "NOASSERTION"
      ],
      "copyrightText": "NOASSERTION"
    },
    {
      "fileName": "./OpenSSH-ARM_Symbols/ssh-pkcs11-helper.pdb",
      "SPDXID": "SPDXRef-File--OpenSSH-ARM-Symbols-ssh-pkcs11-helper.pdb-D7CA3E9621D87B19CA84703C23C44B0018B51DB6",
      "checksums": [
        {
          "algorithm": "SHA256",
          "checksumValue": "031df243e56fc7c6d0966e72e4f48e380da7887504ee39ea6e18bbb909aead95"
        },
        {
          "algorithm": "SHA1",
          "checksumValue": "d7ca3e9621d87b19ca84703c23c44b0018b51db6"
        }
      ],
      "licenseConcluded": "NOASSERTION",
      "licenseInfoInFiles": [
        "NOASSERTION"
      ],
      "copyrightText": "NOASSERTION"
    },
    {
      "fileName": "./OpenSSH-ARM_BuildInfo/OpenSSHReleaseARM.log",
      "SPDXID": "SPDXRef-File--OpenSSH-ARM-BuildInfo-OpenSSHReleaseARM.log-B6AA144E9D799F0E9A750897DE68656055851C0F",
      "checksums": [
        {
          "algorithm": "SHA256",
          "checksumValue": "09da6af29f3238adf794f76b2821f6dc4040ec75b38b960a0e98751b03333f8a"
        },
        {
          "algorithm": "SHA1",
          "checksumValue": "b6aa144e9d799f0e9a750897de68656055851c0f"
        }
      ],
      "licenseConcluded": "NOASSERTION",
      "licenseInfoInFiles": [
        "NOASSERTION"
      ],
      "copyrightText": "NOASSERTION"
    },
    {
      "fileName": "./OpenSSH-ARM_Symbols/ssh-keygen.pdb",
      "SPDXID": "SPDXRef-File--OpenSSH-ARM-Symbols-ssh-keygen.pdb-60E246C50E2DBC5452830EE0B8DCD16683F8FE8F",
      "checksums": [
        {
          "algorithm": "SHA256",
          "checksumValue": "b9700c205f2aa898afceebfc55d1f42cd3227d9090bd5b1ba95af62dce6d530f"
        },
        {
          "algorithm": "SHA1",
          "checksumValue": "60e246c50e2dbc5452830ee0b8dcd16683f8fe8f"
        }
      ],
      "licenseConcluded": "NOASSERTION",
      "licenseInfoInFiles": [
        "NOASSERTION"
      ],
      "copyrightText": "NOASSERTION"
    }
  ],
  "packages": [
    {
      "name": "WiX",
      "SPDXID": "SPDXRef-Package-0453B7455A0B8778D4DD20EE81622AB2F93F2F060FF21F033C6ECF10EA3EFE9F",
      "downloadLocation": "NOASSERTION",
      "filesAnalyzed": false,
      "licenseConcluded": "NOASSERTION",
      "licenseDeclared": "NOASSERTION",
      "copyrightText": "NOASSERTION",
      "versionInfo": "3.14.1",
      "externalRefs": [
        {
          "referenceCategory": "PACKAGE-MANAGER",
          "referenceType": "purl",
          "referenceLocator": "pkg:nuget/WiX@3.14.1"
        }
      ],
      "supplier": "NOASSERTION"
    },
    {
      "name": "libfido2",
      "SPDXID": "SPDXRef-Package-DBE1ADCC77824D44C3798D437C096E9C2F45322F9BFB9D84DF3B676062741CAA",
      "downloadLocation": "https://github.com/Yubico/libfido2",
      "filesAnalyzed": false,
      "licenseConcluded": "NOASSERTION",
      "licenseDeclared": "NOASSERTION",
      "copyrightText": "NOASSERTION",
      "versionInfo": "1.15.0",
      "supplier": "NOASSERTION"
    },
    {
      "name": "powershell_libcbor",
      "SPDXID": "SPDXRef-Package-41513D39CF449D8ADCB8FD146C5BA8697DDD30C2F972014C55C4A6EC6AA7EB76",
      "downloadLocation": "https://github.com/PowerShell/libcbor",
      "filesAnalyzed": false,
      "licenseConcluded": "NOASSERTION",
      "licenseDeclared": "NOASSERTION",
      "copyrightText": "NOASSERTION",
      "versionInfo": "0.11.0",
      "supplier": "NOASSERTION"
    },
    {
      "name": "zlib",
      "SPDXID": "SPDXRef-Package-C48644207E7AC039A85B1C41085F3B31ADE0273DA9D828D7D7C0D1F0CD93B8BA",
      "downloadLocation": "http://zlib.net/",
      "filesAnalyzed": false,
      "licenseConcluded": "NOASSERTION",
      "licenseDeclared": "NOASSERTION",
      "copyrightText": "NOASSERTION",
      "versionInfo": "1.3.1",
      "supplier": "NOASSERTION"
    },
    {
      "name": "libressl",
      "SPDXID": "SPDXRef-Package-9614F2FF20731E430A1CE5431F21F43F46BDB83CB7CFF36ACA5BA70896E2A5B3",
      "downloadLocation": "https://www.libressl.org/",
      "filesAnalyzed": false,
      "licenseConcluded": "NOASSERTION",
      "licenseDeclared": "NOASSERTION",
      "copyrightText": "NOASSERTION",
      "versionInfo": "4.0.0.0",
      "supplier": "NOASSERTION"
    },
    {
      "name": "powershell_libressl",
      "SPDXID": "SPDXRef-Package-5F010068EE8252D5E475FC87F530282199C049CDFAEE9F55FC2F5CB2AE696F17",
      "downloadLocation": "https://github.com/PowerShell/LibreSSL/releases/tag/V4.0.0.0.zip",
      "filesAnalyzed": false,
      "licenseConcluded": "NOASSERTION",
      "licenseDeclared": "NOASSERTION",
      "copyrightText": "NOASSERTION",
      "versionInfo": "4.0.0.0",
      "supplier": "NOASSERTION"
    },
    {
      "name": "powershell_libfido2",
      "SPDXID": "SPDXRef-Package-50FA054C3CF71B778225C94E02FCA57826614416A915D007D604DF84D814DFA2",
      "downloadLocation": "https://github.com/PowerShell/libfido2/archive/refs/tags/1.15.0.zip",
      "filesAnalyzed": false,
      "licenseConcluded": "NOASSERTION",
      "licenseDeclared": "NOASSERTION",
      "copyrightText": "NOASSERTION",
      "versionInfo": "1.15.0",
      "supplier": "NOASSERTION"
    },
    {
      "name": "libcbor",
      "SPDXID": "SPDXRef-Package-971DCD74BBB31990D0289EF759070595E5B80F51DA88731700252A67F3064BD6",
      "downloadLocation": "https://github.com/PJK/libcbor",
      "filesAnalyzed": false,
      "licenseConcluded": "NOASSERTION",
      "licenseDeclared": "NOASSERTION",
      "copyrightText": "NOASSERTION",
      "versionInfo": "0.11.0",
      "supplier": "NOASSERTION"
    },
    {
      "name": "powershell_zlib",
      "SPDXID": "SPDXRef-Package-7D958500B3992EFD73E1B44F7EE13941A499D40BC9121889534BA2383A0CBB0D",
      "downloadLocation": "https://github.com/PowerShell/ZLib/releases/tag/V1.3.1.zip",
      "filesAnalyzed": false,
      "licenseConcluded": "NOASSERTION",
      "licenseDeclared": "NOASSERTION",
      "copyrightText": "NOASSERTION",
      "versionInfo": "1.3.1",
      "supplier": "NOASSERTION"
    },
    {
      "name": "OpenSSH",
      "SPDXID": "SPDXRef-RootPackage",
      "downloadLocation": "NOASSERTION",
      "packageVerificationCode": {
        "packageVerificationCodeValue": "4f4192f8ba45a1b769e964ebfe353f8668907a6c"
      },
      "filesAnalyzed": true,
      "licenseConcluded": "NOASSERTION",
      "licenseInfoFromFiles": [
        "NOASSERTION"
      ],
      "licenseDeclared": "NOASSERTION",
      "copyrightText": "NOASSERTION",
      "versionInfo": "9.8.2.0",
      "externalRefs": [
        {
          "referenceCategory": "PACKAGE-MANAGER",
          "referenceType": "purl",
          "referenceLocator": "pkg:swid/Microsoft/sbom.microsoft/OpenSSH@9.8.2.0?tag_id=b971830c-9d4e-44de-829e-4f8d08df1c46"
        }
      ],
      "supplier": "Organization: Microsoft",
      "hasFiles": [
        "SPDXRef-File--OpenSSH-ARM-Symbols-ssh-keygen.pdb-60E246C50E2DBC5452830EE0B8DCD16683F8FE8F",
        "SPDXRef-File--OpenSSH-ARM-Symbols-ssh-pkcs11-helper.pdb-D7CA3E9621D87B19CA84703C23C44B0018B51DB6",
        "SPDXRef-File--OpenSSH-ARM-BuildInfo-OpenSSHReleaseARM.log-B6AA144E9D799F0E9A750897DE68656055851C0F",
        "SPDXRef-File--OpenSSH-ARM-Symbols-ssh-keyscan.pdb-198D193580A447C9ED0F0426E17D20211F802EFD",
        "SPDXRef-File--OpenSSH-ARM-Symbols-ssh.pdb-382FB8E2FEFBA147AE1A2EB4A09A7C10D630BFB6",
        "SPDXRef-File--OpenSSH-ARM-Symbols-sshd.pdb-340D86519BA1864804EFBEE0FBFFA61BB27066F5",
        "SPDXRef-File--OpenSSH-ARM-Symbols-libcrypto.pdb-32F34C8D8DAD6E7D7C57D47CE3CB7CE707D1D75C",
        "SPDXRef-File--OpenSSH-ARM-Symbols-sshd-session.pdb-1553D7F82E280A928EAE3DBC1AD5AA8210CA4EB9",
        "SPDXRef-File--OpenSSH-ARM-BuildInfo-Unittests-ARM.zip-35888894D7FF0ABD84E24244F5A2DA7BCD04E322",
        "SPDXRef-File--OpenSSH-ARM-Symbols-ssh-shellhost.pdb-E3737ECEBED03BA2D8D9B5D2BB0AE6C7E9B6D9D7",
        "SPDXRef-File--OpenSSH-ARM-Symbols-ssh-sk-helper.pdb-75DA21B761E3E804DE47B6B5C642234C1C0C5128",
        "SPDXRef-File--OpenSSH-ARM-Symbols-scp.pdb-B3C7F79C181E0D5E8B064C13ABEFA8FC125CE39A",
        "SPDXRef-File--OpenSSH-ARM-Symbols-ssh-add.pdb-F404754CE544B2BDAA572A75F931C7EA3BA47D8E",
        "SPDXRef-File--OpenSSH-ARM-sshd-config-default-7F6AC27C5927EF4127C392D53DDD5DB763B65A1E",
        "SPDXRef-File--OpenSSH-ARM-ssh-keygen.exe-C5DBD0E42CF8DC272BD0721D457938A52132094E",
        "SPDXRef-File--OpenSSH-ARM-ssh-pkcs11-helper.exe-EB0652C2DD9FEC1882DD125B94EF3FA5FBA247E5",
        "SPDXRef-File--OpenSSH-ARM-Symbols-sftp-server.pdb-9C7A942B90450F9B4B226206AEA3A139D03EB394",
        "SPDXRef-File--OpenSSH-ARM-sshd-session.exe-2230942E7926DD32F4B90CF19F65604ADA0108F3",
        "SPDXRef-File--OpenSSH-ARM-ssh.exe-B2BF8BB6D1D31EB31EAF0E463171D6AC0DF04AFA",
        "SPDXRef-File--OpenSSH-ARM-ssh-agent.exe-9685E659177BED58E59AE4018ADA944C41AE3E00",
        "SPDXRef-File--OpenSSH-ARM-sftp.exe-B5EA8AC6271B5AEB15CD6CD6A163C0A444F29A57",
        "SPDXRef-File--OpenSSH-ARM-Symbols-sftp.pdb-FB2E4CBD27F71040814B0CCD5718AC9F9A1E7074",
        "SPDXRef-File--OpenSSH-ARM-Symbols-ssh-agent.pdb-4ED0BB781A09B285E9372D5A88489C93FA2317D7",
        "SPDXRef-File--OpenSSH-ARM-ssh-sk-helper.exe-39E01B0D49732E6A85A0B91EBAC8E37B492DE52D",
        "SPDXRef-File--OpenSSH-ARM-sftp-server.exe-05C643465864EBD1A59663992AFEFB6E458EB8DC",
        "SPDXRef-File--OpenSSH-ARM-libcrypto.dll-5B767B86833E15230E5E2A2824A88F2DC04BF324",
        "SPDXRef-File--OpenSSH-ARM-sshd.exe-0553AB2FC9EAE4659F83E9FBB1C21EAC655BCC58",
        "SPDXRef-File--OpenSSH-ARM-uninstall-sshd.ps1-B82428D99D97883BCEE4F64BFCBBF2581E3E22B4",
        "SPDXRef-File--OpenSSH-ARM-moduli-D000837A7C67C88BAAA61D643E48A28B2F40B7AF",
        "SPDXRef-File--OpenSSH-ARM-scp.exe-F59824947475EB24BE5C955BEA1DB9B0F6734E88",
        "SPDXRef-File--OpenSSH-ARM-OpenSSHUtils.psd1-14D5F852784A4409776C6258185AB87C6EE61933",
        "SPDXRef-File--OpenSSH-ARM-FixHostFilePermissions.ps1-439BFE7D13167A9FFF5E1DD61F741A99BC9A0087",
        "SPDXRef-File--OpenSSH-ARM-NOTICE.txt-0C6BEDA8BE1A704C0C2615D4A481BACA0E56372D",
        "SPDXRef-File--OpenSSH-ARM-OpenSSHUtils.psm1-528DD7DAED51CEDF038988448CA350351EA08D8C",
        "SPDXRef-File--OpenSSH-ARM-FixUserFilePermissions.ps1-50D39BEDB6C62351DF4F3FF235B2A4CA61D24C16",
        "SPDXRef-File--OpenSSH-ARM-ssh-add.exe-F10B34CBD007742554614965E5A7BDF7AAEA7C60",
        "SPDXRef-File--OpenSSH-ARM-ssh-keyscan.exe-18E58FB66B2B1C62DDD5F00C764791311A4D3C91",
        "SPDXRef-File--OpenSSH-ARM-ssh-shellhost.exe-2A5B0E61B80CC1C1E30E129FDF172F1DA5F35516",
        "SPDXRef-File--OpenSSH-ARM-openssh-events.man-39F0E1C5FDF3F456EEAF9F1A5696A7CA64617F86",
        "SPDXRef-File--OpenSSH-ARM-install-sshd.ps1-065616A58B26CC411B90EEEBC84CC9AEB2F87B8E",
        "SPDXRef-File--OpenSSH-ARM-LICENSE.txt-A7739A32F1926D71A9EB22D101287ECEA09A6AC5"
      ]
    }
  ],
  "externalDocumentRefs": [
    {
      "externalDocumentId": "DocumentRef-LibreSSL-4.0.0.0-4eaf53d434ebcc53c686f3abfee54baf11effcf0",
      "spdxDocument": "https://sbom.microsoft/1:2QSF7qZlbE-F7QrUJlEo7g:Ifmy0CRpKEe0S33n1Rdb-w/2904:575877/LibreSSL:4.0.0.0:WMH2o0P7HE6tnReYBNrzWQ",
      "checksum": {
        "algorithm": "SHA1",
        "checksumValue": "4eaf53d434ebcc53c686f3abfee54baf11effcf0"
      }
    },
    {
      "externalDocumentId": "DocumentRef-libfido2-1.15.0-b4d71991155efc0e5c2b2f7186ccbec3b7e54cb6",
      "spdxDocument": "https://sbom.microsoft/1:2QSF7qZlbE-F7QrUJlEo7g:Ifmy0CRpKEe0S33n1Rdb-w/2912:530705/libfido2:1.15.0:I44gQlgQAkeFIC0SjN9gPw",
      "checksum": {
        "algorithm": "SHA1",
        "checksumValue": "b4d71991155efc0e5c2b2f7186ccbec3b7e54cb6"
      }
    },
    {
      "externalDocumentId": "DocumentRef-ZLib-1.3.1-16232b68c57e9d662108a05698d26f43c0acabea",
      "spdxDocument": "https://sbom.microsoft/1:2QSF7qZlbE-F7QrUJlEo7g:Ifmy0CRpKEe0S33n1Rdb-w/2901:522012/ZLib:1.3.1:0alOYoxgr0aKgbhQo6OyNw",
      "checksum": {
        "algorithm": "SHA1",
        "checksumValue": "16232b68c57e9d662108a05698d26f43c0acabea"
      }
    }
  ],
  "relationships": [
    {
      "relationshipType": "DESCRIBED_BY",
      "relatedSpdxElement": "SPDXRef-DOCUMENT",
      "spdxElementId": "SPDXRef-File--..-..-s-OSS-Microsoft-OpenSSH-Dev-contrib-win32-openssh-LibreSSL--manifest-spdx-2.2-manifest.spdx.json-4EAF53D434EBCC53C686F3ABFEE54BAF11EFFCF0"
    },
    {
      "relationshipType": "DESCRIBED_BY",
      "relatedSpdxElement": "SPDXRef-DOCUMENT",
      "spdxElementId": "SPDXRef-File--..-..-s-OSS-Microsoft-OpenSSH-Dev-contrib-win32-openssh-libfido2--manifest-spdx-2.2-manifest.spdx.json-B4D71991155EFC0E5C2B2F7186CCBEC3B7E54CB6"
    },
    {
      "relationshipType": "DESCRIBED_BY",
      "relatedSpdxElement": "SPDXRef-DOCUMENT",
      "spdxElementId": "SPDXRef-File--..-..-s-OSS-Microsoft-OpenSSH-Dev-contrib-win32-openssh-ZLib--manifest-spdx-2.2-manifest.spdx.json-16232B68C57E9D662108A05698D26F43C0ACABEA"
    },
    {
      "relationshipType": "DESCRIBES",
      "relatedSpdxElement": "SPDXRef-RootPackage",
      "spdxElementId": "SPDXRef-DOCUMENT"
    },
    {
      "relationshipType": "PREREQUISITE_FOR",
      "relatedSpdxElement": "DocumentRef-libfido2-1.15.0-b4d71991155efc0e5c2b2f7186ccbec3b7e54cb6:SPDXRef-RootPackage",
      "spdxElementId": "SPDXRef-RootPackage"
    },
    {
      "relationshipType": "PREREQUISITE_FOR",
      "relatedSpdxElement": "DocumentRef-LibreSSL-4.0.0.0-4eaf53d434ebcc53c686f3abfee54baf11effcf0:SPDXRef-RootPackage",
      "spdxElementId": "SPDXRef-RootPackage"
    },
    {
      "relationshipType": "PREREQUISITE_FOR",
      "relatedSpdxElement": "DocumentRef-ZLib-1.3.1-16232b68c57e9d662108a05698d26f43c0acabea:SPDXRef-RootPackage",
      "spdxElementId": "SPDXRef-RootPackage"
    },
    {
      "relationshipType": "DEPENDS_ON",
      "relatedSpdxElement": "SPDXRef-Package-7D958500B3992EFD73E1B44F7EE13941A499D40BC9121889534BA2383A0CBB0D",
      "spdxElementId": "SPDXRef-RootPackage"
    },
    {
      "relationshipType": "DEPENDS_ON",
      "relatedSpdxElement": "SPDXRef-Package-50FA054C3CF71B778225C94E02FCA57826614416A915D007D604DF84D814DFA2",
      "spdxElementId": "SPDXRef-RootPackage"
    },
    {
      "relationshipType": "DEPENDS_ON",
      "relatedSpdxElement": "SPDXRef-Package-5F010068EE8252D5E475FC87F530282199C049CDFAEE9F55FC2F5CB2AE696F17",
      "spdxElementId": "SPDXRef-RootPackage"
    },
    {
      "relationshipType": "DEPENDS_ON",
      "relatedSpdxElement": "SPDXRef-Package-9614F2FF20731E430A1CE5431F21F43F46BDB83CB7CFF36ACA5BA70896E2A5B3",
      "spdxElementId": "SPDXRef-RootPackage"
    },
    {
      "relationshipType": "DEPENDS_ON",
      "relatedSpdxElement": "SPDXRef-Package-41513D39CF449D8ADCB8FD146C5BA8697DDD30C2F972014C55C4A6EC6AA7EB76",
      "spdxElementId": "SPDXRef-RootPackage"
    },
    {
      "relationshipType": "DEPENDS_ON",
      "relatedSpdxElement": "SPDXRef-Package-DBE1ADCC77824D44C3798D437C096E9C2F45322F9BFB9D84DF3B676062741CAA",
      "spdxElementId": "SPDXRef-RootPackage"
    },
    {
      "relationshipType": "DEPENDS_ON",
      "relatedSpdxElement": "SPDXRef-Package-971DCD74BBB31990D0289EF759070595E5B80F51DA88731700252A67F3064BD6",
      "spdxElementId": "SPDXRef-RootPackage"
    },
    {
      "relationshipType": "DEPENDS_ON",
      "relatedSpdxElement": "SPDXRef-Package-0453B7455A0B8778D4DD20EE81622AB2F93F2F060FF21F033C6ECF10EA3EFE9F",
      "spdxElementId": "SPDXRef-RootPackage"
    },
    {
      "relationshipType": "DEPENDS_ON",
      "relatedSpdxElement": "SPDXRef-Package-C48644207E7AC039A85B1C41085F3B31ADE0273DA9D828D7D7C0D1F0CD93B8BA",
      "spdxElementId": "SPDXRef-RootPackage"
    }
  ],
  "spdxVersion": "SPDX-2.2",
  "dataLicense": "CC0-1.0",
  "SPDXID": "SPDXRef-DOCUMENT",
  "name": "OpenSSH 9.8.2.0",
  "documentNamespace": "https://sbom.microsoft/1:2QSF7qZlbE-F7QrUJlEo7g:Ifmy0CRpKEe0S33n1Rdb-w/2896:579085/OpenSSH:9.8.2.0:EiM70p2m10iSrPTbSYyzKQ",
  "creationInfo": {
    "created": "2025-04-04T17:26:37Z",
    "creators": [
      "Organization: Microsoft",
      "Tool: Microsoft.SBOMTool-3.1.0"
    ]
  },
  "documentDescribes": [
    "SPDXRef-RootPackage"
  ]
}