{
  "files": [
    {
      "fileName": "./../../s/OSS_Microsoft_OpenSSH_Dev/contrib/win32/openssh/libfido2/_manifest/spdx_2.2/manifest.spdx.json",
      "SPDXID": "SPDXRef-File--..-..-s-OSS-Microsoft-OpenSSH-Dev-contrib-win32-openssh-libfido2--manifest-spdx-2.2-manifest.spdx.json-B4D71991155EFC0E5C2B2F7186CCBEC3B7E54CB6",
      "checksums": [
        {
          "algorithm": "SHA256",
          "checksumValue": "88b03732d10ef8588678ebe6e837ffe201d21d2c5034e30c1203602d36484cc4"
        },
        {
          "algorithm": "SHA1",
          "checksumValue": "b4d71991155efc0e5c2b2f7186ccbec3b7e54cb6"
        }
      ],
      "licenseConcluded": "NOASSERTION",
      "licenseInfoInFiles": [
        "NOASSERTION"
      ],
      "copyrightText": "NOASSERTION",
      "fileTypes": [
        "SPDX"
      ]
    },
    {
      "fileName": "./../../s/OSS_Microsoft_OpenSSH_Dev/contrib/win32/openssh/ZLib/_manifest/spdx_2.2/manifest.spdx.json",
      "SPDXID": "SPDXRef-File--..-..-s-OSS-Microsoft-OpenSSH-Dev-contrib-win32-openssh-ZLib--manifest-spdx-2.2-manifest.spdx.json-16232B68C57E9D662108A05698D26F43C0ACABEA",
      "checksums": [
        {
          "algorithm": "SHA256",
          "checksumValue": "8faed6bc326795cd62f6c260495d25ffc563dd6c85b94acaa83dc6306f3bee56"
        },
        {
          "algorithm": "SHA1",
          "checksumValue": "16232b68c57e9d662108a05698d26f43c0acabea"
        }
      ],
      "licenseConcluded": "NOASSERTION",
      "licenseInfoInFiles": [
        "NOASSERTION"
      ],
      "copyrightText": "NOASSERTION",
      "fileTypes": [
        "SPDX"
      ]
    },
    {
      "fileName": "./../../s/OSS_Microsoft_OpenSSH_Dev/contrib/win32/openssh/LibreSSL/_manifest/spdx_2.2/manifest.spdx.json",
      "SPDXID": "SPDXRef-File--..-..-s-OSS-Microsoft-OpenSSH-Dev-contrib-win32-openssh-LibreSSL--manifest-spdx-2.2-manifest.spdx.json-4EAF53D434EBCC53C686F3ABFEE54BAF11EFFCF0",
      "checksums": [
        {
          "algorithm": "SHA256",
          "checksumValue": "e989196aec2f04c79c9af6730b0a81bb7a6be40e6b7d923502cc0ac131bcb17f"
        },
        {
          "algorithm": "SHA1",
          "checksumValue": "4eaf53d434ebcc53c686f3abfee54baf11effcf0"
        }
      ],
      "licenseConcluded": "NOASSERTION",
      "licenseInfoInFiles": [
        "NOASSERTION"
      ],
      "copyrightText": "NOASSERTION",
      "fileTypes": [
        "SPDX"
      ]
    },
    {
      "fileName": "./OpenSSH-ARM/openssh-events.man",
      "SPDXID": "SPDXRef-File--OpenSSH-ARM-openssh-events.man-39F0E1C5FDF3F456EEAF9F1A5696A7CA64617F86",
      "checksums": [
        {
          "algorithm": "SHA256",
          "checksumValue": "c36019e53e3045cba2639bf35ed1e2498e3563b272533e53301165c31ab60199"
        },
        {
          "algorithm": "SHA1",
          "checksumValue": "39f0e1c5fdf3f456eeaf9f1a5696a7ca64617f86"
        }
      ],
      "licenseConcluded": "NOASSERTION",
      "licenseInfoInFiles": [
        "NOASSERTION"
      ],
      "copyrightText": "NOASSERTION"
    },
    {
      "fileName": "./OpenSSH-ARM/install-sshd.ps1",
      "SPDXID": "SPDXRef-File--OpenSSH-ARM-install-sshd.ps1-4E5A28C2F123D1AAB74E6467D5B672837597188D",
      "checksums": [
        {
          "algorithm": "SHA256",
          "checksumValue": "cc79ca54f47dcbd11074cad72ffab601fd9c64aac19c997c86314f83e4d28614"
        },
        {
          "algorithm": "SHA1",
          "checksumValue": "4e5a28c2f123d1aab74e6467d5b672837597188d"
        }
      ],
      "licenseConcluded": "NOASSERTION",
      "licenseInfoInFiles": [
        "NOASSERTION"
      ],
      "copyrightText": "NOASSERTION"
    },
    {
      "fileName": "./OpenSSH-ARM/FixHostFilePermissions.ps1",
      "SPDXID": "SPDXRef-File--OpenSSH-ARM-FixHostFilePermissions.ps1-05DF86A92EDC09EFCA028BD1DED3806ED8BE2F2D",
      "checksums": [
        {
          "algorithm": "SHA256",
          "checksumValue": "de67bc8f14c8fafc0f69104988fd964329dd2532cf42c318ca8449c7e6d2ba93"
        },
        {
          "algorithm": "SHA1",
          "checksumValue": "05df86a92edc09efca028bd1ded3806ed8be2f2d"
        }
      ],
      "licenseConcluded": "NOASSERTION",
      "licenseInfoInFiles": [
        "NOASSERTION"
      ],
      "copyrightText": "NOASSERTION"
    },
    {
      "fileName": "./OpenSSH-ARM/FixUserFilePermissions.ps1",
      "SPDXID": "SPDXRef-File--OpenSSH-ARM-FixUserFilePermissions.ps1-243C542535A0FDA76CC4E01BD68DA4EAF3467D59",
      "checksums": [
        {
          "algorithm": "SHA256",
          "checksumValue": "b9e31907dd0e2e0785350efad6a1d30e8ba547242c6d61855fbfad51706bf5be"
        },
        {
          "algorithm": "SHA1",
          "checksumValue": "243c542535a0fda76cc4e01bd68da4eaf3467d59"
        }
      ],
      "licenseConcluded": "NOASSERTION",
      "licenseInfoInFiles": [
        "NOASSERTION"
      ],
      "copyrightText": "NOASSERTION"
    },
    {
      "fileName": "./OpenSSH-ARM/LICENSE.txt",
      "SPDXID": "SPDXRef-File--OpenSSH-ARM-LICENSE.txt-A7739A32F1926D71A9EB22D101287ECEA09A6AC5",
      "checksums": [
        {
          "algorithm": "SHA256",
          "checksumValue": "e6a25da96c2fccdc025caad56d99f87851ec3fe814a3cea83f2bc77ffc800681"
        },
        {
          "algorithm": "SHA1",
          "checksumValue": "a7739a32f1926d71a9eb22d101287ecea09a6ac5"
        }
      ],
      "licenseConcluded": "NOASSERTION",
      "licenseInfoInFiles": [
        "NOASSERTION"
      ],
      "copyrightText": "NOASSERTION"
    },
    {
      "fileName": "./OpenSSH-ARM/OpenSSHUtils.psd1",
      "SPDXID": "SPDXRef-File--OpenSSH-ARM-OpenSSHUtils.psd1-C1E10FD3F6A466965EE3586F51DC26A6543ABA35",
      "checksums": [
        {
          "algorithm": "SHA256",
          "checksumValue": "ad2a9c4ec64d2098e031656eb43f009939e09b103636e3cefb35d7adf05a9d2e"
        },
        {
          "algorithm": "SHA1",
          "checksumValue": "c1e10fd3f6a466965ee3586f51dc26a6543aba35"
        }
      ],
      "licenseConcluded": "NOASSERTION",
      "licenseInfoInFiles": [
        "NOASSERTION"
      ],
      "copyrightText": "NOASSERTION"
    },
    {
      "fileName": "./OpenSSH-ARM/NOTICE.txt",
      "SPDXID": "SPDXRef-File--OpenSSH-ARM-NOTICE.txt-0C6BEDA8BE1A704C0C2615D4A481BACA0E56372D",
      "checksums": [
        {
          "algorithm": "SHA256",
          "checksumValue": "2cd5f5d0064bc909dfe0f0fc8f4787882c7c379f2730d89e5faa0c2bc57c620b"
        },
        {
          "algorithm": "SHA1",
          "checksumValue": "0c6beda8be1a704c0c2615d4a481baca0e56372d"
        }
      ],
      "licenseConcluded": "NOASSERTION",
      "licenseInfoInFiles": [
        "NOASSERTION"
      ],
      "copyrightText": "NOASSERTION"
    },
    {
      "fileName": "./OpenSSH-ARM/OpenSSHUtils.psm1",
      "SPDXID": "SPDXRef-File--OpenSSH-ARM-OpenSSHUtils.psm1-1CE794887000E05FFE7031F16F075DA9C16BC725",
      "checksums": [
        {
          "algorithm": "SHA256",
          "checksumValue": "3d8bcae5c6082d348edfe9cb408d7c093c1c2de818e53f65d14439721bc00eee"
        },
        {
          "algorithm": "SHA1",
          "checksumValue": "1ce794887000e05ffe7031f16f075da9c16bc725"
        }
      ],
      "licenseConcluded": "NOASSERTION",
      "licenseInfoInFiles": [
        "NOASSERTION"
      ],
      "copyrightText": "NOASSERTION"
    },
    {
      "fileName": "./OpenSSH-ARM/scp.exe",
      "SPDXID": "SPDXRef-File--OpenSSH-ARM-scp.exe-C538AFD9595FAEA95105D621094DAF8C4F80F533",
      "checksums": [
        {
          "algorithm": "SHA256",
          "checksumValue": "7a429ecc5015cf2fd4c81dabed2220ebff39027b22ae2c9fb3a35663fdbccfdc"
        },
        {
          "algorithm": "SHA1",
          "checksumValue": "c538afd9595faea95105d621094daf8c4f80f533"
        }
      ],
      "licenseConcluded": "NOASSERTION",
      "licenseInfoInFiles": [
        "NOASSERTION"
      ],
      "copyrightText": "NOASSERTION"
    },
    {
      "fileName": "./OpenSSH-ARM/sftp.exe",
      "SPDXID": "SPDXRef-File--OpenSSH-ARM-sftp.exe-11E1116B9276A441235C88AB610DF08E8972355E",
      "checksums": [
        {
          "algorithm": "SHA256",
          "checksumValue": "99992c58387f6f52c3f053d96d304cb764aceecbb2f721ec4d56261efac968d0"
        },
        {
          "algorithm": "SHA1",
          "checksumValue": "11e1116b9276a441235c88ab610df08e8972355e"
        }
      ],
      "licenseConcluded": "NOASSERTION",
      "licenseInfoInFiles": [
        "NOASSERTION"
      ],
      "copyrightText": "NOASSERTION"
    },
    {
      "fileName": "./OpenSSH-ARM/ssh-agent.exe",
      "SPDXID": "SPDXRef-File--OpenSSH-ARM-ssh-agent.exe-E9CEE16F3328401EC860C80E272A014B6A18379A",
      "checksums": [
        {
          "algorithm": "SHA256",
          "checksumValue": "72b771fbb4ca8ed5a2e65cfaee3798f1d67535d96d447d258050c51b062c83a2"
        },
        {
          "algorithm": "SHA1",
          "checksumValue": "e9cee16f3328401ec860c80e272a014b6a18379a"
        }
      ],
      "licenseConcluded": "NOASSERTION",
      "licenseInfoInFiles": [
        "NOASSERTION"
      ],
      "copyrightText": "NOASSERTION"
    },
    {
      "fileName": "./OpenSSH-ARM/moduli",
      "SPDXID": "SPDXRef-File--OpenSSH-ARM-moduli-D000837A7C67C88BAAA61D643E48A28B2F40B7AF",
      "checksums": [
        {
          "algorithm": "SHA256",
          "checksumValue": "bd6b9d63cd668af7ba13ae367f40a9efa30986aba0e4d91a03e212992351daeb"
        },
        {
          "algorithm": "SHA1",
          "checksumValue": "d000837a7c67c88baaa61d643e48a28b2f40b7af"
        }
      ],
      "licenseConcluded": "NOASSERTION",
      "licenseInfoInFiles": [
        "NOASSERTION"
      ],
      "copyrightText": "NOASSERTION"
    },
    {
      "fileName": "./OpenSSH-ARM/ssh-pkcs11-helper.exe",
      "SPDXID": "SPDXRef-File--OpenSSH-ARM-ssh-pkcs11-helper.exe-002B6A46D496BE8F1B3F4838B040F0C056BE3C31",
      "checksums": [
        {
          "algorithm": "SHA256",
          "checksumValue": "63ea9cd63b4a3b2e6fa840d4ff83a96608ae908741a14e0c56f68610e8a068da"
        },
        {
          "algorithm": "SHA1",
          "checksumValue": "002b6a46d496be8f1b3f4838b040f0c056be3c31"
        }
      ],
      "licenseConcluded": "NOASSERTION",
      "licenseInfoInFiles": [
        "NOASSERTION"
      ],
      "copyrightText": "NOASSERTION"
    },
    {
      "fileName": "./OpenSSH-ARM/ssh-shellhost.exe",
      "SPDXID": "SPDXRef-File--OpenSSH-ARM-ssh-shellhost.exe-8D9D78CBD6D9EE1B41DABBE1948208F42F588DF6",
      "checksums": [
        {
          "algorithm": "SHA256",
          "checksumValue": "63ea955203d111cdf2442c22cab48268620133f6845f29b23a270faa3df80171"
        },
        {
          "algorithm": "SHA1",
          "checksumValue": "8d9d78cbd6d9ee1b41dabbe1948208f42f588df6"
        }
      ],
      "licenseConcluded": "NOASSERTION",
      "licenseInfoInFiles": [
        "NOASSERTION"
      ],
      "copyrightText": "NOASSERTION"
    },
    {
      "fileName": "./OpenSSH-ARM/ssh-keyscan.exe",
      "SPDXID": "SPDXRef-File--OpenSSH-ARM-ssh-keyscan.exe-4483A6937472BA981A8C6683E3BC1FBD717704D5",
      "checksums": [
        {
          "algorithm": "SHA256",
          "checksumValue": "30410aa836f29bf0e7789db5ba4073c327c9d06448f0ca68b147073d9d61997b"
        },
        {
          "algorithm": "SHA1",
          "checksumValue": "4483a6937472ba981a8c6683e3bc1fbd717704d5"
        }
      ],
      "licenseConcluded": "NOASSERTION",
      "licenseInfoInFiles": [
        "NOASSERTION"
      ],
      "copyrightText": "NOASSERTION"
    },
    {
      "fileName": "./OpenSSH-ARM/uninstall-sshd.ps1",
      "SPDXID": "SPDXRef-File--OpenSSH-ARM-uninstall-sshd.ps1-692F3ACB375375B3E2889632DF279CDA8FE0AF6A",
      "checksums": [
        {
          "algorithm": "SHA256",
          "checksumValue": "f490f7017e99ba99155b9f514e2b3a5517c66bf74b1d560c05309e976ba8a91f"
        },
        {
          "algorithm": "SHA1",
          "checksumValue": "692f3acb375375b3e2889632df279cda8fe0af6a"
        }
      ],
      "licenseConcluded": "NOASSERTION",
      "licenseInfoInFiles": [
        "NOASSERTION"
      ],
      "copyrightText": "NOASSERTION"
    },
    {
      "fileName": "./OpenSSH-ARM/ssh-keygen.exe",
      "SPDXID": "SPDXRef-File--OpenSSH-ARM-ssh-keygen.exe-C4DEB85080AA6F0579026BF9CBB88AB733924E7E",
      "checksums": [
        {
          "algorithm": "SHA256",
          "checksumValue": "749383114683f4beb0cd708e07ce9d86fc36250d777e4e2df08cef0c2d319fee"
        },
        {
          "algorithm": "SHA1",
          "checksumValue": "c4deb85080aa6f0579026bf9cbb88ab733924e7e"
        }
      ],
      "licenseConcluded": "NOASSERTION",
      "licenseInfoInFiles": [
        "NOASSERTION"
      ],
      "copyrightText": "NOASSERTION"
    },
    {
      "fileName": "./OpenSSH-ARM/sshd_config_default",
      "SPDXID": "SPDXRef-File--OpenSSH-ARM-sshd-config-default-7F6AC27C5927EF4127C392D53DDD5DB763B65A1E",
      "checksums": [
        {
          "algorithm": "SHA256",
          "checksumValue": "796f518d1f4bb03d775da710c259b518eb770d123133dbd6429ca7e14d3c224b"
        },
        {
          "algorithm": "SHA1",
          "checksumValue": "7f6ac27c5927ef4127c392d53ddd5db763b65a1e"
        }
      ],
      "licenseConcluded": "NOASSERTION",
      "licenseInfoInFiles": [
        "NOASSERTION"
      ],
      "copyrightText": "NOASSERTION"
    },
    {
      "fileName": "./OpenSSH-ARM/ssh-add.exe",
      "SPDXID": "SPDXRef-File--OpenSSH-ARM-ssh-add.exe-FAEA23900E78E56620B732CC34123C6CC0562872",
      "checksums": [
        {
          "algorithm": "SHA256",
          "checksumValue": "3f16e8b546574d8e7628a3c60d3448a3a193f080e54cbeefa57670190dc678ca"
        },
        {
          "algorithm": "SHA1",
          "checksumValue": "faea23900e78e56620b732cc34123c6cc0562872"
        }
      ],
      "licenseConcluded": "NOASSERTION",
      "licenseInfoInFiles": [
        "NOASSERTION"
      ],
      "copyrightText": "NOASSERTION"
    },
    {
      "fileName": "./OpenSSH-ARM/sshd.exe",
      "SPDXID": "SPDXRef-File--OpenSSH-ARM-sshd.exe-619B267BBB4740AF64FCFC164C0AB01937322F04",
      "checksums": [
        {
          "algorithm": "SHA256",
          "checksumValue": "508dc0d063ce03500ea86468d258ba1cff023718fc344c6889553df743154aa8"
        },
        {
          "algorithm": "SHA1",
          "checksumValue": "619b267bbb4740af64fcfc164c0ab01937322f04"
        }
      ],
      "licenseConcluded": "NOASSERTION",
      "licenseInfoInFiles": [
        "NOASSERTION"
      ],
      "copyrightText": "NOASSERTION"
    },
    {
      "fileName": "./OpenSSH-ARM/libcrypto.dll",
      "SPDXID": "SPDXRef-File--OpenSSH-ARM-libcrypto.dll-059641DD0B246AE9B57A74A1603BC2A7B33EBE7B",
      "checksums": [
        {
          "algorithm": "SHA256",
          "checksumValue": "09f7385fcfefbf394747b93bfa8e0dddcfd1eed760446575903989a068fa6b8d"
        },
        {
          "algorithm": "SHA1",
          "checksumValue": "059641dd0b246ae9b57a74a1603bc2a7b33ebe7b"
        }
      ],
      "licenseConcluded": "NOASSERTION",
      "licenseInfoInFiles": [
        "NOASSERTION"
      ],
      "copyrightText": "NOASSERTION"
    },
    {
      "fileName": "./OpenSSH-ARM/ssh.exe",
      "SPDXID": "SPDXRef-File--OpenSSH-ARM-ssh.exe-59AF151E2F7D3A9C1F43907DA24CD2EFD1D77E07",
      "checksums": [
        {
          "algorithm": "SHA256",
          "checksumValue": "5842c76afedc4eae76efec2b9b7f164fce842cd103ee915b55679ea4be6bcb3f"
        },
        {
          "algorithm": "SHA1",
          "checksumValue": "59af151e2f7d3a9c1f43907da24cd2efd1d77e07"
        }
      ],
      "licenseConcluded": "NOASSERTION",
      "licenseInfoInFiles": [
        "NOASSERTION"
      ],
      "copyrightText": "NOASSERTION"
    },
    {
      "fileName": "./OpenSSH-ARM/sftp-server.exe",
      "SPDXID": "SPDXRef-File--OpenSSH-ARM-sftp-server.exe-3E7FDC3AF911BADD84A0E4C87F009A3C8BA58240",
      "checksums": [
        {
          "algorithm": "SHA256",
          "checksumValue": "15696ca1a64e70753622797f8102d598df8edd7b2b5ad3a140c63bdea75ee8cf"
        },
        {
          "algorithm": "SHA1",
          "checksumValue": "3e7fdc3af911badd84a0e4c87f009a3c8ba58240"
        }
      ],
      "licenseConcluded": "NOASSERTION",
      "licenseInfoInFiles": [
        "NOASSERTION"
      ],
      "copyrightText": "NOASSERTION"
    },
    {
      "fileName": "./OpenSSH-ARM/ssh-sk-helper.exe",
      "SPDXID": "SPDXRef-File--OpenSSH-ARM-ssh-sk-helper.exe-9BBA4DE3B4EC8D1A78FBD6C671BA2688B2035E83",
      "checksums": [
        {
          "algorithm": "SHA256",
          "checksumValue": "9dee23109058760ef5e40c9b68e82ff1650718578433878e4db95eef6f4bdc85"
        },
        {
          "algorithm": "SHA1",
          "checksumValue": "9bba4de3b4ec8d1a78fbd6c671ba2688b2035e83"
        }
      ],
      "licenseConcluded": "NOASSERTION",
      "licenseInfoInFiles": [
        "NOASSERTION"
      ],
      "copyrightText": "NOASSERTION"
    },
    {
      "fileName": "./OpenSSH-ARM/sshd-session.exe",
      "SPDXID": "SPDXRef-File--OpenSSH-ARM-sshd-session.exe-49FB99924CA6EE443F263EAB2D7E4AB28A359501",
      "checksums": [
        {
          "algorithm": "SHA256",
          "checksumValue": "12014e73fab76c4721952052a17d306e5be67b47f39d54dc761291a072093d28"
        },
        {
          "algorithm": "SHA1",
          "checksumValue": "49fb99924ca6ee443f263eab2d7e4ab28a359501"
        }
      ],
      "licenseConcluded": "NOASSERTION",
      "licenseInfoInFiles": [
        "NOASSERTION"
      ],
      "copyrightText": "NOASSERTION"
    },
    {
      "fileName": "./OpenSSH-ARM_Symbols/ssh-agent.pdb",
      "SPDXID": "SPDXRef-File--OpenSSH-ARM-Symbols-ssh-agent.pdb-1B737248C49040F68EFD7009F6EFE8BAFFA12377",
      "checksums": [
        {
          "algorithm": "SHA256",
          "checksumValue": "c50efbfaaccd02960ce30348325986192925c1ade6d8c852c03cc2b9b67c068b"
        },
        {
          "algorithm": "SHA1",
          "checksumValue": "1b737248c49040f68efd7009f6efe8baffa12377"
        }
      ],
      "licenseConcluded": "NOASSERTION",
      "licenseInfoInFiles": [
        "NOASSERTION"
      ],
      "copyrightText": "NOASSERTION"
    },
    {
      "fileName": "./OpenSSH-ARM_Symbols/sftp.pdb",
      "SPDXID": "SPDXRef-File--OpenSSH-ARM-Symbols-sftp.pdb-999D932CD8E80F2C382EB5F44F705150AF014CCD",
      "checksums": [
        {
          "algorithm": "SHA256",
          "checksumValue": "57b551e36d87f961c8bb2b4cd527deb0c024e4a8ee9fddabc040d4391d00c586"
        },
        {
          "algorithm": "SHA1",
          "checksumValue": "999d932cd8e80f2c382eb5f44f705150af014ccd"
        }
      ],
      "licenseConcluded": "NOASSERTION",
      "licenseInfoInFiles": [
        "NOASSERTION"
      ],
      "copyrightText": "NOASSERTION"
    },
    {
      "fileName": "./OpenSSH-ARM_Symbols/ssh-add.pdb",
      "SPDXID": "SPDXRef-File--OpenSSH-ARM-Symbols-ssh-add.pdb-FE719DF29C5AA50F50128E9612F8EF2A242605B4",
      "checksums": [
        {
          "algorithm": "SHA256",
          "checksumValue": "7508adf5f968ef3b4dc60d68a4e758f52c6b686276c431b4653fb1cac694aecd"
        },
        {
          "algorithm": "SHA1",
          "checksumValue": "fe719df29c5aa50f50128e9612f8ef2a242605b4"
        }
      ],
      "licenseConcluded": "NOASSERTION",
      "licenseInfoInFiles": [
        "NOASSERTION"
      ],
      "copyrightText": "NOASSERTION"
    },
    {
      "fileName": "./OpenSSH-ARM_Symbols/scp.pdb",
      "SPDXID": "SPDXRef-File--OpenSSH-ARM-Symbols-scp.pdb-FB37CC179A66429F93451C3903A06964CD0B1D7D",
      "checksums": [
        {
          "algorithm": "SHA256",
          "checksumValue": "8380c073fcce46fb9597970e77d53c395268e9e5db3dc325468bdab54c745d2d"
        },
        {
          "algorithm": "SHA1",
          "checksumValue": "fb37cc179a66429f93451c3903a06964cd0b1d7d"
        }
      ],
      "licenseConcluded": "NOASSERTION",
      "licenseInfoInFiles": [
        "NOASSERTION"
      ],
      "copyrightText": "NOASSERTION"
    },
    {
      "fileName": "./OpenSSH-ARM_Symbols/sftp-server.pdb",
      "SPDXID": "SPDXRef-File--OpenSSH-ARM-Symbols-sftp-server.pdb-2BF0CE11B8C727CBAB45D1E4610354160EEAE737",
      "checksums": [
        {
          "algorithm": "SHA256",
          "checksumValue": "f9f811bd903857db713704fb282503736a1edcfbdb9afaab74e02a575b288a76"
        },
        {
          "algorithm": "SHA1",
          "checksumValue": "2bf0ce11b8c727cbab45d1e4610354160eeae737"
        }
      ],
      "licenseConcluded": "NOASSERTION",
      "licenseInfoInFiles": [
        "NOASSERTION"
      ],
      "copyrightText": "NOASSERTION"
    },
    {
      "fileName": "./OpenSSH-ARM_Symbols/ssh-shellhost.pdb",
      "SPDXID": "SPDXRef-File--OpenSSH-ARM-Symbols-ssh-shellhost.pdb-EFD6882EB2A94B85AD9482DABD73373E0441678E",
      "checksums": [
        {
          "algorithm": "SHA256",
          "checksumValue": "0833f52baacf857304d9faa0d6f0e3d64d2cd07191ec7e68706077f3afae2bf4"
        },
        {
          "algorithm": "SHA1",
          "checksumValue": "efd6882eb2a94b85ad9482dabd73373e0441678e"
        }
      ],
      "licenseConcluded": "NOASSERTION",
      "licenseInfoInFiles": [
        "NOASSERTION"
      ],
      "copyrightText": "NOASSERTION"
    },
    {
      "fileName": "./OpenSSH-ARM_Symbols/libcrypto.pdb",
      "SPDXID": "SPDXRef-File--OpenSSH-ARM-Symbols-libcrypto.pdb-32F34C8D8DAD6E7D7C57D47CE3CB7CE707D1D75C",
      "checksums": [
        {
          "algorithm": "SHA256",
          "checksumValue": "60fd5811e488371068d135d63edc19e874d27a803994595b1521ca3d30d38453"
        },
        {
          "algorithm": "SHA1",
          "checksumValue": "32f34c8d8dad6e7d7c57d47ce3cb7ce707d1d75c"
        }
      ],
      "licenseConcluded": "NOASSERTION",
      "licenseInfoInFiles": [
        "NOASSERTION"
      ],
      "copyrightText": "NOASSERTION"
    },
    {
      "fileName": "./OpenSSH-ARM_Symbols/sshd.pdb",
      "SPDXID": "SPDXRef-File--OpenSSH-ARM-Symbols-sshd.pdb-4CBE53BB9C661E7B05CC1246E3FF45DC0BF2BE5A",
      "checksums": [
        {
          "algorithm": "SHA256",
          "checksumValue": "2abe145f55e2f8ed1dd7d146c826e82b307c4d544c485f75577be111f28c2b5b"
        },
        {
          "algorithm": "SHA1",
          "checksumValue": "4cbe53bb9c661e7b05cc1246e3ff45dc0bf2be5a"
        }
      ],
      "licenseConcluded": "NOASSERTION",
      "licenseInfoInFiles": [
        "NOASSERTION"
      ],
      "copyrightText": "NOASSERTION"
    },
    {
      "fileName": "./OpenSSH-ARM_Symbols/ssh.pdb",
      "SPDXID": "SPDXRef-File--OpenSSH-ARM-Symbols-ssh.pdb-0E987C7DC4AA98D93EB7E1FE5D5D990AC1E94772",
      "checksums": [
        {
          "algorithm": "SHA256",
          "checksumValue": "5e5190594699d0bcb689c70ce27de012aa7ea9c0e12ed4815052ff001086dc54"
        },
        {
          "algorithm": "SHA1",
          "checksumValue": "0e987c7dc4aa98d93eb7e1fe5d5d990ac1e94772"
        }
      ],
      "licenseConcluded": "NOASSERTION",
      "licenseInfoInFiles": [
        "NOASSERTION"
      ],
      "copyrightText": "NOASSERTION"
    },
    {
      "fileName": "./OpenSSH-ARM_BuildInfo/Unittests-ARM.zip",
      "SPDXID": "SPDXRef-File--OpenSSH-ARM-BuildInfo-Unittests-ARM.zip-7376C9C786FB6EF91B5E92435F7A29593208CC5B",
      "checksums": [
        {
          "algorithm": "SHA256",
          "checksumValue": "716ac90ebd13c19f7d812bef910776a0638bdcb5120b8b3dc11673320cd73a27"
        },
        {
          "algorithm": "SHA1",
          "checksumValue": "7376c9c786fb6ef91b5e92435f7a29593208cc5b"
        }
      ],
      "licenseConcluded": "NOASSERTION",
      "licenseInfoInFiles": [
        "NOASSERTION"
      ],
      "copyrightText": "NOASSERTION"
    },
    {
      "fileName": "./OpenSSH-ARM_Symbols/sshd-session.pdb",
      "SPDXID": "SPDXRef-File--OpenSSH-ARM-Symbols-sshd-session.pdb-D5F4D8408292A5FF4AFC2E1B2541242941A2F83E",
      "checksums": [
        {
          "algorithm": "SHA256",
          "checksumValue": "235be0aa3989b6a7f5297ed2b76a3b2e2866f32d1e45f8810006dd54d2cda0b9"
        },
        {
          "algorithm": "SHA1",
          "checksumValue": "d5f4d8408292a5ff4afc2e1b2541242941a2f83e"
        }
      ],
      "licenseConcluded": "NOASSERTION",
      "licenseInfoInFiles": [
        "NOASSERTION"
      ],
      "copyrightText": "NOASSERTION"
    },
    {
      "fileName": "./OpenSSH-ARM_Symbols/ssh-sk-helper.pdb",
      "SPDXID": "SPDXRef-File--OpenSSH-ARM-Symbols-ssh-sk-helper.pdb-FA3216A52EE247D466F417B48F3A882FCE46D19D",
      "checksums": [
        {
          "algorithm": "SHA256",
          "checksumValue": "848a655089ab4ebf8e18f79c46bd821fb873b8ce65f6f4642a9ab56cc34b8109"
        },
        {
          "algorithm": "SHA1",
          "checksumValue": "fa3216a52ee247d466f417b48f3a882fce46d19d"
        }
      ],
      "licenseConcluded": "NOASSERTION",
      "licenseInfoInFiles": [
        "NOASSERTION"
      ],
      "copyrightText": "NOASSERTION"
    },
    {
      "fileName": "./OpenSSH-ARM_Symbols/ssh-pkcs11-helper.pdb",
      "SPDXID": "SPDXRef-File--OpenSSH-ARM-Symbols-ssh-pkcs11-helper.pdb-A4C1535F68E687060425F8333ED1CAAFF675A428",
      "checksums": [
        {
          "algorithm": "SHA256",
          "checksumValue": "4d0de466155e504e2973cc4216def059df2a45f138c89031426d7b0075ecf123"
        },
        {
          "algorithm": "SHA1",
          "checksumValue": "a4c1535f68e687060425f8333ed1caaff675a428"
        }
      ],
      "licenseConcluded": "NOASSERTION",
      "licenseInfoInFiles": [
        "NOASSERTION"
      ],
      "copyrightText": "NOASSERTION"
    },
    {
      "fileName": "./OpenSSH-ARM_Symbols/ssh-keyscan.pdb",
      "SPDXID": "SPDXRef-File--OpenSSH-ARM-Symbols-ssh-keyscan.pdb-2F0F65C0A2FE741B09B5BC38803C1BB6172BC071",
      "checksums": [
        {
          "algorithm": "SHA256",
          "checksumValue": "5684f675fa80bce9db9d4f833326273b7ce2847f3f4f7cf93288cf7e5bcb5289"
        },
        {
          "algorithm": "SHA1",
          "checksumValue": "2f0f65c0a2fe741b09b5bc38803c1bb6172bc071"
        }
      ],
      "licenseConcluded": "NOASSERTION",
      "licenseInfoInFiles": [
        "NOASSERTION"
      ],
      "copyrightText": "NOASSERTION"
    },
    {
      "fileName": "./OpenSSH-ARM_BuildInfo/OpenSSHReleaseARM.log",
      "SPDXID": "SPDXRef-File--OpenSSH-ARM-BuildInfo-OpenSSHReleaseARM.log-5BC46F8036D6B93C1276576C4E2D7BB180FF4057",
      "checksums": [
        {
          "algorithm": "SHA256",
          "checksumValue": "ccfd5f977741613f603f8979e82a9c5dab76a316511eed723d3b57748a84686c"
        },
        {
          "algorithm": "SHA1",
          "checksumValue": "5bc46f8036d6b93c1276576c4e2d7bb180ff4057"
        }
      ],
      "licenseConcluded": "NOASSERTION",
      "licenseInfoInFiles": [
        "NOASSERTION"
      ],
      "copyrightText": "NOASSERTION"
    },
    {
      "fileName": "./OpenSSH-ARM_Symbols/ssh-keygen.pdb",
      "SPDXID": "SPDXRef-File--OpenSSH-ARM-Symbols-ssh-keygen.pdb-9A899AB393A719CFB61769859B57025D1407C6B5",
      "checksums": [
        {
          "algorithm": "SHA256",
          "checksumValue": "8d81e234b6faf4bb9837bf2db2602f192f1a863a7bd74c7889753e9dc3b9f4da"
        },
        {
          "algorithm": "SHA1",
          "checksumValue": "9a899ab393a719cfb61769859b57025d1407c6b5"
        }
      ],
      "licenseConcluded": "NOASSERTION",
      "licenseInfoInFiles": [
        "NOASSERTION"
      ],
      "copyrightText": "NOASSERTION"
    }
  ],
  "packages": [
    {
      "name": "powershell_zlib",
      "SPDXID": "SPDXRef-Package-7D958500B3992EFD73E1B44F7EE13941A499D40BC9121889534BA2383A0CBB0D",
      "downloadLocation": "https://github.com/PowerShell/ZLib/releases/tag/V1.3.1.zip",
      "filesAnalyzed": false,
      "licenseConcluded": "NOASSERTION",
      "licenseDeclared": "NOASSERTION",
      "copyrightText": "NOASSERTION",
      "versionInfo": "1.3.1",
      "supplier": "NOASSERTION"
    },
    {
      "name": "powershell_libressl",
      "SPDXID": "SPDXRef-Package-5F010068EE8252D5E475FC87F530282199C049CDFAEE9F55FC2F5CB2AE696F17",
      "downloadLocation": "https://github.com/PowerShell/LibreSSL/releases/tag/V4.0.0.0.zip",
      "filesAnalyzed": false,
      "licenseConcluded": "NOASSERTION",
      "licenseDeclared": "NOASSERTION",
      "copyrightText": "NOASSERTION",
      "versionInfo": "4.0.0.0",
      "supplier": "NOASSERTION"
    },
    {
      "name": "libressl",
      "SPDXID": "SPDXRef-Package-9614F2FF20731E430A1CE5431F21F43F46BDB83CB7CFF36ACA5BA70896E2A5B3",
      "downloadLocation": "https://www.libressl.org/",
      "filesAnalyzed": false,
      "licenseConcluded": "NOASSERTION",
      "licenseDeclared": "NOASSERTION",
      "copyrightText": "NOASSERTION",
      "versionInfo": "4.0.0.0",
      "supplier": "NOASSERTION"
    },
    {
      "name": "zlib",
      "SPDXID": "SPDXRef-Package-C48644207E7AC039A85B1C41085F3B31ADE0273DA9D828D7D7C0D1F0CD93B8BA",
      "downloadLocation": "http://zlib.net/",
      "filesAnalyzed": false,
      "licenseConcluded": "NOASSERTION",
      "licenseDeclared": "NOASSERTION",
      "copyrightText": "NOASSERTION",
      "versionInfo": "1.3.1",
      "supplier": "NOASSERTION"
    },
    {
      "name": "WiX",
      "SPDXID": "SPDXRef-Package-0453B7455A0B8778D4DD20EE81622AB2F93F2F060FF21F033C6ECF10EA3EFE9F",
      "downloadLocation": "NOASSERTION",
      "filesAnalyzed": false,
      "licenseConcluded": "NOASSERTION",
      "licenseDeclared": "NOASSERTION",
      "copyrightText": "NOASSERTION",
      "versionInfo": "3.14.1",
      "externalRefs": [
        {
          "referenceCategory": "PACKAGE-MANAGER",
          "referenceType": "purl",
          "referenceLocator": "pkg:nuget/WiX@3.14.1"
        }
      ],
      "supplier": "NOASSERTION"
    },
    {
      "name": "libfido2",
      "SPDXID": "SPDXRef-Package-DBE1ADCC77824D44C3798D437C096E9C2F45322F9BFB9D84DF3B676062741CAA",
      "downloadLocation": "https://github.com/Yubico/libfido2",
      "filesAnalyzed": false,
      "licenseConcluded": "NOASSERTION",
      "licenseDeclared": "NOASSERTION",
      "copyrightText": "NOASSERTION",
      "versionInfo": "1.15.0",
      "supplier": "NOASSERTION"
    },
    {
      "name": "powershell_libcbor",
      "SPDXID": "SPDXRef-Package-41513D39CF449D8ADCB8FD146C5BA8697DDD30C2F972014C55C4A6EC6AA7EB76",
      "downloadLocation": "https://github.com/PowerShell/libcbor",
      "filesAnalyzed": false,
      "licenseConcluded": "NOASSERTION",
      "licenseDeclared": "NOASSERTION",
      "copyrightText": "NOASSERTION",
      "versionInfo": "0.11.0",
      "supplier": "NOASSERTION"
    },
    {
      "name": "powershell_libfido2",
      "SPDXID": "SPDXRef-Package-50FA054C3CF71B778225C94E02FCA57826614416A915D007D604DF84D814DFA2",
      "downloadLocation": "https://github.com/PowerShell/libfido2/archive/refs/tags/1.15.0.zip",
      "filesAnalyzed": false,
      "licenseConcluded": "NOASSERTION",
      "licenseDeclared": "NOASSERTION",
      "copyrightText": "NOASSERTION",
      "versionInfo": "1.15.0",
      "supplier": "NOASSERTION"
    },
    {
      "name": "libcbor",
      "SPDXID": "SPDXRef-Package-971DCD74BBB31990D0289EF759070595E5B80F51DA88731700252A67F3064BD6",
      "downloadLocation": "https://github.com/PJK/libcbor",
      "filesAnalyzed": false,
      "licenseConcluded": "NOASSERTION",
      "licenseDeclared": "NOASSERTION",
      "copyrightText": "NOASSERTION",
      "versionInfo": "0.11.0",
      "supplier": "NOASSERTION"
    },
    {
      "name": "OpenSSH",
      "SPDXID": "SPDXRef-RootPackage",
      "downloadLocation": "NOASSERTION",
      "packageVerificationCode": {
        "packageVerificationCodeValue": "28da79b8619d4891c56c8c12a2500d015b429429"
      },
      "filesAnalyzed": true,
      "licenseConcluded": "NOASSERTION",
      "licenseInfoFromFiles": [
        "NOASSERTION"
      ],
      "licenseDeclared": "NOASSERTION",
      "copyrightText": "NOASSERTION",
      "versionInfo": "9.8.3.0",
      "externalRefs": [
        {
          "referenceCategory": "PACKAGE-MANAGER",
          "referenceType": "purl",
          "referenceLocator": "pkg:swid/Microsoft/sbom.microsoft/OpenSSH@9.8.3.0?tag_id=5c01a187-e6f9-4ea0-9e5a-050529286179"
        }
      ],
      "supplier": "Organization: Microsoft",
      "hasFiles": [
        "SPDXRef-File--OpenSSH-ARM-Symbols-ssh-keygen.pdb-9A899AB393A719CFB61769859B57025D1407C6B5",
        "SPDXRef-File--OpenSSH-ARM-Symbols-ssh-keyscan.pdb-2F0F65C0A2FE741B09B5BC38803C1BB6172BC071",
        "SPDXRef-File--OpenSSH-ARM-BuildInfo-OpenSSHReleaseARM.log-5BC46F8036D6B93C1276576C4E2D7BB180FF4057",
        "SPDXRef-File--OpenSSH-ARM-Symbols-ssh-pkcs11-helper.pdb-A4C1535F68E687060425F8333ED1CAAFF675A428",
        "SPDXRef-File--OpenSSH-ARM-Symbols-ssh-sk-helper.pdb-FA3216A52EE247D466F417B48F3A882FCE46D19D",
        "SPDXRef-File--OpenSSH-ARM-BuildInfo-Unittests-ARM.zip-7376C9C786FB6EF91B5E92435F7A29593208CC5B",
        "SPDXRef-File--OpenSSH-ARM-Symbols-ssh.pdb-0E987C7DC4AA98D93EB7E1FE5D5D990AC1E94772",
        "SPDXRef-File--OpenSSH-ARM-Symbols-sshd.pdb-4CBE53BB9C661E7B05CC1246E3FF45DC0BF2BE5A",
        "SPDXRef-File--OpenSSH-ARM-Symbols-ssh-shellhost.pdb-EFD6882EB2A94B85AD9482DABD73373E0441678E",
        "SPDXRef-File--OpenSSH-ARM-ssh-agent.exe-E9CEE16F3328401EC860C80E272A014B6A18379A",
        "SPDXRef-File--OpenSSH-ARM-scp.exe-C538AFD9595FAEA95105D621094DAF8C4F80F533",
        "SPDXRef-File--OpenSSH-ARM-Symbols-sshd-session.pdb-D5F4D8408292A5FF4AFC2E1B2541242941A2F83E",
        "SPDXRef-File--OpenSSH-ARM-Symbols-sftp-server.pdb-2BF0CE11B8C727CBAB45D1E4610354160EEAE737",
        "SPDXRef-File--OpenSSH-ARM-Symbols-ssh-add.pdb-FE719DF29C5AA50F50128E9612F8EF2A242605B4",
        "SPDXRef-File--OpenSSH-ARM-sshd-session.exe-49FB99924CA6EE443F263EAB2D7E4AB28A359501",
        "SPDXRef-File--OpenSSH-ARM-ssh-sk-helper.exe-9BBA4DE3B4EC8D1A78FBD6C671BA2688B2035E83",
        "SPDXRef-File--OpenSSH-ARM-ssh-add.exe-FAEA23900E78E56620B732CC34123C6CC0562872",
        "SPDXRef-File--OpenSSH-ARM-sshd-config-default-7F6AC27C5927EF4127C392D53DDD5DB763B65A1E",
        "SPDXRef-File--OpenSSH-ARM-ssh-shellhost.exe-8D9D78CBD6D9EE1B41DABBE1948208F42F588DF6",
        "SPDXRef-File--OpenSSH-ARM-NOTICE.txt-0C6BEDA8BE1A704C0C2615D4A481BACA0E56372D",
        "SPDXRef-File--OpenSSH-ARM-ssh.exe-59AF151E2F7D3A9C1F43907DA24CD2EFD1D77E07",
        "SPDXRef-File--OpenSSH-ARM-ssh-keygen.exe-C4DEB85080AA6F0579026BF9CBB88AB733924E7E",
        "SPDXRef-File--OpenSSH-ARM-sftp.exe-11E1116B9276A441235C88AB610DF08E8972355E",
        "SPDXRef-File--OpenSSH-ARM-LICENSE.txt-A7739A32F1926D71A9EB22D101287ECEA09A6AC5",
        "SPDXRef-File--OpenSSH-ARM-moduli-D000837A7C67C88BAAA61D643E48A28B2F40B7AF",
        "SPDXRef-File--OpenSSH-ARM-OpenSSHUtils.psm1-1CE794887000E05FFE7031F16F075DA9C16BC725",
        "SPDXRef-File--OpenSSH-ARM-FixUserFilePermissions.ps1-243C542535A0FDA76CC4E01BD68DA4EAF3467D59",
        "SPDXRef-File--OpenSSH-ARM-Symbols-libcrypto.pdb-32F34C8D8DAD6E7D7C57D47CE3CB7CE707D1D75C",
        "SPDXRef-File--OpenSSH-ARM-Symbols-sftp.pdb-999D932CD8E80F2C382EB5F44F705150AF014CCD",
        "SPDXRef-File--OpenSSH-ARM-sftp-server.exe-3E7FDC3AF911BADD84A0E4C87F009A3C8BA58240",
        "SPDXRef-File--OpenSSH-ARM-sshd.exe-619B267BBB4740AF64FCFC164C0AB01937322F04",
        "SPDXRef-File--OpenSSH-ARM-OpenSSHUtils.psd1-C1E10FD3F6A466965EE3586F51DC26A6543ABA35",
        "SPDXRef-File--OpenSSH-ARM-FixHostFilePermissions.ps1-05DF86A92EDC09EFCA028BD1DED3806ED8BE2F2D",
        "SPDXRef-File--OpenSSH-ARM-Symbols-scp.pdb-FB37CC179A66429F93451C3903A06964CD0B1D7D",
        "SPDXRef-File--OpenSSH-ARM-Symbols-ssh-agent.pdb-1B737248C49040F68EFD7009F6EFE8BAFFA12377",
        "SPDXRef-File--OpenSSH-ARM-libcrypto.dll-059641DD0B246AE9B57A74A1603BC2A7B33EBE7B",
        "SPDXRef-File--OpenSSH-ARM-uninstall-sshd.ps1-692F3ACB375375B3E2889632DF279CDA8FE0AF6A",
        "SPDXRef-File--OpenSSH-ARM-ssh-keyscan.exe-4483A6937472BA981A8C6683E3BC1FBD717704D5",
        "SPDXRef-File--OpenSSH-ARM-ssh-pkcs11-helper.exe-002B6A46D496BE8F1B3F4838B040F0C056BE3C31",
        "SPDXRef-File--OpenSSH-ARM-install-sshd.ps1-4E5A28C2F123D1AAB74E6467D5B672837597188D",
        "SPDXRef-File--OpenSSH-ARM-openssh-events.man-39F0E1C5FDF3F456EEAF9F1A5696A7CA64617F86"
      ]
    }
  ],
  "externalDocumentRefs": [
    {
      "externalDocumentId": "DocumentRef-libfido2-1.15.0-b4d71991155efc0e5c2b2f7186ccbec3b7e54cb6",
      "spdxDocument": "https://sbom.microsoft/1:2QSF7qZlbE-F7QrUJlEo7g:Ifmy0CRpKEe0S33n1Rdb-w/2912:530705/libfido2:1.15.0:I44gQlgQAkeFIC0SjN9gPw",
      "checksum": {
        "algorithm": "SHA1",
        "checksumValue": "b4d71991155efc0e5c2b2f7186ccbec3b7e54cb6"
      }
    },
    {
      "externalDocumentId": "DocumentRef-ZLib-1.3.1-16232b68c57e9d662108a05698d26f43c0acabea",
      "spdxDocument": "https://sbom.microsoft/1:2QSF7qZlbE-F7QrUJlEo7g:Ifmy0CRpKEe0S33n1Rdb-w/2901:522012/ZLib:1.3.1:0alOYoxgr0aKgbhQo6OyNw",
      "checksum": {
        "algorithm": "SHA1",
        "checksumValue": "16232b68c57e9d662108a05698d26f43c0acabea"
      }
    },
    {
      "externalDocumentId": "DocumentRef-LibreSSL-4.0.0.0-4eaf53d434ebcc53c686f3abfee54baf11effcf0",
      "spdxDocument": "https://sbom.microsoft/1:2QSF7qZlbE-F7QrUJlEo7g:Ifmy0CRpKEe0S33n1Rdb-w/2904:575877/LibreSSL:4.0.0.0:WMH2o0P7HE6tnReYBNrzWQ",
      "checksum": {
        "algorithm": "SHA1",
        "checksumValue": "4eaf53d434ebcc53c686f3abfee54baf11effcf0"
      }
    }
  ],
  "relationships": [
    {
      "relationshipType": "DESCRIBES",
      "relatedSpdxElement": "SPDXRef-RootPackage",
      "spdxElementId": "SPDXRef-DOCUMENT"
    },
    {
      "relationshipType": "DESCRIBED_BY",
      "relatedSpdxElement": "SPDXRef-DOCUMENT",
      "spdxElementId": "SPDXRef-File--..-..-s-OSS-Microsoft-OpenSSH-Dev-contrib-win32-openssh-LibreSSL--manifest-spdx-2.2-manifest.spdx.json-4EAF53D434EBCC53C686F3ABFEE54BAF11EFFCF0"
    },
    {
      "relationshipType": "DEPENDS_ON",
      "relatedSpdxElement": "SPDXRef-Package-50FA054C3CF71B778225C94E02FCA57826614416A915D007D604DF84D814DFA2",
      "spdxElementId": "SPDXRef-RootPackage"
    },
    {
      "relationshipType": "DESCRIBED_BY",
      "relatedSpdxElement": "SPDXRef-DOCUMENT",
      "spdxElementId": "SPDXRef-File--..-..-s-OSS-Microsoft-OpenSSH-Dev-contrib-win32-openssh-ZLib--manifest-spdx-2.2-manifest.spdx.json-16232B68C57E9D662108A05698D26F43C0ACABEA"
    },
    {
      "relationshipType": "DESCRIBED_BY",
      "relatedSpdxElement": "SPDXRef-DOCUMENT",
      "spdxElementId": "SPDXRef-File--..-..-s-OSS-Microsoft-OpenSSH-Dev-contrib-win32-openssh-libfido2--manifest-spdx-2.2-manifest.spdx.json-B4D71991155EFC0E5C2B2F7186CCBEC3B7E54CB6"
    },
    {
      "relationshipType": "DEPENDS_ON",
      "relatedSpdxElement": "SPDXRef-Package-41513D39CF449D8ADCB8FD146C5BA8697DDD30C2F972014C55C4A6EC6AA7EB76",
      "spdxElementId": "SPDXRef-RootPackage"
    },
    {
      "relationshipType": "DEPENDS_ON",
      "relatedSpdxElement": "SPDXRef-Package-DBE1ADCC77824D44C3798D437C096E9C2F45322F9BFB9D84DF3B676062741CAA",
      "spdxElementId": "SPDXRef-RootPackage"
    },
    {
      "relationshipType": "DEPENDS_ON",
      "relatedSpdxElement": "SPDXRef-Package-971DCD74BBB31990D0289EF759070595E5B80F51DA88731700252A67F3064BD6",
      "spdxElementId": "SPDXRef-RootPackage"
    },
    {
      "relationshipType": "DEPENDS_ON",
      "relatedSpdxElement": "SPDXRef-Package-0453B7455A0B8778D4DD20EE81622AB2F93F2F060FF21F033C6ECF10EA3EFE9F",
      "spdxElementId": "SPDXRef-RootPackage"
    },
    {
      "relationshipType": "DEPENDS_ON",
      "relatedSpdxElement": "SPDXRef-Package-C48644207E7AC039A85B1C41085F3B31ADE0273DA9D828D7D7C0D1F0CD93B8BA",
      "spdxElementId": "SPDXRef-RootPackage"
    },
    {
      "relationshipType": "DEPENDS_ON",
      "relatedSpdxElement": "SPDXRef-Package-5F010068EE8252D5E475FC87F530282199C049CDFAEE9F55FC2F5CB2AE696F17",
      "spdxElementId": "SPDXRef-RootPackage"
    },
    {
      "relationshipType": "DEPENDS_ON",
      "relatedSpdxElement": "SPDXRef-Package-7D958500B3992EFD73E1B44F7EE13941A499D40BC9121889534BA2383A0CBB0D",
      "spdxElementId": "SPDXRef-RootPackage"
    },
    {
      "relationshipType": "DEPENDS_ON",
      "relatedSpdxElement": "SPDXRef-Package-9614F2FF20731E430A1CE5431F21F43F46BDB83CB7CFF36ACA5BA70896E2A5B3",
      "spdxElementId": "SPDXRef-RootPackage"
    },
    {
      "relationshipType": "PREREQUISITE_FOR",
      "relatedSpdxElement": "DocumentRef-LibreSSL-4.0.0.0-4eaf53d434ebcc53c686f3abfee54baf11effcf0:SPDXRef-RootPackage",
      "spdxElementId": "SPDXRef-RootPackage"
    },
    {
      "relationshipType": "PREREQUISITE_FOR",
      "relatedSpdxElement": "DocumentRef-ZLib-1.3.1-16232b68c57e9d662108a05698d26f43c0acabea:SPDXRef-RootPackage",
      "spdxElementId": "SPDXRef-RootPackage"
    },
    {
      "relationshipType": "PREREQUISITE_FOR",
      "relatedSpdxElement": "DocumentRef-libfido2-1.15.0-b4d71991155efc0e5c2b2f7186ccbec3b7e54cb6:SPDXRef-RootPackage",
      "spdxElementId": "SPDXRef-RootPackage"
    }
  ],
  "spdxVersion": "SPDX-2.2",
  "dataLicense": "CC0-1.0",
  "SPDXID": "SPDXRef-DOCUMENT",
  "name": "OpenSSH 9.8.3.0",
  "documentNamespace": "https://sbom.microsoft/1:2QSF7qZlbE-F7QrUJlEo7g:Ifmy0CRpKEe0S33n1Rdb-w/2896:582846/OpenSSH:9.8.3.0:8TlHor_N3EijEK8DGZn7oA",
  "creationInfo": {
    "created": "2025-04-17T20:50:36Z",
    "creators": [
      "Organization: Microsoft",
      "Tool: Microsoft.SBOMTool-3.1.0"
    ]
  },
  "documentDescribes": [
    "SPDXRef-RootPackage"
  ]
}