{
  "files": [
    {
      "fileName": "./../../s/OSS_Microsoft_OpenSSH_Dev/contrib/win32/openssh/ZLib/_manifest/spdx_2.2/manifest.spdx.json",
      "SPDXID": "SPDXRef-File--..-..-s-OSS-Microsoft-OpenSSH-Dev-contrib-win32-openssh-ZLib--manifest-spdx-2.2-manifest.spdx.json-16232B68C57E9D662108A05698D26F43C0ACABEA",
      "checksums": [
        {
          "algorithm": "SHA256",
          "checksumValue": "8faed6bc326795cd62f6c260495d25ffc563dd6c85b94acaa83dc6306f3bee56"
        },
        {
          "algorithm": "SHA1",
          "checksumValue": "16232b68c57e9d662108a05698d26f43c0acabea"
        }
      ],
      "licenseConcluded": "NOASSERTION",
      "licenseInfoInFiles": [
        "NOASSERTION"
      ],
      "copyrightText": "NOASSERTION",
      "fileTypes": [
        "SPDX"
      ]
    },
    {
      "fileName": "./../../s/OSS_Microsoft_OpenSSH_Dev/contrib/win32/openssh/libfido2/_manifest/spdx_2.2/manifest.spdx.json",
      "SPDXID": "SPDXRef-File--..-..-s-OSS-Microsoft-OpenSSH-Dev-contrib-win32-openssh-libfido2--manifest-spdx-2.2-manifest.spdx.json-B4D71991155EFC0E5C2B2F7186CCBEC3B7E54CB6",
      "checksums": [
        {
          "algorithm": "SHA256",
          "checksumValue": "88b03732d10ef8588678ebe6e837ffe201d21d2c5034e30c1203602d36484cc4"
        },
        {
          "algorithm": "SHA1",
          "checksumValue": "b4d71991155efc0e5c2b2f7186ccbec3b7e54cb6"
        }
      ],
      "licenseConcluded": "NOASSERTION",
      "licenseInfoInFiles": [
        "NOASSERTION"
      ],
      "copyrightText": "NOASSERTION",
      "fileTypes": [
        "SPDX"
      ]
    },
    {
      "fileName": "./../../s/OSS_Microsoft_OpenSSH_Dev/contrib/win32/openssh/LibreSSL/_manifest/spdx_2.2/manifest.spdx.json",
      "SPDXID": "SPDXRef-File--..-..-s-OSS-Microsoft-OpenSSH-Dev-contrib-win32-openssh-LibreSSL--manifest-spdx-2.2-manifest.spdx.json-156360D785BE3510595BB31D9DB5364066966965",
      "checksums": [
        {
          "algorithm": "SHA256",
          "checksumValue": "1da66fd492ecbd8333ddaa27b5757d5282b335be7aa75d42906fd09f0b85f134"
        },
        {
          "algorithm": "SHA1",
          "checksumValue": "156360d785be3510595bb31d9db5364066966965"
        }
      ],
      "licenseConcluded": "NOASSERTION",
      "licenseInfoInFiles": [
        "NOASSERTION"
      ],
      "copyrightText": "NOASSERTION",
      "fileTypes": [
        "SPDX"
      ]
    },
    {
      "fileName": "./OpenSSH-ARM/FixUserFilePermissions.ps1",
      "SPDXID": "SPDXRef-File--OpenSSH-ARM-FixUserFilePermissions.ps1-3954ADE6AC83E9E02E5FB4F061923D1B0FA528A7",
      "checksums": [
        {
          "algorithm": "SHA256",
          "checksumValue": "15d1d5b6b154051bcf4b6506b93ad694e295ac28ef16aa1a9885ed6a5d48e2de"
        },
        {
          "algorithm": "SHA1",
          "checksumValue": "3954ade6ac83e9e02e5fb4f061923d1b0fa528a7"
        }
      ],
      "licenseConcluded": "NOASSERTION",
      "licenseInfoInFiles": [
        "NOASSERTION"
      ],
      "copyrightText": "NOASSERTION"
    },
    {
      "fileName": "./OpenSSH-ARM/NOTICE.txt",
      "SPDXID": "SPDXRef-File--OpenSSH-ARM-NOTICE.txt-0C6BEDA8BE1A704C0C2615D4A481BACA0E56372D",
      "checksums": [
        {
          "algorithm": "SHA256",
          "checksumValue": "2cd5f5d0064bc909dfe0f0fc8f4787882c7c379f2730d89e5faa0c2bc57c620b"
        },
        {
          "algorithm": "SHA1",
          "checksumValue": "0c6beda8be1a704c0c2615d4a481baca0e56372d"
        }
      ],
      "licenseConcluded": "NOASSERTION",
      "licenseInfoInFiles": [
        "NOASSERTION"
      ],
      "copyrightText": "NOASSERTION"
    },
    {
      "fileName": "./OpenSSH-ARM/FixHostFilePermissions.ps1",
      "SPDXID": "SPDXRef-File--OpenSSH-ARM-FixHostFilePermissions.ps1-31F6437D57F976BD58AAB9B6A3AAD1FFFC3C3434",
      "checksums": [
        {
          "algorithm": "SHA256",
          "checksumValue": "a4864c944df9e2ec998ed57b0c34c1f0c21d7e045518a9dcc5d823e62f23ff1f"
        },
        {
          "algorithm": "SHA1",
          "checksumValue": "31f6437d57f976bd58aab9b6a3aad1fffc3c3434"
        }
      ],
      "licenseConcluded": "NOASSERTION",
      "licenseInfoInFiles": [
        "NOASSERTION"
      ],
      "copyrightText": "NOASSERTION"
    },
    {
      "fileName": "./OpenSSH-ARM/LICENSE.txt",
      "SPDXID": "SPDXRef-File--OpenSSH-ARM-LICENSE.txt-A7739A32F1926D71A9EB22D101287ECEA09A6AC5",
      "checksums": [
        {
          "algorithm": "SHA256",
          "checksumValue": "e6a25da96c2fccdc025caad56d99f87851ec3fe814a3cea83f2bc77ffc800681"
        },
        {
          "algorithm": "SHA1",
          "checksumValue": "a7739a32f1926d71a9eb22d101287ecea09a6ac5"
        }
      ],
      "licenseConcluded": "NOASSERTION",
      "licenseInfoInFiles": [
        "NOASSERTION"
      ],
      "copyrightText": "NOASSERTION"
    },
    {
      "fileName": "./OpenSSH-ARM/install-sshd.ps1",
      "SPDXID": "SPDXRef-File--OpenSSH-ARM-install-sshd.ps1-9C4C829360810AE919C1F37EF73666644E335EA2",
      "checksums": [
        {
          "algorithm": "SHA256",
          "checksumValue": "61c8d325c92e4bbe5dd35e4d39325e8a514c07b3d901cc0232edae6cce818d16"
        },
        {
          "algorithm": "SHA1",
          "checksumValue": "9c4c829360810ae919c1f37ef73666644e335ea2"
        }
      ],
      "licenseConcluded": "NOASSERTION",
      "licenseInfoInFiles": [
        "NOASSERTION"
      ],
      "copyrightText": "NOASSERTION"
    },
    {
      "fileName": "./OpenSSH-ARM/openssh-events.man",
      "SPDXID": "SPDXRef-File--OpenSSH-ARM-openssh-events.man-39F0E1C5FDF3F456EEAF9F1A5696A7CA64617F86",
      "checksums": [
        {
          "algorithm": "SHA256",
          "checksumValue": "c36019e53e3045cba2639bf35ed1e2498e3563b272533e53301165c31ab60199"
        },
        {
          "algorithm": "SHA1",
          "checksumValue": "39f0e1c5fdf3f456eeaf9f1a5696a7ca64617f86"
        }
      ],
      "licenseConcluded": "NOASSERTION",
      "licenseInfoInFiles": [
        "NOASSERTION"
      ],
      "copyrightText": "NOASSERTION"
    },
    {
      "fileName": "./OpenSSH-ARM/OpenSSHUtils.psm1",
      "SPDXID": "SPDXRef-File--OpenSSH-ARM-OpenSSHUtils.psm1-8EA55A1ED6581DF1F9127492EB88C88E1E9D294E",
      "checksums": [
        {
          "algorithm": "SHA256",
          "checksumValue": "a413293995248d6c9b2cc034c1138c54305f1a801f301a82eb58ae7005aa1a11"
        },
        {
          "algorithm": "SHA1",
          "checksumValue": "8ea55a1ed6581df1f9127492eb88c88e1e9d294e"
        }
      ],
      "licenseConcluded": "NOASSERTION",
      "licenseInfoInFiles": [
        "NOASSERTION"
      ],
      "copyrightText": "NOASSERTION"
    },
    {
      "fileName": "./OpenSSH-ARM/OpenSSHUtils.psd1",
      "SPDXID": "SPDXRef-File--OpenSSH-ARM-OpenSSHUtils.psd1-CD41E4BF0A52C62F67EDB73CBA4BD77E26B200EC",
      "checksums": [
        {
          "algorithm": "SHA256",
          "checksumValue": "c1faad611926f69bff22842339622132725520c833cea657ac5cab143e95ae3b"
        },
        {
          "algorithm": "SHA1",
          "checksumValue": "cd41e4bf0a52c62f67edb73cba4bd77e26b200ec"
        }
      ],
      "licenseConcluded": "NOASSERTION",
      "licenseInfoInFiles": [
        "NOASSERTION"
      ],
      "copyrightText": "NOASSERTION"
    },
    {
      "fileName": "./OpenSSH-ARM/sftp.exe",
      "SPDXID": "SPDXRef-File--OpenSSH-ARM-sftp.exe-C0F8ED1744DD4FD292B31DAE0DC2BBCCEF15E36D",
      "checksums": [
        {
          "algorithm": "SHA256",
          "checksumValue": "abcccbeff17870168eba1e67cabe61f022e5761508f5168f3c3c7858e406aaa4"
        },
        {
          "algorithm": "SHA1",
          "checksumValue": "c0f8ed1744dd4fd292b31dae0dc2bbccef15e36d"
        }
      ],
      "licenseConcluded": "NOASSERTION",
      "licenseInfoInFiles": [
        "NOASSERTION"
      ],
      "copyrightText": "NOASSERTION"
    },
    {
      "fileName": "./OpenSSH-ARM/scp.exe",
      "SPDXID": "SPDXRef-File--OpenSSH-ARM-scp.exe-047A49EC999358F7A753EFA2D6D62A5317245AEC",
      "checksums": [
        {
          "algorithm": "SHA256",
          "checksumValue": "8cb6506141e67904a655a13efbed7ac9a41b22dae588be8c92695319a72b177e"
        },
        {
          "algorithm": "SHA1",
          "checksumValue": "047a49ec999358f7a753efa2d6d62a5317245aec"
        }
      ],
      "licenseConcluded": "NOASSERTION",
      "licenseInfoInFiles": [
        "NOASSERTION"
      ],
      "copyrightText": "NOASSERTION"
    },
    {
      "fileName": "./OpenSSH-ARM/ssh-agent.exe",
      "SPDXID": "SPDXRef-File--OpenSSH-ARM-ssh-agent.exe-18695E9B2E2521736E0CB5AA62A912C3C18C18F7",
      "checksums": [
        {
          "algorithm": "SHA256",
          "checksumValue": "88442809f8d55e2ac27a4401c0f2c28b134ba633ce379b45cdd00d7ddf4fd072"
        },
        {
          "algorithm": "SHA1",
          "checksumValue": "18695e9b2e2521736e0cb5aa62a912c3c18c18f7"
        }
      ],
      "licenseConcluded": "NOASSERTION",
      "licenseInfoInFiles": [
        "NOASSERTION"
      ],
      "copyrightText": "NOASSERTION"
    },
    {
      "fileName": "./OpenSSH-ARM/moduli",
      "SPDXID": "SPDXRef-File--OpenSSH-ARM-moduli-D000837A7C67C88BAAA61D643E48A28B2F40B7AF",
      "checksums": [
        {
          "algorithm": "SHA256",
          "checksumValue": "bd6b9d63cd668af7ba13ae367f40a9efa30986aba0e4d91a03e212992351daeb"
        },
        {
          "algorithm": "SHA1",
          "checksumValue": "d000837a7c67c88baaa61d643e48a28b2f40b7af"
        }
      ],
      "licenseConcluded": "NOASSERTION",
      "licenseInfoInFiles": [
        "NOASSERTION"
      ],
      "copyrightText": "NOASSERTION"
    },
    {
      "fileName": "./OpenSSH-ARM/ssh-pkcs11-helper.exe",
      "SPDXID": "SPDXRef-File--OpenSSH-ARM-ssh-pkcs11-helper.exe-E1BBE616F15E8CD1018C9345AF85FD7466720925",
      "checksums": [
        {
          "algorithm": "SHA256",
          "checksumValue": "d3a84ef0afe90d03c3ba294f098cafa3d92362f64d580dcee1e7b44943404573"
        },
        {
          "algorithm": "SHA1",
          "checksumValue": "e1bbe616f15e8cd1018c9345af85fd7466720925"
        }
      ],
      "licenseConcluded": "NOASSERTION",
      "licenseInfoInFiles": [
        "NOASSERTION"
      ],
      "copyrightText": "NOASSERTION"
    },
    {
      "fileName": "./OpenSSH-ARM/ssh-shellhost.exe",
      "SPDXID": "SPDXRef-File--OpenSSH-ARM-ssh-shellhost.exe-B0B5872FDD717CA303BB516196F8EC34E1819B3F",
      "checksums": [
        {
          "algorithm": "SHA256",
          "checksumValue": "6fbcbc48502a4619116f328952bd9a58bb62d84059c35fa29ce2970b16ee2000"
        },
        {
          "algorithm": "SHA1",
          "checksumValue": "b0b5872fdd717ca303bb516196f8ec34e1819b3f"
        }
      ],
      "licenseConcluded": "NOASSERTION",
      "licenseInfoInFiles": [
        "NOASSERTION"
      ],
      "copyrightText": "NOASSERTION"
    },
    {
      "fileName": "./OpenSSH-ARM/ssh-keyscan.exe",
      "SPDXID": "SPDXRef-File--OpenSSH-ARM-ssh-keyscan.exe-E86C4042EBA70101D77722CFFD6055772DC6BB65",
      "checksums": [
        {
          "algorithm": "SHA256",
          "checksumValue": "2bf4afcbbad7c2b0969b6f8932b3c0fb209c712607bf21e08edb3d04be1dba03"
        },
        {
          "algorithm": "SHA1",
          "checksumValue": "e86c4042eba70101d77722cffd6055772dc6bb65"
        }
      ],
      "licenseConcluded": "NOASSERTION",
      "licenseInfoInFiles": [
        "NOASSERTION"
      ],
      "copyrightText": "NOASSERTION"
    },
    {
      "fileName": "./OpenSSH-ARM/uninstall-sshd.ps1",
      "SPDXID": "SPDXRef-File--OpenSSH-ARM-uninstall-sshd.ps1-0A25CD010DAD93A3EB42A11A470B7A33CB4C0E51",
      "checksums": [
        {
          "algorithm": "SHA256",
          "checksumValue": "5d21a34b74529b1e3bb13570ec96f81e8529e2d52f8f3c61984fe98371730dd8"
        },
        {
          "algorithm": "SHA1",
          "checksumValue": "0a25cd010dad93a3eb42a11a470b7a33cb4c0e51"
        }
      ],
      "licenseConcluded": "NOASSERTION",
      "licenseInfoInFiles": [
        "NOASSERTION"
      ],
      "copyrightText": "NOASSERTION"
    },
    {
      "fileName": "./OpenSSH-ARM/ssh-keygen.exe",
      "SPDXID": "SPDXRef-File--OpenSSH-ARM-ssh-keygen.exe-F209687DC5351A0DF4E9064B27033B9689627C91",
      "checksums": [
        {
          "algorithm": "SHA256",
          "checksumValue": "1b0db974e0ea7248113c4962eb17cb7d5fa4b122cf5615da8cc2f4710e31d6ad"
        },
        {
          "algorithm": "SHA1",
          "checksumValue": "f209687dc5351a0df4e9064b27033b9689627c91"
        }
      ],
      "licenseConcluded": "NOASSERTION",
      "licenseInfoInFiles": [
        "NOASSERTION"
      ],
      "copyrightText": "NOASSERTION"
    },
    {
      "fileName": "./OpenSSH-ARM/sshd_config_default",
      "SPDXID": "SPDXRef-File--OpenSSH-ARM-sshd-config-default-825CDEC4CF05869C74B01E7A1C8BF3C5E2C45CD8",
      "checksums": [
        {
          "algorithm": "SHA256",
          "checksumValue": "99f373a06dfa706f0a8a98d655c776850305b4b1ea3bf9a33fa926897bb15649"
        },
        {
          "algorithm": "SHA1",
          "checksumValue": "825cdec4cf05869c74b01e7a1c8bf3c5e2c45cd8"
        }
      ],
      "licenseConcluded": "NOASSERTION",
      "licenseInfoInFiles": [
        "NOASSERTION"
      ],
      "copyrightText": "NOASSERTION"
    },
    {
      "fileName": "./OpenSSH-ARM/sshd.exe",
      "SPDXID": "SPDXRef-File--OpenSSH-ARM-sshd.exe-7B1D95429571873F1129210FA4FC7F01D7D1ADAB",
      "checksums": [
        {
          "algorithm": "SHA256",
          "checksumValue": "bbedcacfaea7d85b076740400b6931102f01a93305329944960ba1e2e386c05f"
        },
        {
          "algorithm": "SHA1",
          "checksumValue": "7b1d95429571873f1129210fa4fc7f01d7d1adab"
        }
      ],
      "licenseConcluded": "NOASSERTION",
      "licenseInfoInFiles": [
        "NOASSERTION"
      ],
      "copyrightText": "NOASSERTION"
    },
    {
      "fileName": "./OpenSSH-ARM/ssh-add.exe",
      "SPDXID": "SPDXRef-File--OpenSSH-ARM-ssh-add.exe-D90D1CA97297D76CB78F8CB9AE10B9A5FFDDF979",
      "checksums": [
        {
          "algorithm": "SHA256",
          "checksumValue": "1c16ebc7489b8907fbcbc2f50277bb16e73cfa5f5c31b382fb7384b2696d1847"
        },
        {
          "algorithm": "SHA1",
          "checksumValue": "d90d1ca97297d76cb78f8cb9ae10b9a5ffddf979"
        }
      ],
      "licenseConcluded": "NOASSERTION",
      "licenseInfoInFiles": [
        "NOASSERTION"
      ],
      "copyrightText": "NOASSERTION"
    },
    {
      "fileName": "./OpenSSH-ARM/ssh.exe",
      "SPDXID": "SPDXRef-File--OpenSSH-ARM-ssh.exe-4D6AAB144601D2BF7223BD8DCD9AFCDFF4EBB998",
      "checksums": [
        {
          "algorithm": "SHA256",
          "checksumValue": "1604b149262431d412f128e590e25273008bc270ca1e8b9dcb2e3700b0f42f9c"
        },
        {
          "algorithm": "SHA1",
          "checksumValue": "4d6aab144601d2bf7223bd8dcd9afcdff4ebb998"
        }
      ],
      "licenseConcluded": "NOASSERTION",
      "licenseInfoInFiles": [
        "NOASSERTION"
      ],
      "copyrightText": "NOASSERTION"
    },
    {
      "fileName": "./OpenSSH-ARM/libcrypto.dll",
      "SPDXID": "SPDXRef-File--OpenSSH-ARM-libcrypto.dll-957BFECD4F1E20A7C1BC1647EA4F03987F86A244",
      "checksums": [
        {
          "algorithm": "SHA256",
          "checksumValue": "1927e47c02df7e161132770d525595c931f7258002733f1331953417f6e3c9d9"
        },
        {
          "algorithm": "SHA1",
          "checksumValue": "957bfecd4f1e20a7c1bc1647ea4f03987f86a244"
        }
      ],
      "licenseConcluded": "NOASSERTION",
      "licenseInfoInFiles": [
        "NOASSERTION"
      ],
      "copyrightText": "NOASSERTION"
    },
    {
      "fileName": "./OpenSSH-ARM/sftp-server.exe",
      "SPDXID": "SPDXRef-File--OpenSSH-ARM-sftp-server.exe-7A83ACE230CE6A5A6CABD97C4977892E6D358D1A",
      "checksums": [
        {
          "algorithm": "SHA256",
          "checksumValue": "93e509084f2f771c54679ddbe10357dbaf820abe411e0d0fbab94b76789c1af2"
        },
        {
          "algorithm": "SHA1",
          "checksumValue": "7a83ace230ce6a5a6cabd97c4977892e6d358d1a"
        }
      ],
      "licenseConcluded": "NOASSERTION",
      "licenseInfoInFiles": [
        "NOASSERTION"
      ],
      "copyrightText": "NOASSERTION"
    },
    {
      "fileName": "./OpenSSH-ARM/sshd-session.exe",
      "SPDXID": "SPDXRef-File--OpenSSH-ARM-sshd-session.exe-EFDCFF930006274ECD6D302D6EFA85C72607344D",
      "checksums": [
        {
          "algorithm": "SHA256",
          "checksumValue": "85d701a1ba7073267f6729adb9c0ace2af06b9e325df5531dde8341e5e19f54d"
        },
        {
          "algorithm": "SHA1",
          "checksumValue": "efdcff930006274ecd6d302d6efa85c72607344d"
        }
      ],
      "licenseConcluded": "NOASSERTION",
      "licenseInfoInFiles": [
        "NOASSERTION"
      ],
      "copyrightText": "NOASSERTION"
    },
    {
      "fileName": "./OpenSSH-ARM/ssh-sk-helper.exe",
      "SPDXID": "SPDXRef-File--OpenSSH-ARM-ssh-sk-helper.exe-28D8DC028BB2299373754AB4888E0573BDA43EF3",
      "checksums": [
        {
          "algorithm": "SHA256",
          "checksumValue": "8d6efb93c943f59a26b4d173a412e466ea02ce6e7e7222247f75dc3f49374e96"
        },
        {
          "algorithm": "SHA1",
          "checksumValue": "28d8dc028bb2299373754ab4888e0573bda43ef3"
        }
      ],
      "licenseConcluded": "NOASSERTION",
      "licenseInfoInFiles": [
        "NOASSERTION"
      ],
      "copyrightText": "NOASSERTION"
    },
    {
      "fileName": "./OpenSSH-ARM_Symbols/ssh-agent.pdb",
      "SPDXID": "SPDXRef-File--OpenSSH-ARM-Symbols-ssh-agent.pdb-31D65E04E2950A2E4335EC09CC44B99B79D7BB63",
      "checksums": [
        {
          "algorithm": "SHA256",
          "checksumValue": "dacd6fc15e174663baad5a965568303d61877a236a51b2d11aabeaa9c959c8fe"
        },
        {
          "algorithm": "SHA1",
          "checksumValue": "31d65e04e2950a2e4335ec09cc44b99b79d7bb63"
        }
      ],
      "licenseConcluded": "NOASSERTION",
      "licenseInfoInFiles": [
        "NOASSERTION"
      ],
      "copyrightText": "NOASSERTION"
    },
    {
      "fileName": "./OpenSSH-ARM_Symbols/sftp.pdb",
      "SPDXID": "SPDXRef-File--OpenSSH-ARM-Symbols-sftp.pdb-0FF50F2C98E16CFB3B8CAFD7EA35D493F3CFFC74",
      "checksums": [
        {
          "algorithm": "SHA256",
          "checksumValue": "b22a91f54490c76c7915c37cecb42b81ef2cc4889283caab9656c0292ed8bd51"
        },
        {
          "algorithm": "SHA1",
          "checksumValue": "0ff50f2c98e16cfb3b8cafd7ea35d493f3cffc74"
        }
      ],
      "licenseConcluded": "NOASSERTION",
      "licenseInfoInFiles": [
        "NOASSERTION"
      ],
      "copyrightText": "NOASSERTION"
    },
    {
      "fileName": "./OpenSSH-ARM_Symbols/scp.pdb",
      "SPDXID": "SPDXRef-File--OpenSSH-ARM-Symbols-scp.pdb-6E0DF529C7B6900D7FBA58335347DF33436BFE1E",
      "checksums": [
        {
          "algorithm": "SHA256",
          "checksumValue": "7e78fb553f61983ecacac349eeb62d4689c556191b57176368084a1c3d31a17e"
        },
        {
          "algorithm": "SHA1",
          "checksumValue": "6e0df529c7b6900d7fba58335347df33436bfe1e"
        }
      ],
      "licenseConcluded": "NOASSERTION",
      "licenseInfoInFiles": [
        "NOASSERTION"
      ],
      "copyrightText": "NOASSERTION"
    },
    {
      "fileName": "./OpenSSH-ARM_Symbols/ssh-add.pdb",
      "SPDXID": "SPDXRef-File--OpenSSH-ARM-Symbols-ssh-add.pdb-1492051E26A72B5258ADAACADF4370F23D9CF4CA",
      "checksums": [
        {
          "algorithm": "SHA256",
          "checksumValue": "097eb637d8960398b8d58b2ff5effe935a8010fc0e27ed420da038e43f2013e1"
        },
        {
          "algorithm": "SHA1",
          "checksumValue": "1492051e26a72b5258adaacadf4370f23d9cf4ca"
        }
      ],
      "licenseConcluded": "NOASSERTION",
      "licenseInfoInFiles": [
        "NOASSERTION"
      ],
      "copyrightText": "NOASSERTION"
    },
    {
      "fileName": "./OpenSSH-ARM_Symbols/sftp-server.pdb",
      "SPDXID": "SPDXRef-File--OpenSSH-ARM-Symbols-sftp-server.pdb-EB7AADBB1960F85D9369A3350C625632C863A787",
      "checksums": [
        {
          "algorithm": "SHA256",
          "checksumValue": "01ba5265a1d1ac88f68c48fec8e4eb67c146abc7f999c196e5c3bf3447fa5cf1"
        },
        {
          "algorithm": "SHA1",
          "checksumValue": "eb7aadbb1960f85d9369a3350c625632c863a787"
        }
      ],
      "licenseConcluded": "NOASSERTION",
      "licenseInfoInFiles": [
        "NOASSERTION"
      ],
      "copyrightText": "NOASSERTION"
    },
    {
      "fileName": "./OpenSSH-ARM_Symbols/ssh-shellhost.pdb",
      "SPDXID": "SPDXRef-File--OpenSSH-ARM-Symbols-ssh-shellhost.pdb-9BF830926D80AFA89F1BBB4F06C819A7D94A782D",
      "checksums": [
        {
          "algorithm": "SHA256",
          "checksumValue": "0f44531998ba6cd1b5be6b4469757dff43f900edc18c5c4eca5954521b7b67f5"
        },
        {
          "algorithm": "SHA1",
          "checksumValue": "9bf830926d80afa89f1bbb4f06c819a7d94a782d"
        }
      ],
      "licenseConcluded": "NOASSERTION",
      "licenseInfoInFiles": [
        "NOASSERTION"
      ],
      "copyrightText": "NOASSERTION"
    },
    {
      "fileName": "./OpenSSH-ARM_Symbols/ssh-sk-helper.pdb",
      "SPDXID": "SPDXRef-File--OpenSSH-ARM-Symbols-ssh-sk-helper.pdb-8F6E9D7EB7762E5D30C2186723C604F71EAB9A92",
      "checksums": [
        {
          "algorithm": "SHA256",
          "checksumValue": "b620dd683c15b1c892fd6012369290963dcc2d6e2d2cd3ab1472a4bb0e881e4d"
        },
        {
          "algorithm": "SHA1",
          "checksumValue": "8f6e9d7eb7762e5d30c2186723c604f71eab9a92"
        }
      ],
      "licenseConcluded": "NOASSERTION",
      "licenseInfoInFiles": [
        "NOASSERTION"
      ],
      "copyrightText": "NOASSERTION"
    },
    {
      "fileName": "./OpenSSH-ARM_Symbols/sshd.pdb",
      "SPDXID": "SPDXRef-File--OpenSSH-ARM-Symbols-sshd.pdb-F503FA9487F6E7413BDF74DBFEF3D21F04C34918",
      "checksums": [
        {
          "algorithm": "SHA256",
          "checksumValue": "78d184dcdd40fae52123f2b47241bd7f141e5798aa1cf7ffbddc956de0810bd6"
        },
        {
          "algorithm": "SHA1",
          "checksumValue": "f503fa9487f6e7413bdf74dbfef3d21f04c34918"
        }
      ],
      "licenseConcluded": "NOASSERTION",
      "licenseInfoInFiles": [
        "NOASSERTION"
      ],
      "copyrightText": "NOASSERTION"
    },
    {
      "fileName": "./OpenSSH-ARM_Symbols/ssh.pdb",
      "SPDXID": "SPDXRef-File--OpenSSH-ARM-Symbols-ssh.pdb-3E524DCFFE789265F24EB58F535AA57B01E27F4A",
      "checksums": [
        {
          "algorithm": "SHA256",
          "checksumValue": "618622f6e1ebaa82195832675a50f8ea75c64daf3a6c047b95bf9047bd8b2b80"
        },
        {
          "algorithm": "SHA1",
          "checksumValue": "3e524dcffe789265f24eb58f535aa57b01e27f4a"
        }
      ],
      "licenseConcluded": "NOASSERTION",
      "licenseInfoInFiles": [
        "NOASSERTION"
      ],
      "copyrightText": "NOASSERTION"
    },
    {
      "fileName": "./OpenSSH-ARM_Symbols/sshd-session.pdb",
      "SPDXID": "SPDXRef-File--OpenSSH-ARM-Symbols-sshd-session.pdb-C3B97BCE164C4AE6282DF1B67D0A79F52927728A",
      "checksums": [
        {
          "algorithm": "SHA256",
          "checksumValue": "4abc2f98bfcb9c62fc55aaf1e58bb6ec0ad433e16b6e8a439e1720fc71587553"
        },
        {
          "algorithm": "SHA1",
          "checksumValue": "c3b97bce164c4ae6282df1b67d0a79f52927728a"
        }
      ],
      "licenseConcluded": "NOASSERTION",
      "licenseInfoInFiles": [
        "NOASSERTION"
      ],
      "copyrightText": "NOASSERTION"
    },
    {
      "fileName": "./OpenSSH-ARM_BuildInfo/Unittests-ARM.zip",
      "SPDXID": "SPDXRef-File--OpenSSH-ARM-BuildInfo-Unittests-ARM.zip-AF8EC1CB4DF5E82908DFF3EF8088EFA0CAE4E13A",
      "checksums": [
        {
          "algorithm": "SHA256",
          "checksumValue": "8d38bf3b9a70e371ac903cbe584d31628ec1a2698e1b189961fc58b38dbef6f2"
        },
        {
          "algorithm": "SHA1",
          "checksumValue": "af8ec1cb4df5e82908dff3ef8088efa0cae4e13a"
        }
      ],
      "licenseConcluded": "NOASSERTION",
      "licenseInfoInFiles": [
        "NOASSERTION"
      ],
      "copyrightText": "NOASSERTION"
    },
    {
      "fileName": "./OpenSSH-ARM_Symbols/libcrypto.pdb",
      "SPDXID": "SPDXRef-File--OpenSSH-ARM-Symbols-libcrypto.pdb-F6C942400D0B757F54ECAF3B9D163A2798D675D6",
      "checksums": [
        {
          "algorithm": "SHA256",
          "checksumValue": "892eb858de9a522a0c1306b707a0bdfb367ff2033d124f0afe1115a20b4c55fc"
        },
        {
          "algorithm": "SHA1",
          "checksumValue": "f6c942400d0b757f54ecaf3b9d163a2798d675d6"
        }
      ],
      "licenseConcluded": "NOASSERTION",
      "licenseInfoInFiles": [
        "NOASSERTION"
      ],
      "copyrightText": "NOASSERTION"
    },
    {
      "fileName": "./OpenSSH-ARM_Symbols/ssh-keyscan.pdb",
      "SPDXID": "SPDXRef-File--OpenSSH-ARM-Symbols-ssh-keyscan.pdb-7941806E6A4ED297453B199C300ECEE1092614BF",
      "checksums": [
        {
          "algorithm": "SHA256",
          "checksumValue": "250849ebb982f2374ceede6f603fd3ce28ff6d513bbeff7a0851b373eccffcf8"
        },
        {
          "algorithm": "SHA1",
          "checksumValue": "7941806e6a4ed297453b199c300ecee1092614bf"
        }
      ],
      "licenseConcluded": "NOASSERTION",
      "licenseInfoInFiles": [
        "NOASSERTION"
      ],
      "copyrightText": "NOASSERTION"
    },
    {
      "fileName": "./OpenSSH-ARM_Symbols/ssh-pkcs11-helper.pdb",
      "SPDXID": "SPDXRef-File--OpenSSH-ARM-Symbols-ssh-pkcs11-helper.pdb-82A9E79CD9E06EFB902AC232FA899F2C2586D4C2",
      "checksums": [
        {
          "algorithm": "SHA256",
          "checksumValue": "014df124174480120b7b1433cb2b66cac9dd0da5429dc60b4d1a2eb3569b0508"
        },
        {
          "algorithm": "SHA1",
          "checksumValue": "82a9e79cd9e06efb902ac232fa899f2c2586d4c2"
        }
      ],
      "licenseConcluded": "NOASSERTION",
      "licenseInfoInFiles": [
        "NOASSERTION"
      ],
      "copyrightText": "NOASSERTION"
    },
    {
      "fileName": "./OpenSSH-ARM_BuildInfo/OpenSSHReleaseARM.log",
      "SPDXID": "SPDXRef-File--OpenSSH-ARM-BuildInfo-OpenSSHReleaseARM.log-153D73F5275353A51882BA7792A552F8CDACEFFC",
      "checksums": [
        {
          "algorithm": "SHA256",
          "checksumValue": "c58f046fa6ee4bb5a7cd894248ab19e8bf8d64a1e58d37a4b505d845d93a31a4"
        },
        {
          "algorithm": "SHA1",
          "checksumValue": "153d73f5275353a51882ba7792a552f8cdaceffc"
        }
      ],
      "licenseConcluded": "NOASSERTION",
      "licenseInfoInFiles": [
        "NOASSERTION"
      ],
      "copyrightText": "NOASSERTION"
    },
    {
      "fileName": "./OpenSSH-ARM_Symbols/ssh-keygen.pdb",
      "SPDXID": "SPDXRef-File--OpenSSH-ARM-Symbols-ssh-keygen.pdb-B91F4451B395F25AB9329D9EF8EEA9CA06E481DC",
      "checksums": [
        {
          "algorithm": "SHA256",
          "checksumValue": "c67295a23c3694d3d2c4d6fa63083b9edfe5b667fdb2c2c27d05036ac4a7729f"
        },
        {
          "algorithm": "SHA1",
          "checksumValue": "b91f4451b395f25ab9329d9ef8eea9ca06e481dc"
        }
      ],
      "licenseConcluded": "NOASSERTION",
      "licenseInfoInFiles": [
        "NOASSERTION"
      ],
      "copyrightText": "NOASSERTION"
    }
  ],
  "packages": [
    {
      "name": "powershell_zlib",
      "SPDXID": "SPDXRef-Package-7D958500B3992EFD73E1B44F7EE13941A499D40BC9121889534BA2383A0CBB0D",
      "downloadLocation": "https://github.com/PowerShell/ZLib/releases/tag/V1.3.1.zip",
      "filesAnalyzed": false,
      "licenseConcluded": "NOASSERTION",
      "licenseDeclared": "NOASSERTION",
      "copyrightText": "NOASSERTION",
      "versionInfo": "1.3.1",
      "supplier": "NOASSERTION"
    },
    {
      "name": "libcbor",
      "SPDXID": "SPDXRef-Package-971DCD74BBB31990D0289EF759070595E5B80F51DA88731700252A67F3064BD6",
      "downloadLocation": "https://github.com/PJK/libcbor",
      "filesAnalyzed": false,
      "licenseConcluded": "NOASSERTION",
      "licenseDeclared": "NOASSERTION",
      "copyrightText": "NOASSERTION",
      "versionInfo": "0.11.0",
      "supplier": "NOASSERTION"
    },
    {
      "name": "powershell_libfido2",
      "SPDXID": "SPDXRef-Package-50FA054C3CF71B778225C94E02FCA57826614416A915D007D604DF84D814DFA2",
      "downloadLocation": "https://github.com/PowerShell/libfido2/archive/refs/tags/1.15.0.zip",
      "filesAnalyzed": false,
      "licenseConcluded": "NOASSERTION",
      "licenseDeclared": "NOASSERTION",
      "copyrightText": "NOASSERTION",
      "versionInfo": "1.15.0",
      "supplier": "NOASSERTION"
    },
    {
      "name": "powershell_libcbor",
      "SPDXID": "SPDXRef-Package-41513D39CF449D8ADCB8FD146C5BA8697DDD30C2F972014C55C4A6EC6AA7EB76",
      "downloadLocation": "https://github.com/PowerShell/libcbor",
      "filesAnalyzed": false,
      "licenseConcluded": "NOASSERTION",
      "licenseDeclared": "NOASSERTION",
      "copyrightText": "NOASSERTION",
      "versionInfo": "0.11.0",
      "supplier": "NOASSERTION"
    },
    {
      "name": "zlib",
      "SPDXID": "SPDXRef-Package-C48644207E7AC039A85B1C41085F3B31ADE0273DA9D828D7D7C0D1F0CD93B8BA",
      "downloadLocation": "http://zlib.net/",
      "filesAnalyzed": false,
      "licenseConcluded": "NOASSERTION",
      "licenseDeclared": "NOASSERTION",
      "copyrightText": "NOASSERTION",
      "versionInfo": "1.3.1",
      "supplier": "NOASSERTION"
    },
    {
      "name": "libfido2",
      "SPDXID": "SPDXRef-Package-DBE1ADCC77824D44C3798D437C096E9C2F45322F9BFB9D84DF3B676062741CAA",
      "downloadLocation": "https://github.com/Yubico/libfido2",
      "filesAnalyzed": false,
      "licenseConcluded": "NOASSERTION",
      "licenseDeclared": "NOASSERTION",
      "copyrightText": "NOASSERTION",
      "versionInfo": "1.15.0",
      "supplier": "NOASSERTION"
    },
    {
      "name": "libressl",
      "SPDXID": "SPDXRef-Package-A6B550AE63FAE4F6684F78074DA208B4ADECD0551CB1D2393374A21604B75A9F",
      "downloadLocation": "https://www.libressl.org/",
      "filesAnalyzed": false,
      "licenseConcluded": "NOASSERTION",
      "licenseDeclared": "NOASSERTION",
      "copyrightText": "NOASSERTION",
      "versionInfo": "3.9.2.0",
      "supplier": "NOASSERTION"
    },
    {
      "name": "WiX",
      "SPDXID": "SPDXRef-Package-0453B7455A0B8778D4DD20EE81622AB2F93F2F060FF21F033C6ECF10EA3EFE9F",
      "downloadLocation": "NOASSERTION",
      "filesAnalyzed": false,
      "licenseConcluded": "NOASSERTION",
      "licenseDeclared": "NOASSERTION",
      "copyrightText": "NOASSERTION",
      "versionInfo": "3.14.1",
      "externalRefs": [
        {
          "referenceCategory": "PACKAGE-MANAGER",
          "referenceType": "purl",
          "referenceLocator": "pkg:nuget/WiX@3.14.1"
        }
      ],
      "supplier": "NOASSERTION"
    },
    {
      "name": "powershell_libressl",
      "SPDXID": "SPDXRef-Package-182A9D7AD66AD96CB9B50CB7C7277CC82B7319584FF0AD78065EFF674DC885E2",
      "downloadLocation": "https://github.com/PowerShell/LibreSSL/releases/tag/V3.9.2.0.zip",
      "filesAnalyzed": false,
      "licenseConcluded": "NOASSERTION",
      "licenseDeclared": "NOASSERTION",
      "copyrightText": "NOASSERTION",
      "versionInfo": "3.9.2.0",
      "supplier": "NOASSERTION"
    },
    {
      "name": "OpenSSH",
      "SPDXID": "SPDXRef-RootPackage",
      "downloadLocation": "NOASSERTION",
      "packageVerificationCode": {
        "packageVerificationCodeValue": "f5f36c45ecb4a161671e7d1cfba3badc03879aab"
      },
      "filesAnalyzed": true,
      "licenseConcluded": "NOASSERTION",
      "licenseInfoFromFiles": [
        "NOASSERTION"
      ],
      "licenseDeclared": "NOASSERTION",
      "copyrightText": "NOASSERTION",
      "versionInfo": "9.8.1.0",
      "externalRefs": [
        {
          "referenceCategory": "PACKAGE-MANAGER",
          "referenceType": "purl",
          "referenceLocator": "pkg:swid/Microsoft/sbom.microsoft/OpenSSH@9.8.1.0?tag_id=74590b74-367d-408d-97ee-6cb695b65af0"
        }
      ],
      "supplier": "Organization: Microsoft",
      "hasFiles": [
        "SPDXRef-File--OpenSSH-ARM-Symbols-ssh-keyscan.pdb-7941806E6A4ED297453B199C300ECEE1092614BF",
        "SPDXRef-File--OpenSSH-ARM-Symbols-libcrypto.pdb-F6C942400D0B757F54ECAF3B9D163A2798D675D6",
        "SPDXRef-File--OpenSSH-ARM-BuildInfo-Unittests-ARM.zip-AF8EC1CB4DF5E82908DFF3EF8088EFA0CAE4E13A",
        "SPDXRef-File--OpenSSH-ARM-Symbols-ssh-keygen.pdb-B91F4451B395F25AB9329D9EF8EEA9CA06E481DC",
        "SPDXRef-File--OpenSSH-ARM-Symbols-sshd-session.pdb-C3B97BCE164C4AE6282DF1B67D0A79F52927728A",
        "SPDXRef-File--OpenSSH-ARM-Symbols-sshd.pdb-F503FA9487F6E7413BDF74DBFEF3D21F04C34918",
        "SPDXRef-File--OpenSSH-ARM-BuildInfo-OpenSSHReleaseARM.log-153D73F5275353A51882BA7792A552F8CDACEFFC",
        "SPDXRef-File--OpenSSH-ARM-Symbols-ssh-pkcs11-helper.pdb-82A9E79CD9E06EFB902AC232FA899F2C2586D4C2",
        "SPDXRef-File--OpenSSH-ARM-Symbols-ssh-shellhost.pdb-9BF830926D80AFA89F1BBB4F06C819A7D94A782D",
        "SPDXRef-File--OpenSSH-ARM-Symbols-sftp.pdb-0FF50F2C98E16CFB3B8CAFD7EA35D493F3CFFC74",
        "SPDXRef-File--OpenSSH-ARM-sshd.exe-7B1D95429571873F1129210FA4FC7F01D7D1ADAB",
        "SPDXRef-File--OpenSSH-ARM-sshd-config-default-825CDEC4CF05869C74B01E7A1C8BF3C5E2C45CD8",
        "SPDXRef-File--OpenSSH-ARM-Symbols-sftp-server.pdb-EB7AADBB1960F85D9369A3350C625632C863A787",
        "SPDXRef-File--OpenSSH-ARM-Symbols-ssh-add.pdb-1492051E26A72B5258ADAACADF4370F23D9CF4CA",
        "SPDXRef-File--OpenSSH-ARM-Symbols-scp.pdb-6E0DF529C7B6900D7FBA58335347DF33436BFE1E",
        "SPDXRef-File--OpenSSH-ARM-Symbols-ssh-agent.pdb-31D65E04E2950A2E4335EC09CC44B99B79D7BB63",
        "SPDXRef-File--OpenSSH-ARM-ssh-sk-helper.exe-28D8DC028BB2299373754AB4888E0573BDA43EF3",
        "SPDXRef-File--OpenSSH-ARM-sshd-session.exe-EFDCFF930006274ECD6D302D6EFA85C72607344D",
        "SPDXRef-File--OpenSSH-ARM-sftp-server.exe-7A83ACE230CE6A5A6CABD97C4977892E6D358D1A",
        "SPDXRef-File--OpenSSH-ARM-libcrypto.dll-957BFECD4F1E20A7C1BC1647EA4F03987F86A244",
        "SPDXRef-File--OpenSSH-ARM-ssh.exe-4D6AAB144601D2BF7223BD8DCD9AFCDFF4EBB998",
        "SPDXRef-File--OpenSSH-ARM-ssh-add.exe-D90D1CA97297D76CB78F8CB9AE10B9A5FFDDF979",
        "SPDXRef-File--OpenSSH-ARM-ssh-keygen.exe-F209687DC5351A0DF4E9064B27033B9689627C91",
        "SPDXRef-File--OpenSSH-ARM-ssh-agent.exe-18695E9B2E2521736E0CB5AA62A912C3C18C18F7",
        "SPDXRef-File--OpenSSH-ARM-sftp.exe-C0F8ED1744DD4FD292B31DAE0DC2BBCCEF15E36D",
        "SPDXRef-File--OpenSSH-ARM-openssh-events.man-39F0E1C5FDF3F456EEAF9F1A5696A7CA64617F86",
        "SPDXRef-File--OpenSSH-ARM-ssh-pkcs11-helper.exe-E1BBE616F15E8CD1018C9345AF85FD7466720925",
        "SPDXRef-File--OpenSSH-ARM-install-sshd.ps1-9C4C829360810AE919C1F37EF73666644E335EA2",
        "SPDXRef-File--OpenSSH-ARM-Symbols-ssh-sk-helper.pdb-8F6E9D7EB7762E5D30C2186723C604F71EAB9A92",
        "SPDXRef-File--OpenSSH-ARM-uninstall-sshd.ps1-0A25CD010DAD93A3EB42A11A470B7A33CB4C0E51",
        "SPDXRef-File--OpenSSH-ARM-ssh-keyscan.exe-E86C4042EBA70101D77722CFFD6055772DC6BB65",
        "SPDXRef-File--OpenSSH-ARM-OpenSSHUtils.psd1-CD41E4BF0A52C62F67EDB73CBA4BD77E26B200EC",
        "SPDXRef-File--OpenSSH-ARM-FixHostFilePermissions.ps1-31F6437D57F976BD58AAB9B6A3AAD1FFFC3C3434",
        "SPDXRef-File--OpenSSH-ARM-ssh-shellhost.exe-B0B5872FDD717CA303BB516196F8EC34E1819B3F",
        "SPDXRef-File--OpenSSH-ARM-moduli-D000837A7C67C88BAAA61D643E48A28B2F40B7AF",
        "SPDXRef-File--OpenSSH-ARM-scp.exe-047A49EC999358F7A753EFA2D6D62A5317245AEC",
        "SPDXRef-File--OpenSSH-ARM-LICENSE.txt-A7739A32F1926D71A9EB22D101287ECEA09A6AC5",
        "SPDXRef-File--OpenSSH-ARM-Symbols-ssh.pdb-3E524DCFFE789265F24EB58F535AA57B01E27F4A",
        "SPDXRef-File--OpenSSH-ARM-NOTICE.txt-0C6BEDA8BE1A704C0C2615D4A481BACA0E56372D",
        "SPDXRef-File--OpenSSH-ARM-OpenSSHUtils.psm1-8EA55A1ED6581DF1F9127492EB88C88E1E9D294E",
        "SPDXRef-File--OpenSSH-ARM-FixUserFilePermissions.ps1-3954ADE6AC83E9E02E5FB4F061923D1B0FA528A7"
      ]
    }
  ],
  "externalDocumentRefs": [
    {
      "externalDocumentId": "DocumentRef-LibreSSL-3.9.2.0-156360d785be3510595bb31d9db5364066966965",
      "spdxDocument": "https://sbom.microsoft/1:2QSF7qZlbE-F7QrUJlEo7g:Ifmy0CRpKEe0S33n1Rdb-w/2904:530625/LibreSSL:3.9.2.0:JeP88hUTAUuOztmkbmWMwQ",
      "checksum": {
        "algorithm": "SHA1",
        "checksumValue": "156360d785be3510595bb31d9db5364066966965"
      }
    },
    {
      "externalDocumentId": "DocumentRef-libfido2-1.15.0-b4d71991155efc0e5c2b2f7186ccbec3b7e54cb6",
      "spdxDocument": "https://sbom.microsoft/1:2QSF7qZlbE-F7QrUJlEo7g:Ifmy0CRpKEe0S33n1Rdb-w/2912:530705/libfido2:1.15.0:I44gQlgQAkeFIC0SjN9gPw",
      "checksum": {
        "algorithm": "SHA1",
        "checksumValue": "b4d71991155efc0e5c2b2f7186ccbec3b7e54cb6"
      }
    },
    {
      "externalDocumentId": "DocumentRef-ZLib-1.3.1-16232b68c57e9d662108a05698d26f43c0acabea",
      "spdxDocument": "https://sbom.microsoft/1:2QSF7qZlbE-F7QrUJlEo7g:Ifmy0CRpKEe0S33n1Rdb-w/2901:522012/ZLib:1.3.1:0alOYoxgr0aKgbhQo6OyNw",
      "checksum": {
        "algorithm": "SHA1",
        "checksumValue": "16232b68c57e9d662108a05698d26f43c0acabea"
      }
    }
  ],
  "relationships": [
    {
      "relationshipType": "DEPENDS_ON",
      "relatedSpdxElement": "SPDXRef-Package-A6B550AE63FAE4F6684F78074DA208B4ADECD0551CB1D2393374A21604B75A9F",
      "spdxElementId": "SPDXRef-RootPackage"
    },
    {
      "relationshipType": "DEPENDS_ON",
      "relatedSpdxElement": "SPDXRef-Package-C48644207E7AC039A85B1C41085F3B31ADE0273DA9D828D7D7C0D1F0CD93B8BA",
      "spdxElementId": "SPDXRef-RootPackage"
    },
    {
      "relationshipType": "DEPENDS_ON",
      "relatedSpdxElement": "SPDXRef-Package-41513D39CF449D8ADCB8FD146C5BA8697DDD30C2F972014C55C4A6EC6AA7EB76",
      "spdxElementId": "SPDXRef-RootPackage"
    },
    {
      "relationshipType": "DEPENDS_ON",
      "relatedSpdxElement": "SPDXRef-Package-0453B7455A0B8778D4DD20EE81622AB2F93F2F060FF21F033C6ECF10EA3EFE9F",
      "spdxElementId": "SPDXRef-RootPackage"
    },
    {
      "relationshipType": "DEPENDS_ON",
      "relatedSpdxElement": "SPDXRef-Package-182A9D7AD66AD96CB9B50CB7C7277CC82B7319584FF0AD78065EFF674DC885E2",
      "spdxElementId": "SPDXRef-RootPackage"
    },
    {
      "relationshipType": "DEPENDS_ON",
      "relatedSpdxElement": "SPDXRef-Package-DBE1ADCC77824D44C3798D437C096E9C2F45322F9BFB9D84DF3B676062741CAA",
      "spdxElementId": "SPDXRef-RootPackage"
    },
    {
      "relationshipType": "DEPENDS_ON",
      "relatedSpdxElement": "SPDXRef-Package-50FA054C3CF71B778225C94E02FCA57826614416A915D007D604DF84D814DFA2",
      "spdxElementId": "SPDXRef-RootPackage"
    },
    {
      "relationshipType": "DEPENDS_ON",
      "relatedSpdxElement": "SPDXRef-Package-971DCD74BBB31990D0289EF759070595E5B80F51DA88731700252A67F3064BD6",
      "spdxElementId": "SPDXRef-RootPackage"
    },
    {
      "relationshipType": "DEPENDS_ON",
      "relatedSpdxElement": "SPDXRef-Package-7D958500B3992EFD73E1B44F7EE13941A499D40BC9121889534BA2383A0CBB0D",
      "spdxElementId": "SPDXRef-RootPackage"
    },
    {
      "relationshipType": "DESCRIBES",
      "relatedSpdxElement": "SPDXRef-RootPackage",
      "spdxElementId": "SPDXRef-DOCUMENT"
    },
    {
      "relationshipType": "DESCRIBED_BY",
      "relatedSpdxElement": "SPDXRef-DOCUMENT",
      "spdxElementId": "SPDXRef-File--..-..-s-OSS-Microsoft-OpenSSH-Dev-contrib-win32-openssh-ZLib--manifest-spdx-2.2-manifest.spdx.json-16232B68C57E9D662108A05698D26F43C0ACABEA"
    },
    {
      "relationshipType": "PREREQUISITE_FOR",
      "relatedSpdxElement": "DocumentRef-ZLib-1.3.1-16232b68c57e9d662108a05698d26f43c0acabea:SPDXRef-RootPackage",
      "spdxElementId": "SPDXRef-RootPackage"
    },
    {
      "relationshipType": "DESCRIBED_BY",
      "relatedSpdxElement": "SPDXRef-DOCUMENT",
      "spdxElementId": "SPDXRef-File--..-..-s-OSS-Microsoft-OpenSSH-Dev-contrib-win32-openssh-libfido2--manifest-spdx-2.2-manifest.spdx.json-B4D71991155EFC0E5C2B2F7186CCBEC3B7E54CB6"
    },
    {
      "relationshipType": "DESCRIBED_BY",
      "relatedSpdxElement": "SPDXRef-DOCUMENT",
      "spdxElementId": "SPDXRef-File--..-..-s-OSS-Microsoft-OpenSSH-Dev-contrib-win32-openssh-LibreSSL--manifest-spdx-2.2-manifest.spdx.json-156360D785BE3510595BB31D9DB5364066966965"
    },
    {
      "relationshipType": "PREREQUISITE_FOR",
      "relatedSpdxElement": "DocumentRef-libfido2-1.15.0-b4d71991155efc0e5c2b2f7186ccbec3b7e54cb6:SPDXRef-RootPackage",
      "spdxElementId": "SPDXRef-RootPackage"
    },
    {
      "relationshipType": "PREREQUISITE_FOR",
      "relatedSpdxElement": "DocumentRef-LibreSSL-3.9.2.0-156360d785be3510595bb31d9db5364066966965:SPDXRef-RootPackage",
      "spdxElementId": "SPDXRef-RootPackage"
    }
  ],
  "spdxVersion": "SPDX-2.2",
  "dataLicense": "CC0-1.0",
  "SPDXID": "SPDXRef-DOCUMENT",
  "name": "OpenSSH 9.8.1.0",
  "documentNamespace": "https://sbom.microsoft/1:2QSF7qZlbE-F7QrUJlEo7g:Ifmy0CRpKEe0S33n1Rdb-w/2896:535869/OpenSSH:9.8.1.0:rmCTqWhLG06v4ZrGuNXfCQ",
  "creationInfo": {
    "created": "2024-10-10T14:34:24Z",
    "creators": [
      "Organization: Microsoft",
      "Tool: Microsoft.SBOMTool-2.2.8"
    ]
  },
  "documentDescribes": [
    "SPDXRef-RootPackage"
  ]
}