{
  "files": [
    {
      "fileName": "./../../s/OSS_Microsoft_OpenSSH_Dev/contrib/win32/openssh/libfido2/_manifest/spdx_2.2/manifest.spdx.json",
      "SPDXID": "SPDXRef-File--..-..-s-OSS-Microsoft-OpenSSH-Dev-contrib-win32-openssh-libfido2--manifest-spdx-2.2-manifest.spdx.json-B4D71991155EFC0E5C2B2F7186CCBEC3B7E54CB6",
      "checksums": [
        {
          "algorithm": "SHA256",
          "checksumValue": "88b03732d10ef8588678ebe6e837ffe201d21d2c5034e30c1203602d36484cc4"
        },
        {
          "algorithm": "SHA1",
          "checksumValue": "b4d71991155efc0e5c2b2f7186ccbec3b7e54cb6"
        }
      ],
      "licenseConcluded": "NOASSERTION",
      "licenseInfoInFiles": [
        "NOASSERTION"
      ],
      "copyrightText": "NOASSERTION",
      "fileTypes": [
        "SPDX"
      ]
    },
    {
      "fileName": "./../../s/OSS_Microsoft_OpenSSH_Dev/contrib/win32/openssh/LibreSSL/_manifest/spdx_2.2/manifest.spdx.json",
      "SPDXID": "SPDXRef-File--..-..-s-OSS-Microsoft-OpenSSH-Dev-contrib-win32-openssh-LibreSSL--manifest-spdx-2.2-manifest.spdx.json-4EAF53D434EBCC53C686F3ABFEE54BAF11EFFCF0",
      "checksums": [
        {
          "algorithm": "SHA256",
          "checksumValue": "e989196aec2f04c79c9af6730b0a81bb7a6be40e6b7d923502cc0ac131bcb17f"
        },
        {
          "algorithm": "SHA1",
          "checksumValue": "4eaf53d434ebcc53c686f3abfee54baf11effcf0"
        }
      ],
      "licenseConcluded": "NOASSERTION",
      "licenseInfoInFiles": [
        "NOASSERTION"
      ],
      "copyrightText": "NOASSERTION",
      "fileTypes": [
        "SPDX"
      ]
    },
    {
      "fileName": "./../../s/OSS_Microsoft_OpenSSH_Dev/contrib/win32/openssh/ZLib/_manifest/spdx_2.2/manifest.spdx.json",
      "SPDXID": "SPDXRef-File--..-..-s-OSS-Microsoft-OpenSSH-Dev-contrib-win32-openssh-ZLib--manifest-spdx-2.2-manifest.spdx.json-16232B68C57E9D662108A05698D26F43C0ACABEA",
      "checksums": [
        {
          "algorithm": "SHA256",
          "checksumValue": "8faed6bc326795cd62f6c260495d25ffc563dd6c85b94acaa83dc6306f3bee56"
        },
        {
          "algorithm": "SHA1",
          "checksumValue": "16232b68c57e9d662108a05698d26f43c0acabea"
        }
      ],
      "licenseConcluded": "NOASSERTION",
      "licenseInfoInFiles": [
        "NOASSERTION"
      ],
      "copyrightText": "NOASSERTION",
      "fileTypes": [
        "SPDX"
      ]
    },
    {
      "fileName": "./OpenSSH-ARM64/install-sshd.ps1",
      "SPDXID": "SPDXRef-File--OpenSSH-ARM64-install-sshd.ps1-EE72DB11D38762D6719498A391C8D39724DFFD6E",
      "checksums": [
        {
          "algorithm": "SHA256",
          "checksumValue": "86dc77230357882e0dd30bc0239792e9934e09c85e636b92499992e4e4181026"
        },
        {
          "algorithm": "SHA1",
          "checksumValue": "ee72db11d38762d6719498a391c8d39724dffd6e"
        }
      ],
      "licenseConcluded": "NOASSERTION",
      "licenseInfoInFiles": [
        "NOASSERTION"
      ],
      "copyrightText": "NOASSERTION"
    },
    {
      "fileName": "./OpenSSH-ARM64/FixUserFilePermissions.ps1",
      "SPDXID": "SPDXRef-File--OpenSSH-ARM64-FixUserFilePermissions.ps1-CF5C7B6CAD6543F171B07F99284C0CAC716C4FBA",
      "checksums": [
        {
          "algorithm": "SHA256",
          "checksumValue": "71233b9733204738611eab3565d3d56416a861cc02aee32b9d774299fdd6b029"
        },
        {
          "algorithm": "SHA1",
          "checksumValue": "cf5c7b6cad6543f171b07f99284c0cac716c4fba"
        }
      ],
      "licenseConcluded": "NOASSERTION",
      "licenseInfoInFiles": [
        "NOASSERTION"
      ],
      "copyrightText": "NOASSERTION"
    },
    {
      "fileName": "./OpenSSH-ARM64/FixHostFilePermissions.ps1",
      "SPDXID": "SPDXRef-File--OpenSSH-ARM64-FixHostFilePermissions.ps1-F2F564B7E7AABA0B73DD6AA7236E27DFF0166B2C",
      "checksums": [
        {
          "algorithm": "SHA256",
          "checksumValue": "3c3448a5482c042fae31611122f3d4abecef8d2940ab1ec437856150f090e573"
        },
        {
          "algorithm": "SHA1",
          "checksumValue": "f2f564b7e7aaba0b73dd6aa7236e27dff0166b2c"
        }
      ],
      "licenseConcluded": "NOASSERTION",
      "licenseInfoInFiles": [
        "NOASSERTION"
      ],
      "copyrightText": "NOASSERTION"
    },
    {
      "fileName": "./OpenSSH-ARM64/NOTICE.txt",
      "SPDXID": "SPDXRef-File--OpenSSH-ARM64-NOTICE.txt-0C6BEDA8BE1A704C0C2615D4A481BACA0E56372D",
      "checksums": [
        {
          "algorithm": "SHA256",
          "checksumValue": "2cd5f5d0064bc909dfe0f0fc8f4787882c7c379f2730d89e5faa0c2bc57c620b"
        },
        {
          "algorithm": "SHA1",
          "checksumValue": "0c6beda8be1a704c0c2615d4a481baca0e56372d"
        }
      ],
      "licenseConcluded": "NOASSERTION",
      "licenseInfoInFiles": [
        "NOASSERTION"
      ],
      "copyrightText": "NOASSERTION"
    },
    {
      "fileName": "./OpenSSH-ARM64/openssh-events.man",
      "SPDXID": "SPDXRef-File--OpenSSH-ARM64-openssh-events.man-39F0E1C5FDF3F456EEAF9F1A5696A7CA64617F86",
      "checksums": [
        {
          "algorithm": "SHA256",
          "checksumValue": "c36019e53e3045cba2639bf35ed1e2498e3563b272533e53301165c31ab60199"
        },
        {
          "algorithm": "SHA1",
          "checksumValue": "39f0e1c5fdf3f456eeaf9f1a5696a7ca64617f86"
        }
      ],
      "licenseConcluded": "NOASSERTION",
      "licenseInfoInFiles": [
        "NOASSERTION"
      ],
      "copyrightText": "NOASSERTION"
    },
    {
      "fileName": "./OpenSSH-ARM64/LICENSE.txt",
      "SPDXID": "SPDXRef-File--OpenSSH-ARM64-LICENSE.txt-A7739A32F1926D71A9EB22D101287ECEA09A6AC5",
      "checksums": [
        {
          "algorithm": "SHA256",
          "checksumValue": "e6a25da96c2fccdc025caad56d99f87851ec3fe814a3cea83f2bc77ffc800681"
        },
        {
          "algorithm": "SHA1",
          "checksumValue": "a7739a32f1926d71a9eb22d101287ecea09a6ac5"
        }
      ],
      "licenseConcluded": "NOASSERTION",
      "licenseInfoInFiles": [
        "NOASSERTION"
      ],
      "copyrightText": "NOASSERTION"
    },
    {
      "fileName": "./OpenSSH-ARM64/OpenSSHUtils.psd1",
      "SPDXID": "SPDXRef-File--OpenSSH-ARM64-OpenSSHUtils.psd1-30ACB06ED5D0C419AF16B04AE894C89F1748FC40",
      "checksums": [
        {
          "algorithm": "SHA256",
          "checksumValue": "6693a37b039a74d2e8a6aac89321722fad7441b60a3a5c171d0065fed15433ce"
        },
        {
          "algorithm": "SHA1",
          "checksumValue": "30acb06ed5d0c419af16b04ae894c89f1748fc40"
        }
      ],
      "licenseConcluded": "NOASSERTION",
      "licenseInfoInFiles": [
        "NOASSERTION"
      ],
      "copyrightText": "NOASSERTION"
    },
    {
      "fileName": "./OpenSSH-ARM64/OpenSSHUtils.psm1",
      "SPDXID": "SPDXRef-File--OpenSSH-ARM64-OpenSSHUtils.psm1-38D46002C121B7BE8AAF673B1C563DB997BED036",
      "checksums": [
        {
          "algorithm": "SHA256",
          "checksumValue": "1e4d3260fb735b446ae869c58050e2b4a79ec534d4e3dfe65f2e45d158dd3663"
        },
        {
          "algorithm": "SHA1",
          "checksumValue": "38d46002c121b7be8aaf673b1c563db997bed036"
        }
      ],
      "licenseConcluded": "NOASSERTION",
      "licenseInfoInFiles": [
        "NOASSERTION"
      ],
      "copyrightText": "NOASSERTION"
    },
    {
      "fileName": "./OpenSSH-ARM64/ssh-agent.exe",
      "SPDXID": "SPDXRef-File--OpenSSH-ARM64-ssh-agent.exe-C17741D66C6D8B52116E26ECEF2B25DFEA76C0AA",
      "checksums": [
        {
          "algorithm": "SHA256",
          "checksumValue": "7c80c181a59ebc93ee9f7fe1f23c61694254d5c793b5596239fca76a26e48228"
        },
        {
          "algorithm": "SHA1",
          "checksumValue": "c17741d66c6d8b52116e26ecef2b25dfea76c0aa"
        }
      ],
      "licenseConcluded": "NOASSERTION",
      "licenseInfoInFiles": [
        "NOASSERTION"
      ],
      "copyrightText": "NOASSERTION"
    },
    {
      "fileName": "./OpenSSH-ARM64/ssh-pkcs11-helper.exe",
      "SPDXID": "SPDXRef-File--OpenSSH-ARM64-ssh-pkcs11-helper.exe-ABF9A68B42ADFF4D65D8BA0BF61D8863CD288630",
      "checksums": [
        {
          "algorithm": "SHA256",
          "checksumValue": "6031e1f0633675c2ddb8374fccd408a7e6b553fd3c35c98d1504a8aebcf7a10f"
        },
        {
          "algorithm": "SHA1",
          "checksumValue": "abf9a68b42adff4d65d8ba0bf61d8863cd288630"
        }
      ],
      "licenseConcluded": "NOASSERTION",
      "licenseInfoInFiles": [
        "NOASSERTION"
      ],
      "copyrightText": "NOASSERTION"
    },
    {
      "fileName": "./OpenSSH-ARM64/sftp.exe",
      "SPDXID": "SPDXRef-File--OpenSSH-ARM64-sftp.exe-A434AEBC967DAC1F6D7FB01B63A64E5DF5EA6AE4",
      "checksums": [
        {
          "algorithm": "SHA256",
          "checksumValue": "1850e2b34f1e91a4d6fe25ebd0c28d8512a28b5bc598ebab93d71abc9ec307ae"
        },
        {
          "algorithm": "SHA1",
          "checksumValue": "a434aebc967dac1f6d7fb01b63a64e5df5ea6ae4"
        }
      ],
      "licenseConcluded": "NOASSERTION",
      "licenseInfoInFiles": [
        "NOASSERTION"
      ],
      "copyrightText": "NOASSERTION"
    },
    {
      "fileName": "./OpenSSH-ARM64/ssh-keyscan.exe",
      "SPDXID": "SPDXRef-File--OpenSSH-ARM64-ssh-keyscan.exe-F2B88E20B9F25A3A273464F5D67FDB74C3105C0C",
      "checksums": [
        {
          "algorithm": "SHA256",
          "checksumValue": "5411298336c939767ccd6eae91ea0bd31b961b40915e3be59a53c1d5373693c2"
        },
        {
          "algorithm": "SHA1",
          "checksumValue": "f2b88e20b9f25a3a273464f5d67fdb74c3105c0c"
        }
      ],
      "licenseConcluded": "NOASSERTION",
      "licenseInfoInFiles": [
        "NOASSERTION"
      ],
      "copyrightText": "NOASSERTION"
    },
    {
      "fileName": "./OpenSSH-ARM64/scp.exe",
      "SPDXID": "SPDXRef-File--OpenSSH-ARM64-scp.exe-3444FA13941080E7A53B7A88A5DAED950BF24C36",
      "checksums": [
        {
          "algorithm": "SHA256",
          "checksumValue": "88a0e24326c21b51f436bbe754d035c0af4b5eb3e060375a0c4e983420e44134"
        },
        {
          "algorithm": "SHA1",
          "checksumValue": "3444fa13941080e7a53b7a88a5daed950bf24c36"
        }
      ],
      "licenseConcluded": "NOASSERTION",
      "licenseInfoInFiles": [
        "NOASSERTION"
      ],
      "copyrightText": "NOASSERTION"
    },
    {
      "fileName": "./OpenSSH-ARM64/uninstall-sshd.ps1",
      "SPDXID": "SPDXRef-File--OpenSSH-ARM64-uninstall-sshd.ps1-FD14696FC937B2E8FE1803A2817CEEACA0175FA6",
      "checksums": [
        {
          "algorithm": "SHA256",
          "checksumValue": "327d42847cbcbc394c374c6fcf8d09dbcbca6d12b2ded14be319a7a9d070a0ee"
        },
        {
          "algorithm": "SHA1",
          "checksumValue": "fd14696fc937b2e8fe1803a2817ceeaca0175fa6"
        }
      ],
      "licenseConcluded": "NOASSERTION",
      "licenseInfoInFiles": [
        "NOASSERTION"
      ],
      "copyrightText": "NOASSERTION"
    },
    {
      "fileName": "./OpenSSH-ARM64/moduli",
      "SPDXID": "SPDXRef-File--OpenSSH-ARM64-moduli-D000837A7C67C88BAAA61D643E48A28B2F40B7AF",
      "checksums": [
        {
          "algorithm": "SHA256",
          "checksumValue": "bd6b9d63cd668af7ba13ae367f40a9efa30986aba0e4d91a03e212992351daeb"
        },
        {
          "algorithm": "SHA1",
          "checksumValue": "d000837a7c67c88baaa61d643e48a28b2f40b7af"
        }
      ],
      "licenseConcluded": "NOASSERTION",
      "licenseInfoInFiles": [
        "NOASSERTION"
      ],
      "copyrightText": "NOASSERTION"
    },
    {
      "fileName": "./OpenSSH-ARM64/ssh-shellhost.exe",
      "SPDXID": "SPDXRef-File--OpenSSH-ARM64-ssh-shellhost.exe-E1BED2F2BE242DF64EFC414E5A9762BB2EAF3FBE",
      "checksums": [
        {
          "algorithm": "SHA256",
          "checksumValue": "93354195bddd1fdc97c5968460b5ff3477cd7a71bdb8212a0ba445ffaa4168fd"
        },
        {
          "algorithm": "SHA1",
          "checksumValue": "e1bed2f2be242df64efc414e5a9762bb2eaf3fbe"
        }
      ],
      "licenseConcluded": "NOASSERTION",
      "licenseInfoInFiles": [
        "NOASSERTION"
      ],
      "copyrightText": "NOASSERTION"
    },
    {
      "fileName": "./OpenSSH-ARM64/ssh-keygen.exe",
      "SPDXID": "SPDXRef-File--OpenSSH-ARM64-ssh-keygen.exe-D556ED8D0EAE7610E04918B9C53279B187C7CCD9",
      "checksums": [
        {
          "algorithm": "SHA256",
          "checksumValue": "a4b00ed430a5697388c636e18ba413724e9dc552b4139c20ff71b45221fe7803"
        },
        {
          "algorithm": "SHA1",
          "checksumValue": "d556ed8d0eae7610e04918b9c53279b187c7ccd9"
        }
      ],
      "licenseConcluded": "NOASSERTION",
      "licenseInfoInFiles": [
        "NOASSERTION"
      ],
      "copyrightText": "NOASSERTION"
    },
    {
      "fileName": "./OpenSSH-ARM64/sshd_config_default",
      "SPDXID": "SPDXRef-File--OpenSSH-ARM64-sshd-config-default-7F6AC27C5927EF4127C392D53DDD5DB763B65A1E",
      "checksums": [
        {
          "algorithm": "SHA256",
          "checksumValue": "796f518d1f4bb03d775da710c259b518eb770d123133dbd6429ca7e14d3c224b"
        },
        {
          "algorithm": "SHA1",
          "checksumValue": "7f6ac27c5927ef4127c392d53ddd5db763b65a1e"
        }
      ],
      "licenseConcluded": "NOASSERTION",
      "licenseInfoInFiles": [
        "NOASSERTION"
      ],
      "copyrightText": "NOASSERTION"
    },
    {
      "fileName": "./OpenSSH-ARM64/sshd.exe",
      "SPDXID": "SPDXRef-File--OpenSSH-ARM64-sshd.exe-F24C6F903813D546FF24F50CE90AD76143260008",
      "checksums": [
        {
          "algorithm": "SHA256",
          "checksumValue": "77a103651b57275e0e59f177e0f32e71e1719abab6f5fdd75d1e06bf69d4988b"
        },
        {
          "algorithm": "SHA1",
          "checksumValue": "f24c6f903813d546ff24f50ce90ad76143260008"
        }
      ],
      "licenseConcluded": "NOASSERTION",
      "licenseInfoInFiles": [
        "NOASSERTION"
      ],
      "copyrightText": "NOASSERTION"
    },
    {
      "fileName": "./OpenSSH-ARM64/ssh-add.exe",
      "SPDXID": "SPDXRef-File--OpenSSH-ARM64-ssh-add.exe-8FB54FCC520D099EA608B573F6329C348EF4286F",
      "checksums": [
        {
          "algorithm": "SHA256",
          "checksumValue": "c1adcba04e6f47e211adcafe61da2ee9e47f5e286089e637a80f0e0d2f3d3837"
        },
        {
          "algorithm": "SHA1",
          "checksumValue": "8fb54fcc520d099ea608b573f6329c348ef4286f"
        }
      ],
      "licenseConcluded": "NOASSERTION",
      "licenseInfoInFiles": [
        "NOASSERTION"
      ],
      "copyrightText": "NOASSERTION"
    },
    {
      "fileName": "./OpenSSH-ARM64/libcrypto.dll",
      "SPDXID": "SPDXRef-File--OpenSSH-ARM64-libcrypto.dll-BAC1EEED5E121C16083435FEC3F2A1BD222ECF9A",
      "checksums": [
        {
          "algorithm": "SHA256",
          "checksumValue": "6ec3f69b1f088b393b0b8fbbf3e5918216307960f239ba95d6029bec80d5ddbe"
        },
        {
          "algorithm": "SHA1",
          "checksumValue": "bac1eeed5e121c16083435fec3f2a1bd222ecf9a"
        }
      ],
      "licenseConcluded": "NOASSERTION",
      "licenseInfoInFiles": [
        "NOASSERTION"
      ],
      "copyrightText": "NOASSERTION"
    },
    {
      "fileName": "./OpenSSH-ARM64/sftp-server.exe",
      "SPDXID": "SPDXRef-File--OpenSSH-ARM64-sftp-server.exe-A926A3EAB05F938C9A86EF043FDA39E0AFB130EF",
      "checksums": [
        {
          "algorithm": "SHA256",
          "checksumValue": "a1c743b85f25b272b7d45ff89f5c2e58458bd3d90feba7a0a4959007b7077ecc"
        },
        {
          "algorithm": "SHA1",
          "checksumValue": "a926a3eab05f938c9a86ef043fda39e0afb130ef"
        }
      ],
      "licenseConcluded": "NOASSERTION",
      "licenseInfoInFiles": [
        "NOASSERTION"
      ],
      "copyrightText": "NOASSERTION"
    },
    {
      "fileName": "./OpenSSH-ARM64/ssh.exe",
      "SPDXID": "SPDXRef-File--OpenSSH-ARM64-ssh.exe-420C520647857907535B4F6DACD9D6638ACFC279",
      "checksums": [
        {
          "algorithm": "SHA256",
          "checksumValue": "7b08e47b29b773dffec6811d3354631b876280080ce429beda715ea46bd978f3"
        },
        {
          "algorithm": "SHA1",
          "checksumValue": "420c520647857907535b4f6dacd9d6638acfc279"
        }
      ],
      "licenseConcluded": "NOASSERTION",
      "licenseInfoInFiles": [
        "NOASSERTION"
      ],
      "copyrightText": "NOASSERTION"
    },
    {
      "fileName": "./OpenSSH-ARM64/ssh-sk-helper.exe",
      "SPDXID": "SPDXRef-File--OpenSSH-ARM64-ssh-sk-helper.exe-1CBDCC99AA42559095ED4F6874BE26092C8D5837",
      "checksums": [
        {
          "algorithm": "SHA256",
          "checksumValue": "9bddf7382b43d06deec014af8ad01db6d55320fff9a0d43f6a973865c4ccab7b"
        },
        {
          "algorithm": "SHA1",
          "checksumValue": "1cbdcc99aa42559095ed4f6874be26092c8d5837"
        }
      ],
      "licenseConcluded": "NOASSERTION",
      "licenseInfoInFiles": [
        "NOASSERTION"
      ],
      "copyrightText": "NOASSERTION"
    },
    {
      "fileName": "./OpenSSH-ARM64/sshd-session.exe",
      "SPDXID": "SPDXRef-File--OpenSSH-ARM64-sshd-session.exe-4B43F9CBAA55BF37FB08FD33BAD8D4150259D5C0",
      "checksums": [
        {
          "algorithm": "SHA256",
          "checksumValue": "f480b1040af94f95b32d31bbd3fd14653e0f3c37c8f37759d1af8893258e503f"
        },
        {
          "algorithm": "SHA1",
          "checksumValue": "4b43f9cbaa55bf37fb08fd33bad8d4150259d5c0"
        }
      ],
      "licenseConcluded": "NOASSERTION",
      "licenseInfoInFiles": [
        "NOASSERTION"
      ],
      "copyrightText": "NOASSERTION"
    },
    {
      "fileName": "./OpenSSH-ARM64_Symbols/ssh-add.pdb",
      "SPDXID": "SPDXRef-File--OpenSSH-ARM64-Symbols-ssh-add.pdb-8E2476B2BE84B48B9F9BBE54743173444E8256AD",
      "checksums": [
        {
          "algorithm": "SHA256",
          "checksumValue": "e7b8e169a392e769500c90b276eea5cdca5ac2e0e2f33564fff47e97707dfc43"
        },
        {
          "algorithm": "SHA1",
          "checksumValue": "8e2476b2be84b48b9f9bbe54743173444e8256ad"
        }
      ],
      "licenseConcluded": "NOASSERTION",
      "licenseInfoInFiles": [
        "NOASSERTION"
      ],
      "copyrightText": "NOASSERTION"
    },
    {
      "fileName": "./OpenSSH-ARM64_Symbols/scp.pdb",
      "SPDXID": "SPDXRef-File--OpenSSH-ARM64-Symbols-scp.pdb-FD76B932DD0E5777693975D183B07558DF45D1C6",
      "checksums": [
        {
          "algorithm": "SHA256",
          "checksumValue": "8276d7b36c0d23b1c81d2378ad36ad21450410de172f33c97e8cfc14bde4d6d4"
        },
        {
          "algorithm": "SHA1",
          "checksumValue": "fd76b932dd0e5777693975d183b07558df45d1c6"
        }
      ],
      "licenseConcluded": "NOASSERTION",
      "licenseInfoInFiles": [
        "NOASSERTION"
      ],
      "copyrightText": "NOASSERTION"
    },
    {
      "fileName": "./OpenSSH-ARM64_Symbols/ssh-agent.pdb",
      "SPDXID": "SPDXRef-File--OpenSSH-ARM64-Symbols-ssh-agent.pdb-3BA81070703D9DE42E667E09C411CD68517AAA47",
      "checksums": [
        {
          "algorithm": "SHA256",
          "checksumValue": "e3d73412a97953814031629d370f849463852eb7b5e2425cf9bad7b9bf582a74"
        },
        {
          "algorithm": "SHA1",
          "checksumValue": "3ba81070703d9de42e667e09c411cd68517aaa47"
        }
      ],
      "licenseConcluded": "NOASSERTION",
      "licenseInfoInFiles": [
        "NOASSERTION"
      ],
      "copyrightText": "NOASSERTION"
    },
    {
      "fileName": "./OpenSSH-ARM64_Symbols/sftp.pdb",
      "SPDXID": "SPDXRef-File--OpenSSH-ARM64-Symbols-sftp.pdb-7C44FD5DDE9767EECA19A32BFB8019731234A694",
      "checksums": [
        {
          "algorithm": "SHA256",
          "checksumValue": "1a052dfc442357f79289bd6b5254a3ea43f1a9106c3afac1f619994b121be2ed"
        },
        {
          "algorithm": "SHA1",
          "checksumValue": "7c44fd5dde9767eeca19a32bfb8019731234a694"
        }
      ],
      "licenseConcluded": "NOASSERTION",
      "licenseInfoInFiles": [
        "NOASSERTION"
      ],
      "copyrightText": "NOASSERTION"
    },
    {
      "fileName": "./OpenSSH-ARM64_Symbols/sftp-server.pdb",
      "SPDXID": "SPDXRef-File--OpenSSH-ARM64-Symbols-sftp-server.pdb-E43E7D754A2578E98D356AA87C7F9A66F65AB532",
      "checksums": [
        {
          "algorithm": "SHA256",
          "checksumValue": "9089e05e92384c5637cac795c20279fdde0cf71394e15eb1e74a517cbcd1bb28"
        },
        {
          "algorithm": "SHA1",
          "checksumValue": "e43e7d754a2578e98d356aa87c7f9a66f65ab532"
        }
      ],
      "licenseConcluded": "NOASSERTION",
      "licenseInfoInFiles": [
        "NOASSERTION"
      ],
      "copyrightText": "NOASSERTION"
    },
    {
      "fileName": "./OpenSSH-ARM64_Symbols/ssh-shellhost.pdb",
      "SPDXID": "SPDXRef-File--OpenSSH-ARM64-Symbols-ssh-shellhost.pdb-DF321F660918EF0348C8F3D7FBB01EB0961313C8",
      "checksums": [
        {
          "algorithm": "SHA256",
          "checksumValue": "a951da9e60ef967e7dc168a1d47f6c51ec78fa95dd500f46570a849ca44b37a9"
        },
        {
          "algorithm": "SHA1",
          "checksumValue": "df321f660918ef0348c8f3d7fbb01eb0961313c8"
        }
      ],
      "licenseConcluded": "NOASSERTION",
      "licenseInfoInFiles": [
        "NOASSERTION"
      ],
      "copyrightText": "NOASSERTION"
    },
    {
      "fileName": "./OpenSSH-ARM64_Symbols/libcrypto.pdb",
      "SPDXID": "SPDXRef-File--OpenSSH-ARM64-Symbols-libcrypto.pdb-C9050FC48AB628D716A25114D0212BB1206A807E",
      "checksums": [
        {
          "algorithm": "SHA256",
          "checksumValue": "148a05e652da353fe8fd5958c3094858a401694ccecb3b00594a5a23f0d8049e"
        },
        {
          "algorithm": "SHA1",
          "checksumValue": "c9050fc48ab628d716a25114d0212bb1206a807e"
        }
      ],
      "licenseConcluded": "NOASSERTION",
      "licenseInfoInFiles": [
        "NOASSERTION"
      ],
      "copyrightText": "NOASSERTION"
    },
    {
      "fileName": "./OpenSSH-ARM64_Symbols/sshd.pdb",
      "SPDXID": "SPDXRef-File--OpenSSH-ARM64-Symbols-sshd.pdb-58368C2C6048C448BD98C771CF8E5A034F379173",
      "checksums": [
        {
          "algorithm": "SHA256",
          "checksumValue": "6dab4c57966e09681343c703edbb3996b5784cbdde7f72299942258ac14ca079"
        },
        {
          "algorithm": "SHA1",
          "checksumValue": "58368c2c6048c448bd98c771cf8e5a034f379173"
        }
      ],
      "licenseConcluded": "NOASSERTION",
      "licenseInfoInFiles": [
        "NOASSERTION"
      ],
      "copyrightText": "NOASSERTION"
    },
    {
      "fileName": "./OpenSSH-ARM64_BuildInfo/Unittests-ARM64.zip",
      "SPDXID": "SPDXRef-File--OpenSSH-ARM64-BuildInfo-Unittests-ARM64.zip-C1173E13663F13D5971CF1C9E9D506C4E9F7B47B",
      "checksums": [
        {
          "algorithm": "SHA256",
          "checksumValue": "6f4202c56dc5122f74b93ae37caeac560da7b7115c7313fa4b238e49b0b0b021"
        },
        {
          "algorithm": "SHA1",
          "checksumValue": "c1173e13663f13d5971cf1c9e9d506c4e9f7b47b"
        }
      ],
      "licenseConcluded": "NOASSERTION",
      "licenseInfoInFiles": [
        "NOASSERTION"
      ],
      "copyrightText": "NOASSERTION"
    },
    {
      "fileName": "./OpenSSH-ARM64_Symbols/ssh-sk-helper.pdb",
      "SPDXID": "SPDXRef-File--OpenSSH-ARM64-Symbols-ssh-sk-helper.pdb-B9C63DE330EED338D93F23C2300BBB36F6E34A78",
      "checksums": [
        {
          "algorithm": "SHA256",
          "checksumValue": "030900d3792d032afc92bd2eaadf09e07b5bfe46930c63fbb38f572a7e57b565"
        },
        {
          "algorithm": "SHA1",
          "checksumValue": "b9c63de330eed338d93f23c2300bbb36f6e34a78"
        }
      ],
      "licenseConcluded": "NOASSERTION",
      "licenseInfoInFiles": [
        "NOASSERTION"
      ],
      "copyrightText": "NOASSERTION"
    },
    {
      "fileName": "./OpenSSH-ARM64_Symbols/sshd-session.pdb",
      "SPDXID": "SPDXRef-File--OpenSSH-ARM64-Symbols-sshd-session.pdb-85108A91943B4C60C2AA029CD478A5411570EA2D",
      "checksums": [
        {
          "algorithm": "SHA256",
          "checksumValue": "04972aa37754b53404dac0076027b400e7c0bbd59e7eaccc8ba05e1a6a29bb1a"
        },
        {
          "algorithm": "SHA1",
          "checksumValue": "85108a91943b4c60c2aa029cd478a5411570ea2d"
        }
      ],
      "licenseConcluded": "NOASSERTION",
      "licenseInfoInFiles": [
        "NOASSERTION"
      ],
      "copyrightText": "NOASSERTION"
    },
    {
      "fileName": "./OpenSSH-ARM64_Symbols/ssh.pdb",
      "SPDXID": "SPDXRef-File--OpenSSH-ARM64-Symbols-ssh.pdb-A373962DCE9667561F1B9AFA2D1A537DB5C27C1D",
      "checksums": [
        {
          "algorithm": "SHA256",
          "checksumValue": "eb411beb7b67d8dafbb49649bfa36acebd59d946e87773554f660e910ad278fa"
        },
        {
          "algorithm": "SHA1",
          "checksumValue": "a373962dce9667561f1b9afa2d1a537db5c27c1d"
        }
      ],
      "licenseConcluded": "NOASSERTION",
      "licenseInfoInFiles": [
        "NOASSERTION"
      ],
      "copyrightText": "NOASSERTION"
    },
    {
      "fileName": "./OpenSSH-ARM64_Symbols/ssh-pkcs11-helper.pdb",
      "SPDXID": "SPDXRef-File--OpenSSH-ARM64-Symbols-ssh-pkcs11-helper.pdb-F4DD98936E57B02FB200514523311656931BD24A",
      "checksums": [
        {
          "algorithm": "SHA256",
          "checksumValue": "6a9c44c462e8943d78c271a1963f867d78ecc4f56898f870155e5e8fae9f2345"
        },
        {
          "algorithm": "SHA1",
          "checksumValue": "f4dd98936e57b02fb200514523311656931bd24a"
        }
      ],
      "licenseConcluded": "NOASSERTION",
      "licenseInfoInFiles": [
        "NOASSERTION"
      ],
      "copyrightText": "NOASSERTION"
    },
    {
      "fileName": "./OpenSSH-ARM64_Symbols/ssh-keyscan.pdb",
      "SPDXID": "SPDXRef-File--OpenSSH-ARM64-Symbols-ssh-keyscan.pdb-3BDC8860A4087AF343BBA71013E83CB31ADDBA96",
      "checksums": [
        {
          "algorithm": "SHA256",
          "checksumValue": "de2b04424646d1a9b75574b1ca683df37721da5ac8227daafccd30f4b6b6df68"
        },
        {
          "algorithm": "SHA1",
          "checksumValue": "3bdc8860a4087af343bba71013e83cb31addba96"
        }
      ],
      "licenseConcluded": "NOASSERTION",
      "licenseInfoInFiles": [
        "NOASSERTION"
      ],
      "copyrightText": "NOASSERTION"
    },
    {
      "fileName": "./OpenSSH-ARM64_BuildInfo/OpenSSHReleaseARM64.log",
      "SPDXID": "SPDXRef-File--OpenSSH-ARM64-BuildInfo-OpenSSHReleaseARM64.log-8B5D8AD95AF55EA7634ECF85DEF8ADAB0FB5448D",
      "checksums": [
        {
          "algorithm": "SHA256",
          "checksumValue": "33fab522296d289d6614aca7309da5c57957dba2b185f07f8b6921a020fcd59a"
        },
        {
          "algorithm": "SHA1",
          "checksumValue": "8b5d8ad95af55ea7634ecf85def8adab0fb5448d"
        }
      ],
      "licenseConcluded": "NOASSERTION",
      "licenseInfoInFiles": [
        "NOASSERTION"
      ],
      "copyrightText": "NOASSERTION"
    },
    {
      "fileName": "./OpenSSH-ARM64_Symbols/ssh-keygen.pdb",
      "SPDXID": "SPDXRef-File--OpenSSH-ARM64-Symbols-ssh-keygen.pdb-16C3A8011A8719938688AE0AE040B47E04C948D4",
      "checksums": [
        {
          "algorithm": "SHA256",
          "checksumValue": "6cf732a02b7b69c857091aa24aea3225b1d87d9474db625acf9963b5bc6e6a19"
        },
        {
          "algorithm": "SHA1",
          "checksumValue": "16c3a8011a8719938688ae0ae040b47e04c948d4"
        }
      ],
      "licenseConcluded": "NOASSERTION",
      "licenseInfoInFiles": [
        "NOASSERTION"
      ],
      "copyrightText": "NOASSERTION"
    },
    {
      "fileName": "./OpenSSH-MSI-ARM64/openssh.msi",
      "SPDXID": "SPDXRef-File--OpenSSH-MSI-ARM64-openssh.msi-ADE65B26F7C2519E05D94D00C9A7321F06624E50",
      "checksums": [
        {
          "algorithm": "SHA256",
          "checksumValue": "5cbe84935b51402bd5de0e0e00b8f0c7a7ae605a9f1d3d3c1d0172c6343eaebb"
        },
        {
          "algorithm": "SHA1",
          "checksumValue": "ade65b26f7c2519e05d94d00c9a7321f06624e50"
        }
      ],
      "licenseConcluded": "NOASSERTION",
      "licenseInfoInFiles": [
        "NOASSERTION"
      ],
      "copyrightText": "NOASSERTION"
    }
  ],
  "packages": [
    {
      "name": "libressl",
      "SPDXID": "SPDXRef-Package-9614F2FF20731E430A1CE5431F21F43F46BDB83CB7CFF36ACA5BA70896E2A5B3",
      "downloadLocation": "https://www.libressl.org/",
      "filesAnalyzed": false,
      "licenseConcluded": "NOASSERTION",
      "licenseDeclared": "NOASSERTION",
      "copyrightText": "NOASSERTION",
      "versionInfo": "4.0.0.0",
      "supplier": "NOASSERTION"
    },
    {
      "name": "powershell_libressl",
      "SPDXID": "SPDXRef-Package-5F010068EE8252D5E475FC87F530282199C049CDFAEE9F55FC2F5CB2AE696F17",
      "downloadLocation": "https://github.com/PowerShell/LibreSSL/releases/tag/V4.0.0.0.zip",
      "filesAnalyzed": false,
      "licenseConcluded": "NOASSERTION",
      "licenseDeclared": "NOASSERTION",
      "copyrightText": "NOASSERTION",
      "versionInfo": "4.0.0.0",
      "supplier": "NOASSERTION"
    },
    {
      "name": "WiX",
      "SPDXID": "SPDXRef-Package-0453B7455A0B8778D4DD20EE81622AB2F93F2F060FF21F033C6ECF10EA3EFE9F",
      "downloadLocation": "NOASSERTION",
      "filesAnalyzed": false,
      "licenseConcluded": "NOASSERTION",
      "licenseDeclared": "NOASSERTION",
      "copyrightText": "NOASSERTION",
      "versionInfo": "3.14.1",
      "externalRefs": [
        {
          "referenceCategory": "PACKAGE-MANAGER",
          "referenceType": "purl",
          "referenceLocator": "pkg:nuget/WiX@3.14.1"
        }
      ],
      "supplier": "NOASSERTION"
    },
    {
      "name": "libfido2",
      "SPDXID": "SPDXRef-Package-DBE1ADCC77824D44C3798D437C096E9C2F45322F9BFB9D84DF3B676062741CAA",
      "downloadLocation": "https://github.com/Yubico/libfido2",
      "filesAnalyzed": false,
      "licenseConcluded": "NOASSERTION",
      "licenseDeclared": "NOASSERTION",
      "copyrightText": "NOASSERTION",
      "versionInfo": "1.15.0",
      "supplier": "NOASSERTION"
    },
    {
      "name": "zlib",
      "SPDXID": "SPDXRef-Package-C48644207E7AC039A85B1C41085F3B31ADE0273DA9D828D7D7C0D1F0CD93B8BA",
      "downloadLocation": "http://zlib.net/",
      "filesAnalyzed": false,
      "licenseConcluded": "NOASSERTION",
      "licenseDeclared": "NOASSERTION",
      "copyrightText": "NOASSERTION",
      "versionInfo": "1.3.1",
      "supplier": "NOASSERTION"
    },
    {
      "name": "powershell_libfido2",
      "SPDXID": "SPDXRef-Package-50FA054C3CF71B778225C94E02FCA57826614416A915D007D604DF84D814DFA2",
      "downloadLocation": "https://github.com/PowerShell/libfido2/archive/refs/tags/1.15.0.zip",
      "filesAnalyzed": false,
      "licenseConcluded": "NOASSERTION",
      "licenseDeclared": "NOASSERTION",
      "copyrightText": "NOASSERTION",
      "versionInfo": "1.15.0",
      "supplier": "NOASSERTION"
    },
    {
      "name": "powershell_zlib",
      "SPDXID": "SPDXRef-Package-7D958500B3992EFD73E1B44F7EE13941A499D40BC9121889534BA2383A0CBB0D",
      "downloadLocation": "https://github.com/PowerShell/ZLib/releases/tag/V1.3.1.zip",
      "filesAnalyzed": false,
      "licenseConcluded": "NOASSERTION",
      "licenseDeclared": "NOASSERTION",
      "copyrightText": "NOASSERTION",
      "versionInfo": "1.3.1",
      "supplier": "NOASSERTION"
    },
    {
      "name": "powershell_libcbor",
      "SPDXID": "SPDXRef-Package-41513D39CF449D8ADCB8FD146C5BA8697DDD30C2F972014C55C4A6EC6AA7EB76",
      "downloadLocation": "https://github.com/PowerShell/libcbor",
      "filesAnalyzed": false,
      "licenseConcluded": "NOASSERTION",
      "licenseDeclared": "NOASSERTION",
      "copyrightText": "NOASSERTION",
      "versionInfo": "0.11.0",
      "supplier": "NOASSERTION"
    },
    {
      "name": "libcbor",
      "SPDXID": "SPDXRef-Package-971DCD74BBB31990D0289EF759070595E5B80F51DA88731700252A67F3064BD6",
      "downloadLocation": "https://github.com/PJK/libcbor",
      "filesAnalyzed": false,
      "licenseConcluded": "NOASSERTION",
      "licenseDeclared": "NOASSERTION",
      "copyrightText": "NOASSERTION",
      "versionInfo": "0.11.0",
      "supplier": "NOASSERTION"
    },
    {
      "name": "OpenSSH",
      "SPDXID": "SPDXRef-RootPackage",
      "downloadLocation": "NOASSERTION",
      "packageVerificationCode": {
        "packageVerificationCodeValue": "27f914eeb6b102e4534807aac7824e25f061d0d4"
      },
      "filesAnalyzed": true,
      "licenseConcluded": "NOASSERTION",
      "licenseInfoFromFiles": [
        "NOASSERTION"
      ],
      "licenseDeclared": "NOASSERTION",
      "copyrightText": "NOASSERTION",
      "versionInfo": "9.8.3.0",
      "externalRefs": [
        {
          "referenceCategory": "PACKAGE-MANAGER",
          "referenceType": "purl",
          "referenceLocator": "pkg:swid/Microsoft/sbom.microsoft/OpenSSH@9.8.3.0?tag_id=497c1183-eab8-4abc-96fc-3c2ae38a12db"
        }
      ],
      "supplier": "Organization: Microsoft",
      "hasFiles": [
        "SPDXRef-File--OpenSSH-MSI-ARM64-openssh.msi-ADE65B26F7C2519E05D94D00C9A7321F06624E50",
        "SPDXRef-File--OpenSSH-ARM64-BuildInfo-OpenSSHReleaseARM64.log-8B5D8AD95AF55EA7634ECF85DEF8ADAB0FB5448D",
        "SPDXRef-File--OpenSSH-ARM64-Symbols-ssh-keygen.pdb-16C3A8011A8719938688AE0AE040B47E04C948D4",
        "SPDXRef-File--OpenSSH-ARM64-Symbols-ssh-keyscan.pdb-3BDC8860A4087AF343BBA71013E83CB31ADDBA96",
        "SPDXRef-File--OpenSSH-ARM64-Symbols-ssh-pkcs11-helper.pdb-F4DD98936E57B02FB200514523311656931BD24A",
        "SPDXRef-File--OpenSSH-ARM64-BuildInfo-Unittests-ARM64.zip-C1173E13663F13D5971CF1C9E9D506C4E9F7B47B",
        "SPDXRef-File--OpenSSH-ARM64-Symbols-sshd.pdb-58368C2C6048C448BD98C771CF8E5A034F379173",
        "SPDXRef-File--OpenSSH-ARM64-Symbols-ssh.pdb-A373962DCE9667561F1B9AFA2D1A537DB5C27C1D",
        "SPDXRef-File--OpenSSH-ARM64-Symbols-ssh-shellhost.pdb-DF321F660918EF0348C8F3D7FBB01EB0961313C8",
        "SPDXRef-File--OpenSSH-ARM64-Symbols-libcrypto.pdb-C9050FC48AB628D716A25114D0212BB1206A807E",
        "SPDXRef-File--OpenSSH-ARM64-Symbols-sftp-server.pdb-E43E7D754A2578E98D356AA87C7F9A66F65AB532",
        "SPDXRef-File--OpenSSH-ARM64-Symbols-ssh-agent.pdb-3BA81070703D9DE42E667E09C411CD68517AAA47",
        "SPDXRef-File--OpenSSH-ARM64-Symbols-ssh-add.pdb-8E2476B2BE84B48B9F9BBE54743173444E8256AD",
        "SPDXRef-File--OpenSSH-ARM64-libcrypto.dll-BAC1EEED5E121C16083435FEC3F2A1BD222ECF9A",
        "SPDXRef-File--OpenSSH-ARM64-sshd.exe-F24C6F903813D546FF24F50CE90AD76143260008",
        "SPDXRef-File--OpenSSH-ARM64-ssh-keygen.exe-D556ED8D0EAE7610E04918B9C53279B187C7CCD9",
        "SPDXRef-File--OpenSSH-ARM64-scp.exe-3444FA13941080E7A53B7A88A5DAED950BF24C36",
        "SPDXRef-File--OpenSSH-ARM64-ssh-pkcs11-helper.exe-ABF9A68B42ADFF4D65D8BA0BF61D8863CD288630",
        "SPDXRef-File--OpenSSH-ARM64-ssh-agent.exe-C17741D66C6D8B52116E26ECEF2B25DFEA76C0AA",
        "SPDXRef-File--OpenSSH-ARM64-Symbols-sshd-session.pdb-85108A91943B4C60C2AA029CD478A5411570EA2D",
        "SPDXRef-File--OpenSSH-ARM64-Symbols-ssh-sk-helper.pdb-B9C63DE330EED338D93F23C2300BBB36F6E34A78",
        "SPDXRef-File--OpenSSH-ARM64-ssh.exe-420C520647857907535B4F6DACD9D6638ACFC279",
        "SPDXRef-File--OpenSSH-ARM64-ssh-shellhost.exe-E1BED2F2BE242DF64EFC414E5A9762BB2EAF3FBE",
        "SPDXRef-File--OpenSSH-ARM64-moduli-D000837A7C67C88BAAA61D643E48A28B2F40B7AF",
        "SPDXRef-File--OpenSSH-ARM64-LICENSE.txt-A7739A32F1926D71A9EB22D101287ECEA09A6AC5",
        "SPDXRef-File--OpenSSH-ARM64-Symbols-sftp.pdb-7C44FD5DDE9767EECA19A32BFB8019731234A694",
        "SPDXRef-File--OpenSSH-ARM64-Symbols-scp.pdb-FD76B932DD0E5777693975D183B07558DF45D1C6",
        "SPDXRef-File--OpenSSH-ARM64-sshd-session.exe-4B43F9CBAA55BF37FB08FD33BAD8D4150259D5C0",
        "SPDXRef-File--OpenSSH-ARM64-ssh-sk-helper.exe-1CBDCC99AA42559095ED4F6874BE26092C8D5837",
        "SPDXRef-File--OpenSSH-ARM64-openssh-events.man-39F0E1C5FDF3F456EEAF9F1A5696A7CA64617F86",
        "SPDXRef-File--OpenSSH-ARM64-OpenSSHUtils.psm1-38D46002C121B7BE8AAF673B1C563DB997BED036",
        "SPDXRef-File--OpenSSH-ARM64-NOTICE.txt-0C6BEDA8BE1A704C0C2615D4A481BACA0E56372D",
        "SPDXRef-File--OpenSSH-ARM64-OpenSSHUtils.psd1-30ACB06ED5D0C419AF16B04AE894C89F1748FC40",
        "SPDXRef-File--OpenSSH-ARM64-FixHostFilePermissions.ps1-F2F564B7E7AABA0B73DD6AA7236E27DFF0166B2C",
        "SPDXRef-File--OpenSSH-ARM64-sftp.exe-A434AEBC967DAC1F6D7FB01B63A64E5DF5EA6AE4",
        "SPDXRef-File--OpenSSH-ARM64-FixUserFilePermissions.ps1-CF5C7B6CAD6543F171B07F99284C0CAC716C4FBA",
        "SPDXRef-File--OpenSSH-ARM64-sftp-server.exe-A926A3EAB05F938C9A86EF043FDA39E0AFB130EF",
        "SPDXRef-File--OpenSSH-ARM64-ssh-add.exe-8FB54FCC520D099EA608B573F6329C348EF4286F",
        "SPDXRef-File--OpenSSH-ARM64-sshd-config-default-7F6AC27C5927EF4127C392D53DDD5DB763B65A1E",
        "SPDXRef-File--OpenSSH-ARM64-uninstall-sshd.ps1-FD14696FC937B2E8FE1803A2817CEEACA0175FA6",
        "SPDXRef-File--OpenSSH-ARM64-ssh-keyscan.exe-F2B88E20B9F25A3A273464F5D67FDB74C3105C0C",
        "SPDXRef-File--OpenSSH-ARM64-install-sshd.ps1-EE72DB11D38762D6719498A391C8D39724DFFD6E"
      ]
    }
  ],
  "externalDocumentRefs": [
    {
      "externalDocumentId": "DocumentRef-ZLib-1.3.1-16232b68c57e9d662108a05698d26f43c0acabea",
      "spdxDocument": "https://sbom.microsoft/1:2QSF7qZlbE-F7QrUJlEo7g:Ifmy0CRpKEe0S33n1Rdb-w/2901:522012/ZLib:1.3.1:0alOYoxgr0aKgbhQo6OyNw",
      "checksum": {
        "algorithm": "SHA1",
        "checksumValue": "16232b68c57e9d662108a05698d26f43c0acabea"
      }
    },
    {
      "externalDocumentId": "DocumentRef-libfido2-1.15.0-b4d71991155efc0e5c2b2f7186ccbec3b7e54cb6",
      "spdxDocument": "https://sbom.microsoft/1:2QSF7qZlbE-F7QrUJlEo7g:Ifmy0CRpKEe0S33n1Rdb-w/2912:530705/libfido2:1.15.0:I44gQlgQAkeFIC0SjN9gPw",
      "checksum": {
        "algorithm": "SHA1",
        "checksumValue": "b4d71991155efc0e5c2b2f7186ccbec3b7e54cb6"
      }
    },
    {
      "externalDocumentId": "DocumentRef-LibreSSL-4.0.0.0-4eaf53d434ebcc53c686f3abfee54baf11effcf0",
      "spdxDocument": "https://sbom.microsoft/1:2QSF7qZlbE-F7QrUJlEo7g:Ifmy0CRpKEe0S33n1Rdb-w/2904:575877/LibreSSL:4.0.0.0:WMH2o0P7HE6tnReYBNrzWQ",
      "checksum": {
        "algorithm": "SHA1",
        "checksumValue": "4eaf53d434ebcc53c686f3abfee54baf11effcf0"
      }
    }
  ],
  "relationships": [
    {
      "relationshipType": "PREREQUISITE_FOR",
      "relatedSpdxElement": "DocumentRef-LibreSSL-4.0.0.0-4eaf53d434ebcc53c686f3abfee54baf11effcf0:SPDXRef-RootPackage",
      "spdxElementId": "SPDXRef-RootPackage"
    },
    {
      "relationshipType": "DESCRIBES",
      "relatedSpdxElement": "SPDXRef-RootPackage",
      "spdxElementId": "SPDXRef-DOCUMENT"
    },
    {
      "relationshipType": "PREREQUISITE_FOR",
      "relatedSpdxElement": "DocumentRef-libfido2-1.15.0-b4d71991155efc0e5c2b2f7186ccbec3b7e54cb6:SPDXRef-RootPackage",
      "spdxElementId": "SPDXRef-RootPackage"
    },
    {
      "relationshipType": "PREREQUISITE_FOR",
      "relatedSpdxElement": "DocumentRef-ZLib-1.3.1-16232b68c57e9d662108a05698d26f43c0acabea:SPDXRef-RootPackage",
      "spdxElementId": "SPDXRef-RootPackage"
    },
    {
      "relationshipType": "DESCRIBED_BY",
      "relatedSpdxElement": "SPDXRef-DOCUMENT",
      "spdxElementId": "SPDXRef-File--..-..-s-OSS-Microsoft-OpenSSH-Dev-contrib-win32-openssh-ZLib--manifest-spdx-2.2-manifest.spdx.json-16232B68C57E9D662108A05698D26F43C0ACABEA"
    },
    {
      "relationshipType": "DESCRIBED_BY",
      "relatedSpdxElement": "SPDXRef-DOCUMENT",
      "spdxElementId": "SPDXRef-File--..-..-s-OSS-Microsoft-OpenSSH-Dev-contrib-win32-openssh-libfido2--manifest-spdx-2.2-manifest.spdx.json-B4D71991155EFC0E5C2B2F7186CCBEC3B7E54CB6"
    },
    {
      "relationshipType": "DESCRIBED_BY",
      "relatedSpdxElement": "SPDXRef-DOCUMENT",
      "spdxElementId": "SPDXRef-File--..-..-s-OSS-Microsoft-OpenSSH-Dev-contrib-win32-openssh-LibreSSL--manifest-spdx-2.2-manifest.spdx.json-4EAF53D434EBCC53C686F3ABFEE54BAF11EFFCF0"
    },
    {
      "relationshipType": "DEPENDS_ON",
      "relatedSpdxElement": "SPDXRef-Package-41513D39CF449D8ADCB8FD146C5BA8697DDD30C2F972014C55C4A6EC6AA7EB76",
      "spdxElementId": "SPDXRef-RootPackage"
    },
    {
      "relationshipType": "DEPENDS_ON",
      "relatedSpdxElement": "SPDXRef-Package-7D958500B3992EFD73E1B44F7EE13941A499D40BC9121889534BA2383A0CBB0D",
      "spdxElementId": "SPDXRef-RootPackage"
    },
    {
      "relationshipType": "DEPENDS_ON",
      "relatedSpdxElement": "SPDXRef-Package-50FA054C3CF71B778225C94E02FCA57826614416A915D007D604DF84D814DFA2",
      "spdxElementId": "SPDXRef-RootPackage"
    },
    {
      "relationshipType": "DEPENDS_ON",
      "relatedSpdxElement": "SPDXRef-Package-C48644207E7AC039A85B1C41085F3B31ADE0273DA9D828D7D7C0D1F0CD93B8BA",
      "spdxElementId": "SPDXRef-RootPackage"
    },
    {
      "relationshipType": "DEPENDS_ON",
      "relatedSpdxElement": "SPDXRef-Package-DBE1ADCC77824D44C3798D437C096E9C2F45322F9BFB9D84DF3B676062741CAA",
      "spdxElementId": "SPDXRef-RootPackage"
    },
    {
      "relationshipType": "DEPENDS_ON",
      "relatedSpdxElement": "SPDXRef-Package-971DCD74BBB31990D0289EF759070595E5B80F51DA88731700252A67F3064BD6",
      "spdxElementId": "SPDXRef-RootPackage"
    },
    {
      "relationshipType": "DEPENDS_ON",
      "relatedSpdxElement": "SPDXRef-Package-0453B7455A0B8778D4DD20EE81622AB2F93F2F060FF21F033C6ECF10EA3EFE9F",
      "spdxElementId": "SPDXRef-RootPackage"
    },
    {
      "relationshipType": "DEPENDS_ON",
      "relatedSpdxElement": "SPDXRef-Package-9614F2FF20731E430A1CE5431F21F43F46BDB83CB7CFF36ACA5BA70896E2A5B3",
      "spdxElementId": "SPDXRef-RootPackage"
    },
    {
      "relationshipType": "DEPENDS_ON",
      "relatedSpdxElement": "SPDXRef-Package-5F010068EE8252D5E475FC87F530282199C049CDFAEE9F55FC2F5CB2AE696F17",
      "spdxElementId": "SPDXRef-RootPackage"
    }
  ],
  "spdxVersion": "SPDX-2.2",
  "dataLicense": "CC0-1.0",
  "SPDXID": "SPDXRef-DOCUMENT",
  "name": "OpenSSH 9.8.3.0",
  "documentNamespace": "https://sbom.microsoft/1:2QSF7qZlbE-F7QrUJlEo7g:Ifmy0CRpKEe0S33n1Rdb-w/2896:582846/OpenSSH:9.8.3.0:CfKOYLi1gEuY0cG9YRRuaw",
  "creationInfo": {
    "created": "2025-04-17T21:01:35Z",
    "creators": [
      "Organization: Microsoft",
      "Tool: Microsoft.SBOMTool-3.1.0"
    ]
  },
  "documentDescribes": [
    "SPDXRef-RootPackage"
  ]
}