{
  "files": [
    {
      "fileName": "./../../s/OSS_Microsoft_OpenSSH_Dev/contrib/win32/openssh/libfido2/_manifest/spdx_2.2/manifest.spdx.json",
      "SPDXID": "SPDXRef-File--..-..-s-OSS-Microsoft-OpenSSH-Dev-contrib-win32-openssh-libfido2--manifest-spdx-2.2-manifest.spdx.json-B4D71991155EFC0E5C2B2F7186CCBEC3B7E54CB6",
      "checksums": [
        {
          "algorithm": "SHA256",
          "checksumValue": "88b03732d10ef8588678ebe6e837ffe201d21d2c5034e30c1203602d36484cc4"
        },
        {
          "algorithm": "SHA1",
          "checksumValue": "b4d71991155efc0e5c2b2f7186ccbec3b7e54cb6"
        }
      ],
      "licenseConcluded": "NOASSERTION",
      "licenseInfoInFiles": [
        "NOASSERTION"
      ],
      "copyrightText": "NOASSERTION",
      "fileTypes": [
        "SPDX"
      ]
    },
    {
      "fileName": "./../../s/OSS_Microsoft_OpenSSH_Dev/contrib/win32/openssh/LibreSSL/_manifest/spdx_2.2/manifest.spdx.json",
      "SPDXID": "SPDXRef-File--..-..-s-OSS-Microsoft-OpenSSH-Dev-contrib-win32-openssh-LibreSSL--manifest-spdx-2.2-manifest.spdx.json-4EAF53D434EBCC53C686F3ABFEE54BAF11EFFCF0",
      "checksums": [
        {
          "algorithm": "SHA256",
          "checksumValue": "e989196aec2f04c79c9af6730b0a81bb7a6be40e6b7d923502cc0ac131bcb17f"
        },
        {
          "algorithm": "SHA1",
          "checksumValue": "4eaf53d434ebcc53c686f3abfee54baf11effcf0"
        }
      ],
      "licenseConcluded": "NOASSERTION",
      "licenseInfoInFiles": [
        "NOASSERTION"
      ],
      "copyrightText": "NOASSERTION",
      "fileTypes": [
        "SPDX"
      ]
    },
    {
      "fileName": "./../../s/OSS_Microsoft_OpenSSH_Dev/contrib/win32/openssh/ZLib/_manifest/spdx_2.2/manifest.spdx.json",
      "SPDXID": "SPDXRef-File--..-..-s-OSS-Microsoft-OpenSSH-Dev-contrib-win32-openssh-ZLib--manifest-spdx-2.2-manifest.spdx.json-16232B68C57E9D662108A05698D26F43C0ACABEA",
      "checksums": [
        {
          "algorithm": "SHA256",
          "checksumValue": "8faed6bc326795cd62f6c260495d25ffc563dd6c85b94acaa83dc6306f3bee56"
        },
        {
          "algorithm": "SHA1",
          "checksumValue": "16232b68c57e9d662108a05698d26f43c0acabea"
        }
      ],
      "licenseConcluded": "NOASSERTION",
      "licenseInfoInFiles": [
        "NOASSERTION"
      ],
      "copyrightText": "NOASSERTION",
      "fileTypes": [
        "SPDX"
      ]
    },
    {
      "fileName": "./OpenSSH-ARM64/FixUserFilePermissions.ps1",
      "SPDXID": "SPDXRef-File--OpenSSH-ARM64-FixUserFilePermissions.ps1-EC70A73A44251C3B35514EA703F6D911C236B09C",
      "checksums": [
        {
          "algorithm": "SHA256",
          "checksumValue": "bbc0e6b30620bc7e27fb2bf9c4d002b463d4189c274e9ba7081c1edc676b3e23"
        },
        {
          "algorithm": "SHA1",
          "checksumValue": "ec70a73a44251c3b35514ea703f6d911c236b09c"
        }
      ],
      "licenseConcluded": "NOASSERTION",
      "licenseInfoInFiles": [
        "NOASSERTION"
      ],
      "copyrightText": "NOASSERTION"
    },
    {
      "fileName": "./OpenSSH-ARM64/install-sshd.ps1",
      "SPDXID": "SPDXRef-File--OpenSSH-ARM64-install-sshd.ps1-C0ECFC6D9AC8B8BA5F448A5F7D988FF41FD9F0EF",
      "checksums": [
        {
          "algorithm": "SHA256",
          "checksumValue": "d4ace5be762055a238968f6a4b4cd4ada82472b3a3605ac277e884a1bf6ee5df"
        },
        {
          "algorithm": "SHA1",
          "checksumValue": "c0ecfc6d9ac8b8ba5f448a5f7d988ff41fd9f0ef"
        }
      ],
      "licenseConcluded": "NOASSERTION",
      "licenseInfoInFiles": [
        "NOASSERTION"
      ],
      "copyrightText": "NOASSERTION"
    },
    {
      "fileName": "./OpenSSH-ARM64/FixHostFilePermissions.ps1",
      "SPDXID": "SPDXRef-File--OpenSSH-ARM64-FixHostFilePermissions.ps1-B74031032D351E26604BB0EAE089E83D977FFB0C",
      "checksums": [
        {
          "algorithm": "SHA256",
          "checksumValue": "f498b1470aa8c46900a4128730394115ed4db9fbdd40a1b5fd4bbe5e1e1e511d"
        },
        {
          "algorithm": "SHA1",
          "checksumValue": "b74031032d351e26604bb0eae089e83d977ffb0c"
        }
      ],
      "licenseConcluded": "NOASSERTION",
      "licenseInfoInFiles": [
        "NOASSERTION"
      ],
      "copyrightText": "NOASSERTION"
    },
    {
      "fileName": "./OpenSSH-ARM64/LICENSE.txt",
      "SPDXID": "SPDXRef-File--OpenSSH-ARM64-LICENSE.txt-A7739A32F1926D71A9EB22D101287ECEA09A6AC5",
      "checksums": [
        {
          "algorithm": "SHA256",
          "checksumValue": "e6a25da96c2fccdc025caad56d99f87851ec3fe814a3cea83f2bc77ffc800681"
        },
        {
          "algorithm": "SHA1",
          "checksumValue": "a7739a32f1926d71a9eb22d101287ecea09a6ac5"
        }
      ],
      "licenseConcluded": "NOASSERTION",
      "licenseInfoInFiles": [
        "NOASSERTION"
      ],
      "copyrightText": "NOASSERTION"
    },
    {
      "fileName": "./OpenSSH-ARM64/NOTICE.txt",
      "SPDXID": "SPDXRef-File--OpenSSH-ARM64-NOTICE.txt-0C6BEDA8BE1A704C0C2615D4A481BACA0E56372D",
      "checksums": [
        {
          "algorithm": "SHA256",
          "checksumValue": "2cd5f5d0064bc909dfe0f0fc8f4787882c7c379f2730d89e5faa0c2bc57c620b"
        },
        {
          "algorithm": "SHA1",
          "checksumValue": "0c6beda8be1a704c0c2615d4a481baca0e56372d"
        }
      ],
      "licenseConcluded": "NOASSERTION",
      "licenseInfoInFiles": [
        "NOASSERTION"
      ],
      "copyrightText": "NOASSERTION"
    },
    {
      "fileName": "./OpenSSH-ARM64/openssh-events.man",
      "SPDXID": "SPDXRef-File--OpenSSH-ARM64-openssh-events.man-39F0E1C5FDF3F456EEAF9F1A5696A7CA64617F86",
      "checksums": [
        {
          "algorithm": "SHA256",
          "checksumValue": "c36019e53e3045cba2639bf35ed1e2498e3563b272533e53301165c31ab60199"
        },
        {
          "algorithm": "SHA1",
          "checksumValue": "39f0e1c5fdf3f456eeaf9f1a5696a7ca64617f86"
        }
      ],
      "licenseConcluded": "NOASSERTION",
      "licenseInfoInFiles": [
        "NOASSERTION"
      ],
      "copyrightText": "NOASSERTION"
    },
    {
      "fileName": "./OpenSSH-ARM64/OpenSSHUtils.psm1",
      "SPDXID": "SPDXRef-File--OpenSSH-ARM64-OpenSSHUtils.psm1-03D256C262769EB34750046D6CA573357749898A",
      "checksums": [
        {
          "algorithm": "SHA256",
          "checksumValue": "1ff321b3e20c1eb9bd77dd5cdc2ceb8b24eff20f54da0bebcb0d42bc03b2bfa6"
        },
        {
          "algorithm": "SHA1",
          "checksumValue": "03d256c262769eb34750046d6ca573357749898a"
        }
      ],
      "licenseConcluded": "NOASSERTION",
      "licenseInfoInFiles": [
        "NOASSERTION"
      ],
      "copyrightText": "NOASSERTION"
    },
    {
      "fileName": "./OpenSSH-ARM64/OpenSSHUtils.psd1",
      "SPDXID": "SPDXRef-File--OpenSSH-ARM64-OpenSSHUtils.psd1-1EF1E1DB21BDB6BD4284074746599769326ABFDB",
      "checksums": [
        {
          "algorithm": "SHA256",
          "checksumValue": "1a0b688c06f455fdadddf051bdf1ffd112f4e21d9c0b46d1da3fc382fe0c1b33"
        },
        {
          "algorithm": "SHA1",
          "checksumValue": "1ef1e1db21bdb6bd4284074746599769326abfdb"
        }
      ],
      "licenseConcluded": "NOASSERTION",
      "licenseInfoInFiles": [
        "NOASSERTION"
      ],
      "copyrightText": "NOASSERTION"
    },
    {
      "fileName": "./OpenSSH-ARM64/scp.exe",
      "SPDXID": "SPDXRef-File--OpenSSH-ARM64-scp.exe-A23FE06F2513E905583025C66A586CC0352C3C9B",
      "checksums": [
        {
          "algorithm": "SHA256",
          "checksumValue": "55432c2154063170ec3183db207fe59bce36dbe0205ebca64a2cdf23d7b0439a"
        },
        {
          "algorithm": "SHA1",
          "checksumValue": "a23fe06f2513e905583025c66a586cc0352c3c9b"
        }
      ],
      "licenseConcluded": "NOASSERTION",
      "licenseInfoInFiles": [
        "NOASSERTION"
      ],
      "copyrightText": "NOASSERTION"
    },
    {
      "fileName": "./OpenSSH-ARM64/sftp.exe",
      "SPDXID": "SPDXRef-File--OpenSSH-ARM64-sftp.exe-4A258CB2C8EE4C1634CC5E4C96CE27C5AF7A4E60",
      "checksums": [
        {
          "algorithm": "SHA256",
          "checksumValue": "ea62ccc8921337a9bab5e47da046aa1c79cfbd8fc9b25b5a6655855605178d72"
        },
        {
          "algorithm": "SHA1",
          "checksumValue": "4a258cb2c8ee4c1634cc5e4c96ce27c5af7a4e60"
        }
      ],
      "licenseConcluded": "NOASSERTION",
      "licenseInfoInFiles": [
        "NOASSERTION"
      ],
      "copyrightText": "NOASSERTION"
    },
    {
      "fileName": "./OpenSSH-ARM64/moduli",
      "SPDXID": "SPDXRef-File--OpenSSH-ARM64-moduli-D000837A7C67C88BAAA61D643E48A28B2F40B7AF",
      "checksums": [
        {
          "algorithm": "SHA256",
          "checksumValue": "bd6b9d63cd668af7ba13ae367f40a9efa30986aba0e4d91a03e212992351daeb"
        },
        {
          "algorithm": "SHA1",
          "checksumValue": "d000837a7c67c88baaa61d643e48a28b2f40b7af"
        }
      ],
      "licenseConcluded": "NOASSERTION",
      "licenseInfoInFiles": [
        "NOASSERTION"
      ],
      "copyrightText": "NOASSERTION"
    },
    {
      "fileName": "./OpenSSH-ARM64/ssh-pkcs11-helper.exe",
      "SPDXID": "SPDXRef-File--OpenSSH-ARM64-ssh-pkcs11-helper.exe-F86ABA1541FB2B942A17DE3CEC959D509A54872E",
      "checksums": [
        {
          "algorithm": "SHA256",
          "checksumValue": "6fc41db66204a0dde1d0af1ee92350e87fc3d92f7357d34fb7f05ee62f59018d"
        },
        {
          "algorithm": "SHA1",
          "checksumValue": "f86aba1541fb2b942a17de3cec959d509a54872e"
        }
      ],
      "licenseConcluded": "NOASSERTION",
      "licenseInfoInFiles": [
        "NOASSERTION"
      ],
      "copyrightText": "NOASSERTION"
    },
    {
      "fileName": "./OpenSSH-ARM64/ssh-agent.exe",
      "SPDXID": "SPDXRef-File--OpenSSH-ARM64-ssh-agent.exe-3A8DC52B5E844B81A14DDE2AC86F4F1E1C82A496",
      "checksums": [
        {
          "algorithm": "SHA256",
          "checksumValue": "f9fdda049d5cda5c6c1cfda205bb4fe46e4831e5e4d5b8084344432f518d1c89"
        },
        {
          "algorithm": "SHA1",
          "checksumValue": "3a8dc52b5e844b81a14dde2ac86f4f1e1c82a496"
        }
      ],
      "licenseConcluded": "NOASSERTION",
      "licenseInfoInFiles": [
        "NOASSERTION"
      ],
      "copyrightText": "NOASSERTION"
    },
    {
      "fileName": "./OpenSSH-ARM64/ssh-shellhost.exe",
      "SPDXID": "SPDXRef-File--OpenSSH-ARM64-ssh-shellhost.exe-3D401AD724439FB39525F7FC4322B844D1E02B66",
      "checksums": [
        {
          "algorithm": "SHA256",
          "checksumValue": "535a2bfae65f9865001636231a1da2fed0762c8781ec2915548cccda0057ec49"
        },
        {
          "algorithm": "SHA1",
          "checksumValue": "3d401ad724439fb39525f7fc4322b844d1e02b66"
        }
      ],
      "licenseConcluded": "NOASSERTION",
      "licenseInfoInFiles": [
        "NOASSERTION"
      ],
      "copyrightText": "NOASSERTION"
    },
    {
      "fileName": "./OpenSSH-ARM64/ssh-keyscan.exe",
      "SPDXID": "SPDXRef-File--OpenSSH-ARM64-ssh-keyscan.exe-5ECF7A3E4CDD144FE41EA0B7EAA95E32093383B7",
      "checksums": [
        {
          "algorithm": "SHA256",
          "checksumValue": "847b37f52378a54390ff916f56132636526bbfa0afb2235e38375a3e3adb6bed"
        },
        {
          "algorithm": "SHA1",
          "checksumValue": "5ecf7a3e4cdd144fe41ea0b7eaa95e32093383b7"
        }
      ],
      "licenseConcluded": "NOASSERTION",
      "licenseInfoInFiles": [
        "NOASSERTION"
      ],
      "copyrightText": "NOASSERTION"
    },
    {
      "fileName": "./OpenSSH-ARM64/ssh-keygen.exe",
      "SPDXID": "SPDXRef-File--OpenSSH-ARM64-ssh-keygen.exe-9FEF09658A7839509C1D056DE56FE4A7059DA183",
      "checksums": [
        {
          "algorithm": "SHA256",
          "checksumValue": "950d569da3dd0525bbe921a718bda843790a352b49b123ccbee3b1b5bc496af6"
        },
        {
          "algorithm": "SHA1",
          "checksumValue": "9fef09658a7839509c1d056de56fe4a7059da183"
        }
      ],
      "licenseConcluded": "NOASSERTION",
      "licenseInfoInFiles": [
        "NOASSERTION"
      ],
      "copyrightText": "NOASSERTION"
    },
    {
      "fileName": "./OpenSSH-ARM64/uninstall-sshd.ps1",
      "SPDXID": "SPDXRef-File--OpenSSH-ARM64-uninstall-sshd.ps1-76CD9EF8E0534014E7D49E25062A388D90DC3200",
      "checksums": [
        {
          "algorithm": "SHA256",
          "checksumValue": "7caf5e87a2548dfc3b7ba573e5dc98b44a9ecc974d1aad9c850a6cbd72593a23"
        },
        {
          "algorithm": "SHA1",
          "checksumValue": "76cd9ef8e0534014e7d49e25062a388d90dc3200"
        }
      ],
      "licenseConcluded": "NOASSERTION",
      "licenseInfoInFiles": [
        "NOASSERTION"
      ],
      "copyrightText": "NOASSERTION"
    },
    {
      "fileName": "./OpenSSH-ARM64/sshd_config_default",
      "SPDXID": "SPDXRef-File--OpenSSH-ARM64-sshd-config-default-7F6AC27C5927EF4127C392D53DDD5DB763B65A1E",
      "checksums": [
        {
          "algorithm": "SHA256",
          "checksumValue": "796f518d1f4bb03d775da710c259b518eb770d123133dbd6429ca7e14d3c224b"
        },
        {
          "algorithm": "SHA1",
          "checksumValue": "7f6ac27c5927ef4127c392d53ddd5db763b65a1e"
        }
      ],
      "licenseConcluded": "NOASSERTION",
      "licenseInfoInFiles": [
        "NOASSERTION"
      ],
      "copyrightText": "NOASSERTION"
    },
    {
      "fileName": "./OpenSSH-ARM64/ssh-add.exe",
      "SPDXID": "SPDXRef-File--OpenSSH-ARM64-ssh-add.exe-5B2012CB5B54B5F19F40FB0CBC59B45F6C0F40D3",
      "checksums": [
        {
          "algorithm": "SHA256",
          "checksumValue": "08e3e42e0cfb1820de9431e0b23f73cb6e18659444d35e9e0a69963b768571d3"
        },
        {
          "algorithm": "SHA1",
          "checksumValue": "5b2012cb5b54b5f19f40fb0cbc59b45f6c0f40d3"
        }
      ],
      "licenseConcluded": "NOASSERTION",
      "licenseInfoInFiles": [
        "NOASSERTION"
      ],
      "copyrightText": "NOASSERTION"
    },
    {
      "fileName": "./OpenSSH-ARM64/sshd.exe",
      "SPDXID": "SPDXRef-File--OpenSSH-ARM64-sshd.exe-220E7CB68C3CC2CD5BD7C981936833972989B318",
      "checksums": [
        {
          "algorithm": "SHA256",
          "checksumValue": "847dcdfa72456b7646b21ad9411dcfd7d0ccfb0b52c17da6bcba8229b88a133c"
        },
        {
          "algorithm": "SHA1",
          "checksumValue": "220e7cb68c3cc2cd5bd7c981936833972989b318"
        }
      ],
      "licenseConcluded": "NOASSERTION",
      "licenseInfoInFiles": [
        "NOASSERTION"
      ],
      "copyrightText": "NOASSERTION"
    },
    {
      "fileName": "./OpenSSH-ARM64/ssh.exe",
      "SPDXID": "SPDXRef-File--OpenSSH-ARM64-ssh.exe-7AAB61BDB821538E770E2F33BE5EA0EB10A85FE5",
      "checksums": [
        {
          "algorithm": "SHA256",
          "checksumValue": "3cb7c6e412e85dd62384090f97b9cb18937c633c4431b571759dbbcf18a3ce4b"
        },
        {
          "algorithm": "SHA1",
          "checksumValue": "7aab61bdb821538e770e2f33be5ea0eb10a85fe5"
        }
      ],
      "licenseConcluded": "NOASSERTION",
      "licenseInfoInFiles": [
        "NOASSERTION"
      ],
      "copyrightText": "NOASSERTION"
    },
    {
      "fileName": "./OpenSSH-ARM64/libcrypto.dll",
      "SPDXID": "SPDXRef-File--OpenSSH-ARM64-libcrypto.dll-FBFFFDCA6C90124F902A3D5E17CA04B36DEA2A23",
      "checksums": [
        {
          "algorithm": "SHA256",
          "checksumValue": "7a4896bc04554890138cb3fce1ab443778fc1bd0650f504308ea09110ba0113d"
        },
        {
          "algorithm": "SHA1",
          "checksumValue": "fbfffdca6c90124f902a3d5e17ca04b36dea2a23"
        }
      ],
      "licenseConcluded": "NOASSERTION",
      "licenseInfoInFiles": [
        "NOASSERTION"
      ],
      "copyrightText": "NOASSERTION"
    },
    {
      "fileName": "./OpenSSH-ARM64/sshd-session.exe",
      "SPDXID": "SPDXRef-File--OpenSSH-ARM64-sshd-session.exe-58D7425C85E39C112BBD3BD7BC9D614F146BBBA5",
      "checksums": [
        {
          "algorithm": "SHA256",
          "checksumValue": "a16d5dd2e422aa75e3de2dbc2463c0d5163f3760db72721be6b71e857073f8d3"
        },
        {
          "algorithm": "SHA1",
          "checksumValue": "58d7425c85e39c112bbd3bd7bc9d614f146bbba5"
        }
      ],
      "licenseConcluded": "NOASSERTION",
      "licenseInfoInFiles": [
        "NOASSERTION"
      ],
      "copyrightText": "NOASSERTION"
    },
    {
      "fileName": "./OpenSSH-ARM64/sftp-server.exe",
      "SPDXID": "SPDXRef-File--OpenSSH-ARM64-sftp-server.exe-83B3C292B4AE98E6456A40D46F50A98225E47685",
      "checksums": [
        {
          "algorithm": "SHA256",
          "checksumValue": "99608fe985df572b91729783241f699d728445b1b3a92f45f759f5c7fde1b44a"
        },
        {
          "algorithm": "SHA1",
          "checksumValue": "83b3c292b4ae98e6456a40d46f50a98225e47685"
        }
      ],
      "licenseConcluded": "NOASSERTION",
      "licenseInfoInFiles": [
        "NOASSERTION"
      ],
      "copyrightText": "NOASSERTION"
    },
    {
      "fileName": "./OpenSSH-ARM64/ssh-sk-helper.exe",
      "SPDXID": "SPDXRef-File--OpenSSH-ARM64-ssh-sk-helper.exe-92B48BAC9C2B7E12EDE8793A8BBAFAA900AA5529",
      "checksums": [
        {
          "algorithm": "SHA256",
          "checksumValue": "27cf140f2b09ea17dfa1901abf9b6ddba471dfd4a080e0fd71218e6dd9fa192e"
        },
        {
          "algorithm": "SHA1",
          "checksumValue": "92b48bac9c2b7e12ede8793a8bbafaa900aa5529"
        }
      ],
      "licenseConcluded": "NOASSERTION",
      "licenseInfoInFiles": [
        "NOASSERTION"
      ],
      "copyrightText": "NOASSERTION"
    },
    {
      "fileName": "./OpenSSH-ARM64_Symbols/scp.pdb",
      "SPDXID": "SPDXRef-File--OpenSSH-ARM64-Symbols-scp.pdb-DB9D826016D90A9C4173A949DF4391DCA56E107E",
      "checksums": [
        {
          "algorithm": "SHA256",
          "checksumValue": "8d2bab2764c19d4c889c20d654f117b504a1493eec0e825ea21de620af7283a2"
        },
        {
          "algorithm": "SHA1",
          "checksumValue": "db9d826016d90a9c4173a949df4391dca56e107e"
        }
      ],
      "licenseConcluded": "NOASSERTION",
      "licenseInfoInFiles": [
        "NOASSERTION"
      ],
      "copyrightText": "NOASSERTION"
    },
    {
      "fileName": "./OpenSSH-ARM64_Symbols/sftp-server.pdb",
      "SPDXID": "SPDXRef-File--OpenSSH-ARM64-Symbols-sftp-server.pdb-251BBB84E09D4535FDC70420D591A5799D2F03DF",
      "checksums": [
        {
          "algorithm": "SHA256",
          "checksumValue": "b6de558cdc647b7d810308aad76adbf977b331f6946148bed56bfb935ca9ffb9"
        },
        {
          "algorithm": "SHA1",
          "checksumValue": "251bbb84e09d4535fdc70420d591a5799d2f03df"
        }
      ],
      "licenseConcluded": "NOASSERTION",
      "licenseInfoInFiles": [
        "NOASSERTION"
      ],
      "copyrightText": "NOASSERTION"
    },
    {
      "fileName": "./OpenSSH-ARM64_Symbols/ssh-agent.pdb",
      "SPDXID": "SPDXRef-File--OpenSSH-ARM64-Symbols-ssh-agent.pdb-0EABA595EBCBEEBE7F9EBDD9B504191F14FAA295",
      "checksums": [
        {
          "algorithm": "SHA256",
          "checksumValue": "352d7dd5cacf9fea36be5e299faa4fbb87276c787dd54e053235f5d086a335d7"
        },
        {
          "algorithm": "SHA1",
          "checksumValue": "0eaba595ebcbeebe7f9ebdd9b504191f14faa295"
        }
      ],
      "licenseConcluded": "NOASSERTION",
      "licenseInfoInFiles": [
        "NOASSERTION"
      ],
      "copyrightText": "NOASSERTION"
    },
    {
      "fileName": "./OpenSSH-ARM64_Symbols/sftp.pdb",
      "SPDXID": "SPDXRef-File--OpenSSH-ARM64-Symbols-sftp.pdb-1934EB5D2C0E7F7D034C152BEF0AE0E54C58D900",
      "checksums": [
        {
          "algorithm": "SHA256",
          "checksumValue": "b44c6ae2a0948764053cacf93fcc6788e49b21fd75409c002f9cb30a7b011e65"
        },
        {
          "algorithm": "SHA1",
          "checksumValue": "1934eb5d2c0e7f7d034c152bef0ae0e54c58d900"
        }
      ],
      "licenseConcluded": "NOASSERTION",
      "licenseInfoInFiles": [
        "NOASSERTION"
      ],
      "copyrightText": "NOASSERTION"
    },
    {
      "fileName": "./OpenSSH-ARM64_Symbols/ssh-add.pdb",
      "SPDXID": "SPDXRef-File--OpenSSH-ARM64-Symbols-ssh-add.pdb-92D1353424E8B67F86CAA422F52734F3315435A6",
      "checksums": [
        {
          "algorithm": "SHA256",
          "checksumValue": "b2c747e2d31543562cc751eecdb3663cb718d408185770ac47d50a33b8bb3b8b"
        },
        {
          "algorithm": "SHA1",
          "checksumValue": "92d1353424e8b67f86caa422f52734f3315435a6"
        }
      ],
      "licenseConcluded": "NOASSERTION",
      "licenseInfoInFiles": [
        "NOASSERTION"
      ],
      "copyrightText": "NOASSERTION"
    },
    {
      "fileName": "./OpenSSH-ARM64_Symbols/ssh-shellhost.pdb",
      "SPDXID": "SPDXRef-File--OpenSSH-ARM64-Symbols-ssh-shellhost.pdb-5E2F92E653842025DEDD6838D886416188FE4F82",
      "checksums": [
        {
          "algorithm": "SHA256",
          "checksumValue": "46d0e3133aa23f5f26ac0e1f32527df979e0809e1d4785c74cf91bbf8e9c2ff9"
        },
        {
          "algorithm": "SHA1",
          "checksumValue": "5e2f92e653842025dedd6838d886416188fe4f82"
        }
      ],
      "licenseConcluded": "NOASSERTION",
      "licenseInfoInFiles": [
        "NOASSERTION"
      ],
      "copyrightText": "NOASSERTION"
    },
    {
      "fileName": "./OpenSSH-ARM64_Symbols/ssh-sk-helper.pdb",
      "SPDXID": "SPDXRef-File--OpenSSH-ARM64-Symbols-ssh-sk-helper.pdb-A16AD5CCBCD823257A3D55846E98259A28F374A3",
      "checksums": [
        {
          "algorithm": "SHA256",
          "checksumValue": "17a39abaa63e0a2befe9a831a1504ab6a01d6e101cae729436e2f740a000936d"
        },
        {
          "algorithm": "SHA1",
          "checksumValue": "a16ad5ccbcd823257a3d55846e98259a28f374a3"
        }
      ],
      "licenseConcluded": "NOASSERTION",
      "licenseInfoInFiles": [
        "NOASSERTION"
      ],
      "copyrightText": "NOASSERTION"
    },
    {
      "fileName": "./OpenSSH-ARM64_BuildInfo/Unittests-ARM64.zip",
      "SPDXID": "SPDXRef-File--OpenSSH-ARM64-BuildInfo-Unittests-ARM64.zip-F09C524F8997211AA4B23EA7FBDD4B11E6349994",
      "checksums": [
        {
          "algorithm": "SHA256",
          "checksumValue": "8ba4f11f9c7b72772ef3d729fc4cbef20fcb6ee79ad04da5ea9f03c79db1502b"
        },
        {
          "algorithm": "SHA1",
          "checksumValue": "f09c524f8997211aa4b23ea7fbdd4b11e6349994"
        }
      ],
      "licenseConcluded": "NOASSERTION",
      "licenseInfoInFiles": [
        "NOASSERTION"
      ],
      "copyrightText": "NOASSERTION"
    },
    {
      "fileName": "./OpenSSH-ARM64_Symbols/libcrypto.pdb",
      "SPDXID": "SPDXRef-File--OpenSSH-ARM64-Symbols-libcrypto.pdb-C9050FC48AB628D716A25114D0212BB1206A807E",
      "checksums": [
        {
          "algorithm": "SHA256",
          "checksumValue": "148a05e652da353fe8fd5958c3094858a401694ccecb3b00594a5a23f0d8049e"
        },
        {
          "algorithm": "SHA1",
          "checksumValue": "c9050fc48ab628d716a25114d0212bb1206a807e"
        }
      ],
      "licenseConcluded": "NOASSERTION",
      "licenseInfoInFiles": [
        "NOASSERTION"
      ],
      "copyrightText": "NOASSERTION"
    },
    {
      "fileName": "./OpenSSH-ARM64_Symbols/sshd.pdb",
      "SPDXID": "SPDXRef-File--OpenSSH-ARM64-Symbols-sshd.pdb-5D6C387F688A0282C5F1864C4F61439A61FA98A9",
      "checksums": [
        {
          "algorithm": "SHA256",
          "checksumValue": "6337f37e542dbc63b3f3c576cb9d1899bf03fb5530faa5c58d0c187a8cfd5615"
        },
        {
          "algorithm": "SHA1",
          "checksumValue": "5d6c387f688a0282c5f1864c4f61439a61fa98a9"
        }
      ],
      "licenseConcluded": "NOASSERTION",
      "licenseInfoInFiles": [
        "NOASSERTION"
      ],
      "copyrightText": "NOASSERTION"
    },
    {
      "fileName": "./OpenSSH-ARM64_Symbols/ssh.pdb",
      "SPDXID": "SPDXRef-File--OpenSSH-ARM64-Symbols-ssh.pdb-D2D347D3801009EBF10D8A8505868DF3D025964B",
      "checksums": [
        {
          "algorithm": "SHA256",
          "checksumValue": "f871f5c9308bab865a4f36926c7b8e5a9f44eeced41956b3eeb71d24aa5fb143"
        },
        {
          "algorithm": "SHA1",
          "checksumValue": "d2d347d3801009ebf10d8a8505868df3d025964b"
        }
      ],
      "licenseConcluded": "NOASSERTION",
      "licenseInfoInFiles": [
        "NOASSERTION"
      ],
      "copyrightText": "NOASSERTION"
    },
    {
      "fileName": "./OpenSSH-ARM64_Symbols/sshd-session.pdb",
      "SPDXID": "SPDXRef-File--OpenSSH-ARM64-Symbols-sshd-session.pdb-AB34A57F2A1E3EB438316BA34E21438390D60724",
      "checksums": [
        {
          "algorithm": "SHA256",
          "checksumValue": "a41b9873f536d8298d728f31d8f2877da6388c1db23c64c39805b1c12d008e73"
        },
        {
          "algorithm": "SHA1",
          "checksumValue": "ab34a57f2a1e3eb438316ba34e21438390d60724"
        }
      ],
      "licenseConcluded": "NOASSERTION",
      "licenseInfoInFiles": [
        "NOASSERTION"
      ],
      "copyrightText": "NOASSERTION"
    },
    {
      "fileName": "./OpenSSH-ARM64_Symbols/ssh-keyscan.pdb",
      "SPDXID": "SPDXRef-File--OpenSSH-ARM64-Symbols-ssh-keyscan.pdb-30ACBA364F56C26120B460C6344F66FDF3AC578F",
      "checksums": [
        {
          "algorithm": "SHA256",
          "checksumValue": "03b5f17d4b1a80b7ffdf5ce52c427c0372101d2fb3726c32f203be20bb0ab181"
        },
        {
          "algorithm": "SHA1",
          "checksumValue": "30acba364f56c26120b460c6344f66fdf3ac578f"
        }
      ],
      "licenseConcluded": "NOASSERTION",
      "licenseInfoInFiles": [
        "NOASSERTION"
      ],
      "copyrightText": "NOASSERTION"
    },
    {
      "fileName": "./OpenSSH-ARM64_Symbols/ssh-pkcs11-helper.pdb",
      "SPDXID": "SPDXRef-File--OpenSSH-ARM64-Symbols-ssh-pkcs11-helper.pdb-B6F72CE7678F5A77B241709A06DDC3DE4AF7DBD9",
      "checksums": [
        {
          "algorithm": "SHA256",
          "checksumValue": "4d596a7c0db6b388808ab847fc025a2f956994592cba2a04487246c08e925d23"
        },
        {
          "algorithm": "SHA1",
          "checksumValue": "b6f72ce7678f5a77b241709a06ddc3de4af7dbd9"
        }
      ],
      "licenseConcluded": "NOASSERTION",
      "licenseInfoInFiles": [
        "NOASSERTION"
      ],
      "copyrightText": "NOASSERTION"
    },
    {
      "fileName": "./OpenSSH-ARM64_BuildInfo/OpenSSHReleaseARM64.log",
      "SPDXID": "SPDXRef-File--OpenSSH-ARM64-BuildInfo-OpenSSHReleaseARM64.log-1E286223B115D49B175C07514B05C6D0DDEC3624",
      "checksums": [
        {
          "algorithm": "SHA256",
          "checksumValue": "17c287df2cc1a96dab9d666400307f792d0b0702de46ba6c2fa6315bfd994769"
        },
        {
          "algorithm": "SHA1",
          "checksumValue": "1e286223b115d49b175c07514b05c6d0ddec3624"
        }
      ],
      "licenseConcluded": "NOASSERTION",
      "licenseInfoInFiles": [
        "NOASSERTION"
      ],
      "copyrightText": "NOASSERTION"
    },
    {
      "fileName": "./OpenSSH-ARM64_Symbols/ssh-keygen.pdb",
      "SPDXID": "SPDXRef-File--OpenSSH-ARM64-Symbols-ssh-keygen.pdb-7DF791D7A63EB282BD9C666FB9E4D161037CF148",
      "checksums": [
        {
          "algorithm": "SHA256",
          "checksumValue": "468982095bf7f05be3721085a26fde52507a9aa4ff2f9750a29aea6b2c36db36"
        },
        {
          "algorithm": "SHA1",
          "checksumValue": "7df791d7a63eb282bd9c666fb9e4d161037cf148"
        }
      ],
      "licenseConcluded": "NOASSERTION",
      "licenseInfoInFiles": [
        "NOASSERTION"
      ],
      "copyrightText": "NOASSERTION"
    },
    {
      "fileName": "./OpenSSH-MSI-ARM64/openssh.msi",
      "SPDXID": "SPDXRef-File--OpenSSH-MSI-ARM64-openssh.msi-BA5CD10BD6A56567D83AF24A78B83F0A99A8E887",
      "checksums": [
        {
          "algorithm": "SHA256",
          "checksumValue": "e0eed5f4b4de307b89a2f3bf6d7c1745fcddd68eb8b80935bb821c2f8dc126b6"
        },
        {
          "algorithm": "SHA1",
          "checksumValue": "ba5cd10bd6a56567d83af24a78b83f0a99a8e887"
        }
      ],
      "licenseConcluded": "NOASSERTION",
      "licenseInfoInFiles": [
        "NOASSERTION"
      ],
      "copyrightText": "NOASSERTION"
    }
  ],
  "packages": [
    {
      "name": "libressl",
      "SPDXID": "SPDXRef-Package-9614F2FF20731E430A1CE5431F21F43F46BDB83CB7CFF36ACA5BA70896E2A5B3",
      "downloadLocation": "https://www.libressl.org/",
      "filesAnalyzed": false,
      "licenseConcluded": "NOASSERTION",
      "licenseDeclared": "NOASSERTION",
      "copyrightText": "NOASSERTION",
      "versionInfo": "4.0.0.0",
      "supplier": "NOASSERTION"
    },
    {
      "name": "powershell_libressl",
      "SPDXID": "SPDXRef-Package-5F010068EE8252D5E475FC87F530282199C049CDFAEE9F55FC2F5CB2AE696F17",
      "downloadLocation": "https://github.com/PowerShell/LibreSSL/releases/tag/V4.0.0.0.zip",
      "filesAnalyzed": false,
      "licenseConcluded": "NOASSERTION",
      "licenseDeclared": "NOASSERTION",
      "copyrightText": "NOASSERTION",
      "versionInfo": "4.0.0.0",
      "supplier": "NOASSERTION"
    },
    {
      "name": "powershell_libfido2",
      "SPDXID": "SPDXRef-Package-50FA054C3CF71B778225C94E02FCA57826614416A915D007D604DF84D814DFA2",
      "downloadLocation": "https://github.com/PowerShell/libfido2/archive/refs/tags/1.15.0.zip",
      "filesAnalyzed": false,
      "licenseConcluded": "NOASSERTION",
      "licenseDeclared": "NOASSERTION",
      "copyrightText": "NOASSERTION",
      "versionInfo": "1.15.0",
      "supplier": "NOASSERTION"
    },
    {
      "name": "powershell_zlib",
      "SPDXID": "SPDXRef-Package-7D958500B3992EFD73E1B44F7EE13941A499D40BC9121889534BA2383A0CBB0D",
      "downloadLocation": "https://github.com/PowerShell/ZLib/releases/tag/V1.3.1.zip",
      "filesAnalyzed": false,
      "licenseConcluded": "NOASSERTION",
      "licenseDeclared": "NOASSERTION",
      "copyrightText": "NOASSERTION",
      "versionInfo": "1.3.1",
      "supplier": "NOASSERTION"
    },
    {
      "name": "powershell_libcbor",
      "SPDXID": "SPDXRef-Package-41513D39CF449D8ADCB8FD146C5BA8697DDD30C2F972014C55C4A6EC6AA7EB76",
      "downloadLocation": "https://github.com/PowerShell/libcbor",
      "filesAnalyzed": false,
      "licenseConcluded": "NOASSERTION",
      "licenseDeclared": "NOASSERTION",
      "copyrightText": "NOASSERTION",
      "versionInfo": "0.11.0",
      "supplier": "NOASSERTION"
    },
    {
      "name": "zlib",
      "SPDXID": "SPDXRef-Package-C48644207E7AC039A85B1C41085F3B31ADE0273DA9D828D7D7C0D1F0CD93B8BA",
      "downloadLocation": "http://zlib.net/",
      "filesAnalyzed": false,
      "licenseConcluded": "NOASSERTION",
      "licenseDeclared": "NOASSERTION",
      "copyrightText": "NOASSERTION",
      "versionInfo": "1.3.1",
      "supplier": "NOASSERTION"
    },
    {
      "name": "libfido2",
      "SPDXID": "SPDXRef-Package-DBE1ADCC77824D44C3798D437C096E9C2F45322F9BFB9D84DF3B676062741CAA",
      "downloadLocation": "https://github.com/Yubico/libfido2",
      "filesAnalyzed": false,
      "licenseConcluded": "NOASSERTION",
      "licenseDeclared": "NOASSERTION",
      "copyrightText": "NOASSERTION",
      "versionInfo": "1.15.0",
      "supplier": "NOASSERTION"
    },
    {
      "name": "WiX",
      "SPDXID": "SPDXRef-Package-0453B7455A0B8778D4DD20EE81622AB2F93F2F060FF21F033C6ECF10EA3EFE9F",
      "downloadLocation": "NOASSERTION",
      "filesAnalyzed": false,
      "licenseConcluded": "NOASSERTION",
      "licenseDeclared": "NOASSERTION",
      "copyrightText": "NOASSERTION",
      "versionInfo": "3.14.1",
      "externalRefs": [
        {
          "referenceCategory": "PACKAGE-MANAGER",
          "referenceType": "purl",
          "referenceLocator": "pkg:nuget/WiX@3.14.1"
        }
      ],
      "supplier": "NOASSERTION"
    },
    {
      "name": "libcbor",
      "SPDXID": "SPDXRef-Package-971DCD74BBB31990D0289EF759070595E5B80F51DA88731700252A67F3064BD6",
      "downloadLocation": "https://github.com/PJK/libcbor",
      "filesAnalyzed": false,
      "licenseConcluded": "NOASSERTION",
      "licenseDeclared": "NOASSERTION",
      "copyrightText": "NOASSERTION",
      "versionInfo": "0.11.0",
      "supplier": "NOASSERTION"
    },
    {
      "name": "OpenSSH",
      "SPDXID": "SPDXRef-RootPackage",
      "downloadLocation": "NOASSERTION",
      "packageVerificationCode": {
        "packageVerificationCodeValue": "38c1288aa22c2b6081c48436832d625377efb431"
      },
      "filesAnalyzed": true,
      "licenseConcluded": "NOASSERTION",
      "licenseInfoFromFiles": [
        "NOASSERTION"
      ],
      "licenseDeclared": "NOASSERTION",
      "copyrightText": "NOASSERTION",
      "versionInfo": "9.8.2.0",
      "externalRefs": [
        {
          "referenceCategory": "PACKAGE-MANAGER",
          "referenceType": "purl",
          "referenceLocator": "pkg:swid/Microsoft/sbom.microsoft/OpenSSH@9.8.2.0?tag_id=e7bd64ac-0c36-409d-98f8-30a4214b9052"
        }
      ],
      "supplier": "Organization: Microsoft",
      "hasFiles": [
        "SPDXRef-File--OpenSSH-MSI-ARM64-openssh.msi-BA5CD10BD6A56567D83AF24A78B83F0A99A8E887",
        "SPDXRef-File--OpenSSH-ARM64-Symbols-ssh-pkcs11-helper.pdb-B6F72CE7678F5A77B241709A06DDC3DE4AF7DBD9",
        "SPDXRef-File--OpenSSH-ARM64-Symbols-ssh-keyscan.pdb-30ACBA364F56C26120B460C6344F66FDF3AC578F",
        "SPDXRef-File--OpenSSH-ARM64-Symbols-ssh-keygen.pdb-7DF791D7A63EB282BD9C666FB9E4D161037CF148",
        "SPDXRef-File--OpenSSH-ARM64-Symbols-sshd-session.pdb-AB34A57F2A1E3EB438316BA34E21438390D60724",
        "SPDXRef-File--OpenSSH-ARM64-BuildInfo-OpenSSHReleaseARM64.log-1E286223B115D49B175C07514B05C6D0DDEC3624",
        "SPDXRef-File--OpenSSH-ARM64-Symbols-ssh.pdb-D2D347D3801009EBF10D8A8505868DF3D025964B",
        "SPDXRef-File--OpenSSH-ARM64-Symbols-sshd.pdb-5D6C387F688A0282C5F1864C4F61439A61FA98A9",
        "SPDXRef-File--OpenSSH-ARM64-BuildInfo-Unittests-ARM64.zip-F09C524F8997211AA4B23EA7FBDD4B11E6349994",
        "SPDXRef-File--OpenSSH-ARM64-Symbols-ssh-sk-helper.pdb-A16AD5CCBCD823257A3D55846E98259A28F374A3",
        "SPDXRef-File--OpenSSH-ARM64-Symbols-libcrypto.pdb-C9050FC48AB628D716A25114D0212BB1206A807E",
        "SPDXRef-File--OpenSSH-ARM64-Symbols-ssh-shellhost.pdb-5E2F92E653842025DEDD6838D886416188FE4F82",
        "SPDXRef-File--OpenSSH-ARM64-Symbols-ssh-add.pdb-92D1353424E8B67F86CAA422F52734F3315435A6",
        "SPDXRef-File--OpenSSH-ARM64-Symbols-scp.pdb-DB9D826016D90A9C4173A949DF4391DCA56E107E",
        "SPDXRef-File--OpenSSH-ARM64-moduli-D000837A7C67C88BAAA61D643E48A28B2F40B7AF",
        "SPDXRef-File--OpenSSH-ARM64-scp.exe-A23FE06F2513E905583025C66A586CC0352C3C9B",
        "SPDXRef-File--OpenSSH-ARM64-openssh-events.man-39F0E1C5FDF3F456EEAF9F1A5696A7CA64617F86",
        "SPDXRef-File--OpenSSH-ARM64-NOTICE.txt-0C6BEDA8BE1A704C0C2615D4A481BACA0E56372D",
        "SPDXRef-File--OpenSSH-ARM64-Symbols-sftp.pdb-1934EB5D2C0E7F7D034C152BEF0AE0E54C58D900",
        "SPDXRef-File--OpenSSH-ARM64-Symbols-sftp-server.pdb-251BBB84E09D4535FDC70420D591A5799D2F03DF",
        "SPDXRef-File--OpenSSH-ARM64-ssh-sk-helper.exe-92B48BAC9C2B7E12EDE8793A8BBAFAA900AA5529",
        "SPDXRef-File--OpenSSH-ARM64-sftp-server.exe-83B3C292B4AE98E6456A40D46F50A98225E47685",
        "SPDXRef-File--OpenSSH-ARM64-sshd-session.exe-58D7425C85E39C112BBD3BD7BC9D614F146BBBA5",
        "SPDXRef-File--OpenSSH-ARM64-ssh.exe-7AAB61BDB821538E770E2F33BE5EA0EB10A85FE5",
        "SPDXRef-File--OpenSSH-ARM64-sshd.exe-220E7CB68C3CC2CD5BD7C981936833972989B318",
        "SPDXRef-File--OpenSSH-ARM64-sshd-config-default-7F6AC27C5927EF4127C392D53DDD5DB763B65A1E",
        "SPDXRef-File--OpenSSH-ARM64-ssh-keygen.exe-9FEF09658A7839509C1D056DE56FE4A7059DA183",
        "SPDXRef-File--OpenSSH-ARM64-ssh-keyscan.exe-5ECF7A3E4CDD144FE41EA0B7EAA95E32093383B7",
        "SPDXRef-File--OpenSSH-ARM64-LICENSE.txt-A7739A32F1926D71A9EB22D101287ECEA09A6AC5",
        "SPDXRef-File--OpenSSH-ARM64-OpenSSHUtils.psd1-1EF1E1DB21BDB6BD4284074746599769326ABFDB",
        "SPDXRef-File--OpenSSH-ARM64-FixHostFilePermissions.ps1-B74031032D351E26604BB0EAE089E83D977FFB0C",
        "SPDXRef-File--OpenSSH-ARM64-Symbols-ssh-agent.pdb-0EABA595EBCBEEBE7F9EBDD9B504191F14FAA295",
        "SPDXRef-File--OpenSSH-ARM64-ssh-add.exe-5B2012CB5B54B5F19F40FB0CBC59B45F6C0F40D3",
        "SPDXRef-File--OpenSSH-ARM64-uninstall-sshd.ps1-76CD9EF8E0534014E7D49E25062A388D90DC3200",
        "SPDXRef-File--OpenSSH-ARM64-ssh-agent.exe-3A8DC52B5E844B81A14DDE2AC86F4F1E1C82A496",
        "SPDXRef-File--OpenSSH-ARM64-OpenSSHUtils.psm1-03D256C262769EB34750046D6CA573357749898A",
        "SPDXRef-File--OpenSSH-ARM64-FixUserFilePermissions.ps1-EC70A73A44251C3B35514EA703F6D911C236B09C",
        "SPDXRef-File--OpenSSH-ARM64-libcrypto.dll-FBFFFDCA6C90124F902A3D5E17CA04B36DEA2A23",
        "SPDXRef-File--OpenSSH-ARM64-ssh-shellhost.exe-3D401AD724439FB39525F7FC4322B844D1E02B66",
        "SPDXRef-File--OpenSSH-ARM64-ssh-pkcs11-helper.exe-F86ABA1541FB2B942A17DE3CEC959D509A54872E",
        "SPDXRef-File--OpenSSH-ARM64-sftp.exe-4A258CB2C8EE4C1634CC5E4C96CE27C5AF7A4E60",
        "SPDXRef-File--OpenSSH-ARM64-install-sshd.ps1-C0ECFC6D9AC8B8BA5F448A5F7D988FF41FD9F0EF"
      ]
    }
  ],
  "externalDocumentRefs": [
    {
      "externalDocumentId": "DocumentRef-LibreSSL-4.0.0.0-4eaf53d434ebcc53c686f3abfee54baf11effcf0",
      "spdxDocument": "https://sbom.microsoft/1:2QSF7qZlbE-F7QrUJlEo7g:Ifmy0CRpKEe0S33n1Rdb-w/2904:575877/LibreSSL:4.0.0.0:WMH2o0P7HE6tnReYBNrzWQ",
      "checksum": {
        "algorithm": "SHA1",
        "checksumValue": "4eaf53d434ebcc53c686f3abfee54baf11effcf0"
      }
    },
    {
      "externalDocumentId": "DocumentRef-ZLib-1.3.1-16232b68c57e9d662108a05698d26f43c0acabea",
      "spdxDocument": "https://sbom.microsoft/1:2QSF7qZlbE-F7QrUJlEo7g:Ifmy0CRpKEe0S33n1Rdb-w/2901:522012/ZLib:1.3.1:0alOYoxgr0aKgbhQo6OyNw",
      "checksum": {
        "algorithm": "SHA1",
        "checksumValue": "16232b68c57e9d662108a05698d26f43c0acabea"
      }
    },
    {
      "externalDocumentId": "DocumentRef-libfido2-1.15.0-b4d71991155efc0e5c2b2f7186ccbec3b7e54cb6",
      "spdxDocument": "https://sbom.microsoft/1:2QSF7qZlbE-F7QrUJlEo7g:Ifmy0CRpKEe0S33n1Rdb-w/2912:530705/libfido2:1.15.0:I44gQlgQAkeFIC0SjN9gPw",
      "checksum": {
        "algorithm": "SHA1",
        "checksumValue": "b4d71991155efc0e5c2b2f7186ccbec3b7e54cb6"
      }
    }
  ],
  "relationships": [
    {
      "relationshipType": "PREREQUISITE_FOR",
      "relatedSpdxElement": "DocumentRef-ZLib-1.3.1-16232b68c57e9d662108a05698d26f43c0acabea:SPDXRef-RootPackage",
      "spdxElementId": "SPDXRef-RootPackage"
    },
    {
      "relationshipType": "DEPENDS_ON",
      "relatedSpdxElement": "SPDXRef-Package-971DCD74BBB31990D0289EF759070595E5B80F51DA88731700252A67F3064BD6",
      "spdxElementId": "SPDXRef-RootPackage"
    },
    {
      "relationshipType": "DESCRIBES",
      "relatedSpdxElement": "SPDXRef-RootPackage",
      "spdxElementId": "SPDXRef-DOCUMENT"
    },
    {
      "relationshipType": "DEPENDS_ON",
      "relatedSpdxElement": "SPDXRef-Package-0453B7455A0B8778D4DD20EE81622AB2F93F2F060FF21F033C6ECF10EA3EFE9F",
      "spdxElementId": "SPDXRef-RootPackage"
    },
    {
      "relationshipType": "PREREQUISITE_FOR",
      "relatedSpdxElement": "DocumentRef-libfido2-1.15.0-b4d71991155efc0e5c2b2f7186ccbec3b7e54cb6:SPDXRef-RootPackage",
      "spdxElementId": "SPDXRef-RootPackage"
    },
    {
      "relationshipType": "DEPENDS_ON",
      "relatedSpdxElement": "SPDXRef-Package-DBE1ADCC77824D44C3798D437C096E9C2F45322F9BFB9D84DF3B676062741CAA",
      "spdxElementId": "SPDXRef-RootPackage"
    },
    {
      "relationshipType": "DEPENDS_ON",
      "relatedSpdxElement": "SPDXRef-Package-C48644207E7AC039A85B1C41085F3B31ADE0273DA9D828D7D7C0D1F0CD93B8BA",
      "spdxElementId": "SPDXRef-RootPackage"
    },
    {
      "relationshipType": "DEPENDS_ON",
      "relatedSpdxElement": "SPDXRef-Package-41513D39CF449D8ADCB8FD146C5BA8697DDD30C2F972014C55C4A6EC6AA7EB76",
      "spdxElementId": "SPDXRef-RootPackage"
    },
    {
      "relationshipType": "DEPENDS_ON",
      "relatedSpdxElement": "SPDXRef-Package-7D958500B3992EFD73E1B44F7EE13941A499D40BC9121889534BA2383A0CBB0D",
      "spdxElementId": "SPDXRef-RootPackage"
    },
    {
      "relationshipType": "PREREQUISITE_FOR",
      "relatedSpdxElement": "DocumentRef-LibreSSL-4.0.0.0-4eaf53d434ebcc53c686f3abfee54baf11effcf0:SPDXRef-RootPackage",
      "spdxElementId": "SPDXRef-RootPackage"
    },
    {
      "relationshipType": "DEPENDS_ON",
      "relatedSpdxElement": "SPDXRef-Package-5F010068EE8252D5E475FC87F530282199C049CDFAEE9F55FC2F5CB2AE696F17",
      "spdxElementId": "SPDXRef-RootPackage"
    },
    {
      "relationshipType": "DEPENDS_ON",
      "relatedSpdxElement": "SPDXRef-Package-9614F2FF20731E430A1CE5431F21F43F46BDB83CB7CFF36ACA5BA70896E2A5B3",
      "spdxElementId": "SPDXRef-RootPackage"
    },
    {
      "relationshipType": "DEPENDS_ON",
      "relatedSpdxElement": "SPDXRef-Package-50FA054C3CF71B778225C94E02FCA57826614416A915D007D604DF84D814DFA2",
      "spdxElementId": "SPDXRef-RootPackage"
    },
    {
      "relationshipType": "DESCRIBED_BY",
      "relatedSpdxElement": "SPDXRef-DOCUMENT",
      "spdxElementId": "SPDXRef-File--..-..-s-OSS-Microsoft-OpenSSH-Dev-contrib-win32-openssh-LibreSSL--manifest-spdx-2.2-manifest.spdx.json-4EAF53D434EBCC53C686F3ABFEE54BAF11EFFCF0"
    },
    {
      "relationshipType": "DESCRIBED_BY",
      "relatedSpdxElement": "SPDXRef-DOCUMENT",
      "spdxElementId": "SPDXRef-File--..-..-s-OSS-Microsoft-OpenSSH-Dev-contrib-win32-openssh-ZLib--manifest-spdx-2.2-manifest.spdx.json-16232B68C57E9D662108A05698D26F43C0ACABEA"
    },
    {
      "relationshipType": "DESCRIBED_BY",
      "relatedSpdxElement": "SPDXRef-DOCUMENT",
      "spdxElementId": "SPDXRef-File--..-..-s-OSS-Microsoft-OpenSSH-Dev-contrib-win32-openssh-libfido2--manifest-spdx-2.2-manifest.spdx.json-B4D71991155EFC0E5C2B2F7186CCBEC3B7E54CB6"
    }
  ],
  "spdxVersion": "SPDX-2.2",
  "dataLicense": "CC0-1.0",
  "SPDXID": "SPDXRef-DOCUMENT",
  "name": "OpenSSH 9.8.2.0",
  "documentNamespace": "https://sbom.microsoft/1:2QSF7qZlbE-F7QrUJlEo7g:Ifmy0CRpKEe0S33n1Rdb-w/2896:579085/OpenSSH:9.8.2.0:DlQkX4U_QUmUFy2ynsra2g",
  "creationInfo": {
    "created": "2025-04-04T17:01:54Z",
    "creators": [
      "Organization: Microsoft",
      "Tool: Microsoft.SBOMTool-3.1.0"
    ]
  },
  "documentDescribes": [
    "SPDXRef-RootPackage"
  ]
}