{
  "files": [
    {
      "fileName": "./../../s/OSS_Microsoft_OpenSSH_Dev/contrib/win32/openssh/LibreSSL/_manifest/spdx_2.2/manifest.spdx.json",
      "SPDXID": "SPDXRef-File--..-..-s-OSS-Microsoft-OpenSSH-Dev-contrib-win32-openssh-LibreSSL--manifest-spdx-2.2-manifest.spdx.json-156360D785BE3510595BB31D9DB5364066966965",
      "checksums": [
        {
          "algorithm": "SHA256",
          "checksumValue": "1da66fd492ecbd8333ddaa27b5757d5282b335be7aa75d42906fd09f0b85f134"
        },
        {
          "algorithm": "SHA1",
          "checksumValue": "156360d785be3510595bb31d9db5364066966965"
        }
      ],
      "licenseConcluded": "NOASSERTION",
      "licenseInfoInFiles": [
        "NOASSERTION"
      ],
      "copyrightText": "NOASSERTION",
      "fileTypes": [
        "SPDX"
      ]
    },
    {
      "fileName": "./../../s/OSS_Microsoft_OpenSSH_Dev/contrib/win32/openssh/libfido2/_manifest/spdx_2.2/manifest.spdx.json",
      "SPDXID": "SPDXRef-File--..-..-s-OSS-Microsoft-OpenSSH-Dev-contrib-win32-openssh-libfido2--manifest-spdx-2.2-manifest.spdx.json-B4D71991155EFC0E5C2B2F7186CCBEC3B7E54CB6",
      "checksums": [
        {
          "algorithm": "SHA256",
          "checksumValue": "88b03732d10ef8588678ebe6e837ffe201d21d2c5034e30c1203602d36484cc4"
        },
        {
          "algorithm": "SHA1",
          "checksumValue": "b4d71991155efc0e5c2b2f7186ccbec3b7e54cb6"
        }
      ],
      "licenseConcluded": "NOASSERTION",
      "licenseInfoInFiles": [
        "NOASSERTION"
      ],
      "copyrightText": "NOASSERTION",
      "fileTypes": [
        "SPDX"
      ]
    },
    {
      "fileName": "./../../s/OSS_Microsoft_OpenSSH_Dev/contrib/win32/openssh/ZLib/_manifest/spdx_2.2/manifest.spdx.json",
      "SPDXID": "SPDXRef-File--..-..-s-OSS-Microsoft-OpenSSH-Dev-contrib-win32-openssh-ZLib--manifest-spdx-2.2-manifest.spdx.json-16232B68C57E9D662108A05698D26F43C0ACABEA",
      "checksums": [
        {
          "algorithm": "SHA256",
          "checksumValue": "8faed6bc326795cd62f6c260495d25ffc563dd6c85b94acaa83dc6306f3bee56"
        },
        {
          "algorithm": "SHA1",
          "checksumValue": "16232b68c57e9d662108a05698d26f43c0acabea"
        }
      ],
      "licenseConcluded": "NOASSERTION",
      "licenseInfoInFiles": [
        "NOASSERTION"
      ],
      "copyrightText": "NOASSERTION",
      "fileTypes": [
        "SPDX"
      ]
    },
    {
      "fileName": "./OpenSSH-ARM64/openssh-events.man",
      "SPDXID": "SPDXRef-File--OpenSSH-ARM64-openssh-events.man-39F0E1C5FDF3F456EEAF9F1A5696A7CA64617F86",
      "checksums": [
        {
          "algorithm": "SHA256",
          "checksumValue": "c36019e53e3045cba2639bf35ed1e2498e3563b272533e53301165c31ab60199"
        },
        {
          "algorithm": "SHA1",
          "checksumValue": "39f0e1c5fdf3f456eeaf9f1a5696a7ca64617f86"
        }
      ],
      "licenseConcluded": "NOASSERTION",
      "licenseInfoInFiles": [
        "NOASSERTION"
      ],
      "copyrightText": "NOASSERTION"
    },
    {
      "fileName": "./OpenSSH-ARM64/install-sshd.ps1",
      "SPDXID": "SPDXRef-File--OpenSSH-ARM64-install-sshd.ps1-DF781AA53A52149C21B5C959ABAE1C6F217DDB4E",
      "checksums": [
        {
          "algorithm": "SHA256",
          "checksumValue": "90b841277d84f6b9f4ebe3b06f06e0ee577339c3125d61df4cba569f051c4ed2"
        },
        {
          "algorithm": "SHA1",
          "checksumValue": "df781aa53a52149c21b5c959abae1c6f217ddb4e"
        }
      ],
      "licenseConcluded": "NOASSERTION",
      "licenseInfoInFiles": [
        "NOASSERTION"
      ],
      "copyrightText": "NOASSERTION"
    },
    {
      "fileName": "./OpenSSH-ARM64/FixHostFilePermissions.ps1",
      "SPDXID": "SPDXRef-File--OpenSSH-ARM64-FixHostFilePermissions.ps1-77AD61FBA6C2C3E1FCEFA15DA66528A1BEE5D606",
      "checksums": [
        {
          "algorithm": "SHA256",
          "checksumValue": "ef4131a0920afbbd15d7f1e249e220eb49c7d75a8cf180ffc67543bd2e0b5e89"
        },
        {
          "algorithm": "SHA1",
          "checksumValue": "77ad61fba6c2c3e1fcefa15da66528a1bee5d606"
        }
      ],
      "licenseConcluded": "NOASSERTION",
      "licenseInfoInFiles": [
        "NOASSERTION"
      ],
      "copyrightText": "NOASSERTION"
    },
    {
      "fileName": "./OpenSSH-ARM64/FixUserFilePermissions.ps1",
      "SPDXID": "SPDXRef-File--OpenSSH-ARM64-FixUserFilePermissions.ps1-122ABBB88FC5E7D1A02810FC951D2158CEED96C9",
      "checksums": [
        {
          "algorithm": "SHA256",
          "checksumValue": "343a3bc6b833ba35e4d9f3ba1ebb047b2056ee272a9cc0081540d1c06506ac51"
        },
        {
          "algorithm": "SHA1",
          "checksumValue": "122abbb88fc5e7d1a02810fc951d2158ceed96c9"
        }
      ],
      "licenseConcluded": "NOASSERTION",
      "licenseInfoInFiles": [
        "NOASSERTION"
      ],
      "copyrightText": "NOASSERTION"
    },
    {
      "fileName": "./OpenSSH-ARM64/LICENSE.txt",
      "SPDXID": "SPDXRef-File--OpenSSH-ARM64-LICENSE.txt-A7739A32F1926D71A9EB22D101287ECEA09A6AC5",
      "checksums": [
        {
          "algorithm": "SHA256",
          "checksumValue": "e6a25da96c2fccdc025caad56d99f87851ec3fe814a3cea83f2bc77ffc800681"
        },
        {
          "algorithm": "SHA1",
          "checksumValue": "a7739a32f1926d71a9eb22d101287ecea09a6ac5"
        }
      ],
      "licenseConcluded": "NOASSERTION",
      "licenseInfoInFiles": [
        "NOASSERTION"
      ],
      "copyrightText": "NOASSERTION"
    },
    {
      "fileName": "./OpenSSH-ARM64/NOTICE.txt",
      "SPDXID": "SPDXRef-File--OpenSSH-ARM64-NOTICE.txt-0C6BEDA8BE1A704C0C2615D4A481BACA0E56372D",
      "checksums": [
        {
          "algorithm": "SHA256",
          "checksumValue": "2cd5f5d0064bc909dfe0f0fc8f4787882c7c379f2730d89e5faa0c2bc57c620b"
        },
        {
          "algorithm": "SHA1",
          "checksumValue": "0c6beda8be1a704c0c2615d4a481baca0e56372d"
        }
      ],
      "licenseConcluded": "NOASSERTION",
      "licenseInfoInFiles": [
        "NOASSERTION"
      ],
      "copyrightText": "NOASSERTION"
    },
    {
      "fileName": "./OpenSSH-ARM64/OpenSSHUtils.psd1",
      "SPDXID": "SPDXRef-File--OpenSSH-ARM64-OpenSSHUtils.psd1-0A291E3203CAB1CB4EEA9F8F86F26654D021C22E",
      "checksums": [
        {
          "algorithm": "SHA256",
          "checksumValue": "6b9156ddc4ee91b8c3ddee443f466fcea3f036e4e3944f86a4a823bc02d4393f"
        },
        {
          "algorithm": "SHA1",
          "checksumValue": "0a291e3203cab1cb4eea9f8f86f26654d021c22e"
        }
      ],
      "licenseConcluded": "NOASSERTION",
      "licenseInfoInFiles": [
        "NOASSERTION"
      ],
      "copyrightText": "NOASSERTION"
    },
    {
      "fileName": "./OpenSSH-ARM64/OpenSSHUtils.psm1",
      "SPDXID": "SPDXRef-File--OpenSSH-ARM64-OpenSSHUtils.psm1-BEB22BB35BD0A0E968EB4D37414BE2BEE5D331FD",
      "checksums": [
        {
          "algorithm": "SHA256",
          "checksumValue": "264f9967d3a3c118e39b3c6d5b4841764ad2de4deaa3d49ee401abded4a04fa4"
        },
        {
          "algorithm": "SHA1",
          "checksumValue": "beb22bb35bd0a0e968eb4d37414be2bee5d331fd"
        }
      ],
      "licenseConcluded": "NOASSERTION",
      "licenseInfoInFiles": [
        "NOASSERTION"
      ],
      "copyrightText": "NOASSERTION"
    },
    {
      "fileName": "./OpenSSH-ARM64/scp.exe",
      "SPDXID": "SPDXRef-File--OpenSSH-ARM64-scp.exe-F4F150EB18C802D43D134FE91433DDF45C36A67A",
      "checksums": [
        {
          "algorithm": "SHA256",
          "checksumValue": "f6bda081a601d8cd601ecad337510bf79df4c492e189b0673a773aaae58fcab5"
        },
        {
          "algorithm": "SHA1",
          "checksumValue": "f4f150eb18c802d43d134fe91433ddf45c36a67a"
        }
      ],
      "licenseConcluded": "NOASSERTION",
      "licenseInfoInFiles": [
        "NOASSERTION"
      ],
      "copyrightText": "NOASSERTION"
    },
    {
      "fileName": "./OpenSSH-ARM64/sftp.exe",
      "SPDXID": "SPDXRef-File--OpenSSH-ARM64-sftp.exe-2EB51D9FEEFE2D9671D3B6ED6D3885F8A082A5C4",
      "checksums": [
        {
          "algorithm": "SHA256",
          "checksumValue": "8a8aa0a32a606a510b2563420b201968e642fe4c5fc2427d3991627a04655b9c"
        },
        {
          "algorithm": "SHA1",
          "checksumValue": "2eb51d9feefe2d9671d3b6ed6d3885f8a082a5c4"
        }
      ],
      "licenseConcluded": "NOASSERTION",
      "licenseInfoInFiles": [
        "NOASSERTION"
      ],
      "copyrightText": "NOASSERTION"
    },
    {
      "fileName": "./OpenSSH-ARM64/moduli",
      "SPDXID": "SPDXRef-File--OpenSSH-ARM64-moduli-D000837A7C67C88BAAA61D643E48A28B2F40B7AF",
      "checksums": [
        {
          "algorithm": "SHA256",
          "checksumValue": "bd6b9d63cd668af7ba13ae367f40a9efa30986aba0e4d91a03e212992351daeb"
        },
        {
          "algorithm": "SHA1",
          "checksumValue": "d000837a7c67c88baaa61d643e48a28b2f40b7af"
        }
      ],
      "licenseConcluded": "NOASSERTION",
      "licenseInfoInFiles": [
        "NOASSERTION"
      ],
      "copyrightText": "NOASSERTION"
    },
    {
      "fileName": "./OpenSSH-ARM64/ssh-agent.exe",
      "SPDXID": "SPDXRef-File--OpenSSH-ARM64-ssh-agent.exe-1B369C6C23A25F1F70A131AF73D3A607586CBE2F",
      "checksums": [
        {
          "algorithm": "SHA256",
          "checksumValue": "e49cb477f48e352bfd726cf0a85f2adad28bd4c1144025adb51e59cb9b4a8f84"
        },
        {
          "algorithm": "SHA1",
          "checksumValue": "1b369c6c23a25f1f70a131af73d3a607586cbe2f"
        }
      ],
      "licenseConcluded": "NOASSERTION",
      "licenseInfoInFiles": [
        "NOASSERTION"
      ],
      "copyrightText": "NOASSERTION"
    },
    {
      "fileName": "./OpenSSH-ARM64/ssh-shellhost.exe",
      "SPDXID": "SPDXRef-File--OpenSSH-ARM64-ssh-shellhost.exe-A7441AD44E2CDF741E427F54DF96430BDF2607D9",
      "checksums": [
        {
          "algorithm": "SHA256",
          "checksumValue": "785cf8fd63c0e4afb5b9b679614891082772a9e7f8cf61e82cb219bf28943d5b"
        },
        {
          "algorithm": "SHA1",
          "checksumValue": "a7441ad44e2cdf741e427f54df96430bdf2607d9"
        }
      ],
      "licenseConcluded": "NOASSERTION",
      "licenseInfoInFiles": [
        "NOASSERTION"
      ],
      "copyrightText": "NOASSERTION"
    },
    {
      "fileName": "./OpenSSH-ARM64/ssh-pkcs11-helper.exe",
      "SPDXID": "SPDXRef-File--OpenSSH-ARM64-ssh-pkcs11-helper.exe-314B2808F70CBAE5566BC183AF0FE4CDC5E55E06",
      "checksums": [
        {
          "algorithm": "SHA256",
          "checksumValue": "98cc28991e9c3bafd6cc1313da0b9b9ca6ff2668bdebad39b61a6081a0fa5cc7"
        },
        {
          "algorithm": "SHA1",
          "checksumValue": "314b2808f70cbae5566bc183af0fe4cdc5e55e06"
        }
      ],
      "licenseConcluded": "NOASSERTION",
      "licenseInfoInFiles": [
        "NOASSERTION"
      ],
      "copyrightText": "NOASSERTION"
    },
    {
      "fileName": "./OpenSSH-ARM64/ssh-keyscan.exe",
      "SPDXID": "SPDXRef-File--OpenSSH-ARM64-ssh-keyscan.exe-1E77F33837CD5DDAC89EE20BBA2F20FBC86B3136",
      "checksums": [
        {
          "algorithm": "SHA256",
          "checksumValue": "40fd07e5f1d89bf60a446235adce56886a93ab0fd11535e8801324b985d4ed3b"
        },
        {
          "algorithm": "SHA1",
          "checksumValue": "1e77f33837cd5ddac89ee20bba2f20fbc86b3136"
        }
      ],
      "licenseConcluded": "NOASSERTION",
      "licenseInfoInFiles": [
        "NOASSERTION"
      ],
      "copyrightText": "NOASSERTION"
    },
    {
      "fileName": "./OpenSSH-ARM64/ssh-keygen.exe",
      "SPDXID": "SPDXRef-File--OpenSSH-ARM64-ssh-keygen.exe-E3BB1D30CB9EE5BCED78A77700BFEBF3790341FF",
      "checksums": [
        {
          "algorithm": "SHA256",
          "checksumValue": "bbb14bb860bbdf78c5fb0de65b44d5dc048d1e9eadedf86f9c7e6e88115a5ef8"
        },
        {
          "algorithm": "SHA1",
          "checksumValue": "e3bb1d30cb9ee5bced78a77700bfebf3790341ff"
        }
      ],
      "licenseConcluded": "NOASSERTION",
      "licenseInfoInFiles": [
        "NOASSERTION"
      ],
      "copyrightText": "NOASSERTION"
    },
    {
      "fileName": "./OpenSSH-ARM64/uninstall-sshd.ps1",
      "SPDXID": "SPDXRef-File--OpenSSH-ARM64-uninstall-sshd.ps1-229E8C40AB631DE6E0BA0DF5963AB24B9676C1DE",
      "checksums": [
        {
          "algorithm": "SHA256",
          "checksumValue": "0a7a3c6b5a3181188b3240a59f52116c6c26fe55a2b86ca92a3c4a2bfe1be7fc"
        },
        {
          "algorithm": "SHA1",
          "checksumValue": "229e8c40ab631de6e0ba0df5963ab24b9676c1de"
        }
      ],
      "licenseConcluded": "NOASSERTION",
      "licenseInfoInFiles": [
        "NOASSERTION"
      ],
      "copyrightText": "NOASSERTION"
    },
    {
      "fileName": "./OpenSSH-ARM64/sshd_config_default",
      "SPDXID": "SPDXRef-File--OpenSSH-ARM64-sshd-config-default-825CDEC4CF05869C74B01E7A1C8BF3C5E2C45CD8",
      "checksums": [
        {
          "algorithm": "SHA256",
          "checksumValue": "99f373a06dfa706f0a8a98d655c776850305b4b1ea3bf9a33fa926897bb15649"
        },
        {
          "algorithm": "SHA1",
          "checksumValue": "825cdec4cf05869c74b01e7a1c8bf3c5e2c45cd8"
        }
      ],
      "licenseConcluded": "NOASSERTION",
      "licenseInfoInFiles": [
        "NOASSERTION"
      ],
      "copyrightText": "NOASSERTION"
    },
    {
      "fileName": "./OpenSSH-ARM64/ssh-add.exe",
      "SPDXID": "SPDXRef-File--OpenSSH-ARM64-ssh-add.exe-FA2A7F18E482ED2E4823F84834C572B162E564BA",
      "checksums": [
        {
          "algorithm": "SHA256",
          "checksumValue": "b2f76ddf83b3a550d90a1a81c6bd3b6ca261118601f912194895bd85d15f08f0"
        },
        {
          "algorithm": "SHA1",
          "checksumValue": "fa2a7f18e482ed2e4823f84834c572b162e564ba"
        }
      ],
      "licenseConcluded": "NOASSERTION",
      "licenseInfoInFiles": [
        "NOASSERTION"
      ],
      "copyrightText": "NOASSERTION"
    },
    {
      "fileName": "./OpenSSH-ARM64/libcrypto.dll",
      "SPDXID": "SPDXRef-File--OpenSSH-ARM64-libcrypto.dll-9C014AEBFED75ACD6393FCD963DF074EBA7FBEEB",
      "checksums": [
        {
          "algorithm": "SHA256",
          "checksumValue": "019def0b6cacc4a706af973cb8e1fb670df2ac5754ff33518d6046a6d7ade29c"
        },
        {
          "algorithm": "SHA1",
          "checksumValue": "9c014aebfed75acd6393fcd963df074eba7fbeeb"
        }
      ],
      "licenseConcluded": "NOASSERTION",
      "licenseInfoInFiles": [
        "NOASSERTION"
      ],
      "copyrightText": "NOASSERTION"
    },
    {
      "fileName": "./OpenSSH-ARM64/sshd.exe",
      "SPDXID": "SPDXRef-File--OpenSSH-ARM64-sshd.exe-1C3C147F0FD6EB4CB496D8D6D5C4202C33315A0E",
      "checksums": [
        {
          "algorithm": "SHA256",
          "checksumValue": "9cb185fa6ce1a34603d23f1f565420e7e1aef2ddf6667cd33d235cb2ddf6fadb"
        },
        {
          "algorithm": "SHA1",
          "checksumValue": "1c3c147f0fd6eb4cb496d8d6d5c4202c33315a0e"
        }
      ],
      "licenseConcluded": "NOASSERTION",
      "licenseInfoInFiles": [
        "NOASSERTION"
      ],
      "copyrightText": "NOASSERTION"
    },
    {
      "fileName": "./OpenSSH-ARM64/sftp-server.exe",
      "SPDXID": "SPDXRef-File--OpenSSH-ARM64-sftp-server.exe-16FE9B4F81BC3C478FD7708F33FEA78631BBB79E",
      "checksums": [
        {
          "algorithm": "SHA256",
          "checksumValue": "182aa1bba5dbaf1d49c799b829c85e85d0d1a81fbe5589014ca7ef590666fdcd"
        },
        {
          "algorithm": "SHA1",
          "checksumValue": "16fe9b4f81bc3c478fd7708f33fea78631bbb79e"
        }
      ],
      "licenseConcluded": "NOASSERTION",
      "licenseInfoInFiles": [
        "NOASSERTION"
      ],
      "copyrightText": "NOASSERTION"
    },
    {
      "fileName": "./OpenSSH-ARM64/ssh.exe",
      "SPDXID": "SPDXRef-File--OpenSSH-ARM64-ssh.exe-F99F76C03FAEBCEAE3565F5BD57974CF0ECFEDD7",
      "checksums": [
        {
          "algorithm": "SHA256",
          "checksumValue": "3c06b87f09d92a865e3758b43521a1e3c3c2001b49e51e9c6066679145b570aa"
        },
        {
          "algorithm": "SHA1",
          "checksumValue": "f99f76c03faebceae3565f5bd57974cf0ecfedd7"
        }
      ],
      "licenseConcluded": "NOASSERTION",
      "licenseInfoInFiles": [
        "NOASSERTION"
      ],
      "copyrightText": "NOASSERTION"
    },
    {
      "fileName": "./OpenSSH-ARM64/sshd-session.exe",
      "SPDXID": "SPDXRef-File--OpenSSH-ARM64-sshd-session.exe-7EEDDE8212870FE2A884D71E49BF84FDD5D831B5",
      "checksums": [
        {
          "algorithm": "SHA256",
          "checksumValue": "67eaaad4103d8a8c3672a50a4563dd23358c88fe9c325d36e216ece74ffc6f8a"
        },
        {
          "algorithm": "SHA1",
          "checksumValue": "7eedde8212870fe2a884d71e49bf84fdd5d831b5"
        }
      ],
      "licenseConcluded": "NOASSERTION",
      "licenseInfoInFiles": [
        "NOASSERTION"
      ],
      "copyrightText": "NOASSERTION"
    },
    {
      "fileName": "./OpenSSH-ARM64/ssh-sk-helper.exe",
      "SPDXID": "SPDXRef-File--OpenSSH-ARM64-ssh-sk-helper.exe-E7ACA145EFADFE9C9791A4D8B53A5557CBC45A40",
      "checksums": [
        {
          "algorithm": "SHA256",
          "checksumValue": "fbf164107a981f60e60c2cb53fb45d8ccfa1bb80235384f63f4bb3505fa24233"
        },
        {
          "algorithm": "SHA1",
          "checksumValue": "e7aca145efadfe9c9791a4d8b53a5557cbc45a40"
        }
      ],
      "licenseConcluded": "NOASSERTION",
      "licenseInfoInFiles": [
        "NOASSERTION"
      ],
      "copyrightText": "NOASSERTION"
    },
    {
      "fileName": "./OpenSSH-ARM64_Symbols/ssh-agent.pdb",
      "SPDXID": "SPDXRef-File--OpenSSH-ARM64-Symbols-ssh-agent.pdb-7D78CF949ABB1C878135417C08D7E747A4599389",
      "checksums": [
        {
          "algorithm": "SHA256",
          "checksumValue": "4c2f224d8956e39f21d51ef4ca0f72051469ad2a8a6469679ae17944a3db025c"
        },
        {
          "algorithm": "SHA1",
          "checksumValue": "7d78cf949abb1c878135417c08d7e747a4599389"
        }
      ],
      "licenseConcluded": "NOASSERTION",
      "licenseInfoInFiles": [
        "NOASSERTION"
      ],
      "copyrightText": "NOASSERTION"
    },
    {
      "fileName": "./OpenSSH-ARM64_Symbols/ssh-add.pdb",
      "SPDXID": "SPDXRef-File--OpenSSH-ARM64-Symbols-ssh-add.pdb-F5A8885320D6F3AF74D78699282AC41CBCB3EB73",
      "checksums": [
        {
          "algorithm": "SHA256",
          "checksumValue": "a0a7173d9fc5e4e6efa39b4c0e0a1d79a838c9d102dabbf7127e588151867da0"
        },
        {
          "algorithm": "SHA1",
          "checksumValue": "f5a8885320d6f3af74d78699282ac41cbcb3eb73"
        }
      ],
      "licenseConcluded": "NOASSERTION",
      "licenseInfoInFiles": [
        "NOASSERTION"
      ],
      "copyrightText": "NOASSERTION"
    },
    {
      "fileName": "./OpenSSH-ARM64_Symbols/sftp-server.pdb",
      "SPDXID": "SPDXRef-File--OpenSSH-ARM64-Symbols-sftp-server.pdb-63761E2A7CEB9A44E77A1430C8DACC2D5C5880F4",
      "checksums": [
        {
          "algorithm": "SHA256",
          "checksumValue": "24c2e7c242b3b474f2f077444cb6858b349317f283f8e1e8d8b3dc673a45bbb3"
        },
        {
          "algorithm": "SHA1",
          "checksumValue": "63761e2a7ceb9a44e77a1430c8dacc2d5c5880f4"
        }
      ],
      "licenseConcluded": "NOASSERTION",
      "licenseInfoInFiles": [
        "NOASSERTION"
      ],
      "copyrightText": "NOASSERTION"
    },
    {
      "fileName": "./OpenSSH-ARM64_Symbols/sftp.pdb",
      "SPDXID": "SPDXRef-File--OpenSSH-ARM64-Symbols-sftp.pdb-BBE0D9786AE9FA9917B80191840AA0066A0794BB",
      "checksums": [
        {
          "algorithm": "SHA256",
          "checksumValue": "c74ebcc88486e193b2bb2b62878b8d9b2e1275ad29f32abce957ce5176c9ce72"
        },
        {
          "algorithm": "SHA1",
          "checksumValue": "bbe0d9786ae9fa9917b80191840aa0066a0794bb"
        }
      ],
      "licenseConcluded": "NOASSERTION",
      "licenseInfoInFiles": [
        "NOASSERTION"
      ],
      "copyrightText": "NOASSERTION"
    },
    {
      "fileName": "./OpenSSH-ARM64_Symbols/scp.pdb",
      "SPDXID": "SPDXRef-File--OpenSSH-ARM64-Symbols-scp.pdb-D74B5CBAF602020EBEB5BA0C0A23BF0F423D9909",
      "checksums": [
        {
          "algorithm": "SHA256",
          "checksumValue": "c55cebf7bc80d5081239e26a6a8e3e2c70d5b20a5256500b7155f4c94ad64f5b"
        },
        {
          "algorithm": "SHA1",
          "checksumValue": "d74b5cbaf602020ebeb5ba0c0a23bf0f423d9909"
        }
      ],
      "licenseConcluded": "NOASSERTION",
      "licenseInfoInFiles": [
        "NOASSERTION"
      ],
      "copyrightText": "NOASSERTION"
    },
    {
      "fileName": "./OpenSSH-ARM64_Symbols/libcrypto.pdb",
      "SPDXID": "SPDXRef-File--OpenSSH-ARM64-Symbols-libcrypto.pdb-6F4061A5D1533FACAF4C65CD644C9D658C8A2D28",
      "checksums": [
        {
          "algorithm": "SHA256",
          "checksumValue": "f4601719049a35fa2b1988ecdcc35d67388388d95a10ab2a3ac910476218c392"
        },
        {
          "algorithm": "SHA1",
          "checksumValue": "6f4061a5d1533facaf4c65cd644c9d658c8a2d28"
        }
      ],
      "licenseConcluded": "NOASSERTION",
      "licenseInfoInFiles": [
        "NOASSERTION"
      ],
      "copyrightText": "NOASSERTION"
    },
    {
      "fileName": "./OpenSSH-ARM64_Symbols/sshd.pdb",
      "SPDXID": "SPDXRef-File--OpenSSH-ARM64-Symbols-sshd.pdb-90C175F92FF97AFDA431B306E0F2E3FD2665823B",
      "checksums": [
        {
          "algorithm": "SHA256",
          "checksumValue": "a52b7cb26d7caf8e33b0281d44a03194a8ead652c0446a6f9811a28d7b878008"
        },
        {
          "algorithm": "SHA1",
          "checksumValue": "90c175f92ff97afda431b306e0f2e3fd2665823b"
        }
      ],
      "licenseConcluded": "NOASSERTION",
      "licenseInfoInFiles": [
        "NOASSERTION"
      ],
      "copyrightText": "NOASSERTION"
    },
    {
      "fileName": "./OpenSSH-ARM64_Symbols/ssh-sk-helper.pdb",
      "SPDXID": "SPDXRef-File--OpenSSH-ARM64-Symbols-ssh-sk-helper.pdb-EB5ED3C474688FA3E4AD7994BE727842C83EEC5B",
      "checksums": [
        {
          "algorithm": "SHA256",
          "checksumValue": "e056f22d04577c3b9e381a4e32bd606a0a61a004d78d548b84b7e901099b75d2"
        },
        {
          "algorithm": "SHA1",
          "checksumValue": "eb5ed3c474688fa3e4ad7994be727842c83eec5b"
        }
      ],
      "licenseConcluded": "NOASSERTION",
      "licenseInfoInFiles": [
        "NOASSERTION"
      ],
      "copyrightText": "NOASSERTION"
    },
    {
      "fileName": "./OpenSSH-ARM64_Symbols/ssh-shellhost.pdb",
      "SPDXID": "SPDXRef-File--OpenSSH-ARM64-Symbols-ssh-shellhost.pdb-165F2482FAEF1391B62B372A7F1AFB283EBB24F5",
      "checksums": [
        {
          "algorithm": "SHA256",
          "checksumValue": "132a30c645ce72ff74bc832c9b424e26150d683afb969567b2fbadccfba2b292"
        },
        {
          "algorithm": "SHA1",
          "checksumValue": "165f2482faef1391b62b372a7f1afb283ebb24f5"
        }
      ],
      "licenseConcluded": "NOASSERTION",
      "licenseInfoInFiles": [
        "NOASSERTION"
      ],
      "copyrightText": "NOASSERTION"
    },
    {
      "fileName": "./OpenSSH-ARM64_BuildInfo/Unittests-ARM64.zip",
      "SPDXID": "SPDXRef-File--OpenSSH-ARM64-BuildInfo-Unittests-ARM64.zip-E183E53615A4BBB5F1F5F73047D29A68394BE007",
      "checksums": [
        {
          "algorithm": "SHA256",
          "checksumValue": "598229cff3973f6336a2ddfdc50ab28e6353a2c01009262eec68e0661d750de3"
        },
        {
          "algorithm": "SHA1",
          "checksumValue": "e183e53615a4bbb5f1f5f73047d29a68394be007"
        }
      ],
      "licenseConcluded": "NOASSERTION",
      "licenseInfoInFiles": [
        "NOASSERTION"
      ],
      "copyrightText": "NOASSERTION"
    },
    {
      "fileName": "./OpenSSH-ARM64_Symbols/sshd-session.pdb",
      "SPDXID": "SPDXRef-File--OpenSSH-ARM64-Symbols-sshd-session.pdb-60B6853209443E215D6451CD9E06BFD2DD9C4A30",
      "checksums": [
        {
          "algorithm": "SHA256",
          "checksumValue": "4a603291761dc37446131fd959a0accfda0bc5bea02ed8ec5517a86b63fe97b7"
        },
        {
          "algorithm": "SHA1",
          "checksumValue": "60b6853209443e215d6451cd9e06bfd2dd9c4a30"
        }
      ],
      "licenseConcluded": "NOASSERTION",
      "licenseInfoInFiles": [
        "NOASSERTION"
      ],
      "copyrightText": "NOASSERTION"
    },
    {
      "fileName": "./OpenSSH-ARM64_Symbols/ssh.pdb",
      "SPDXID": "SPDXRef-File--OpenSSH-ARM64-Symbols-ssh.pdb-62E7F74ED1D70F468771CA9A9835CE546F878A60",
      "checksums": [
        {
          "algorithm": "SHA256",
          "checksumValue": "def7a68f27efa0dbb463a125d6aaf37a6bfc3baa61b4ab4be2c9fd28a1bea91b"
        },
        {
          "algorithm": "SHA1",
          "checksumValue": "62e7f74ed1d70f468771ca9a9835ce546f878a60"
        }
      ],
      "licenseConcluded": "NOASSERTION",
      "licenseInfoInFiles": [
        "NOASSERTION"
      ],
      "copyrightText": "NOASSERTION"
    },
    {
      "fileName": "./OpenSSH-ARM64_Symbols/ssh-pkcs11-helper.pdb",
      "SPDXID": "SPDXRef-File--OpenSSH-ARM64-Symbols-ssh-pkcs11-helper.pdb-2E5640F8968CE34B9F8AA63C47E2A0E7CAF6B6FD",
      "checksums": [
        {
          "algorithm": "SHA256",
          "checksumValue": "ef29a15af3ea22c19229e5c599dba5e9b1ec704b9d3a4561aaddce5ec2d6cb08"
        },
        {
          "algorithm": "SHA1",
          "checksumValue": "2e5640f8968ce34b9f8aa63c47e2a0e7caf6b6fd"
        }
      ],
      "licenseConcluded": "NOASSERTION",
      "licenseInfoInFiles": [
        "NOASSERTION"
      ],
      "copyrightText": "NOASSERTION"
    },
    {
      "fileName": "./OpenSSH-ARM64_Symbols/ssh-keyscan.pdb",
      "SPDXID": "SPDXRef-File--OpenSSH-ARM64-Symbols-ssh-keyscan.pdb-D790A5CC4A27F181E9DE54218175B73B876DC92A",
      "checksums": [
        {
          "algorithm": "SHA256",
          "checksumValue": "a4682e0555746fad3d6cfac55a21fdfb9605e00a50b08c03dd8f213cd7a91ecc"
        },
        {
          "algorithm": "SHA1",
          "checksumValue": "d790a5cc4a27f181e9de54218175b73b876dc92a"
        }
      ],
      "licenseConcluded": "NOASSERTION",
      "licenseInfoInFiles": [
        "NOASSERTION"
      ],
      "copyrightText": "NOASSERTION"
    },
    {
      "fileName": "./OpenSSH-ARM64_BuildInfo/OpenSSHReleaseARM64.log",
      "SPDXID": "SPDXRef-File--OpenSSH-ARM64-BuildInfo-OpenSSHReleaseARM64.log-BEBE62D1AF2273BA80FA70C7C7BEEC964749A461",
      "checksums": [
        {
          "algorithm": "SHA256",
          "checksumValue": "50f17bf0968736ece5b61d32b5157984fcf5d16c648f597657872eb22741281d"
        },
        {
          "algorithm": "SHA1",
          "checksumValue": "bebe62d1af2273ba80fa70c7c7beec964749a461"
        }
      ],
      "licenseConcluded": "NOASSERTION",
      "licenseInfoInFiles": [
        "NOASSERTION"
      ],
      "copyrightText": "NOASSERTION"
    },
    {
      "fileName": "./OpenSSH-ARM64_Symbols/ssh-keygen.pdb",
      "SPDXID": "SPDXRef-File--OpenSSH-ARM64-Symbols-ssh-keygen.pdb-CC1FC31A51BB858D8617F763D4FBB141A9A05A4A",
      "checksums": [
        {
          "algorithm": "SHA256",
          "checksumValue": "855b94181ed2c5cc571206404841524d1111a59ff5910cacb40fb48bde83c0f0"
        },
        {
          "algorithm": "SHA1",
          "checksumValue": "cc1fc31a51bb858d8617f763d4fbb141a9a05a4a"
        }
      ],
      "licenseConcluded": "NOASSERTION",
      "licenseInfoInFiles": [
        "NOASSERTION"
      ],
      "copyrightText": "NOASSERTION"
    },
    {
      "fileName": "./OpenSSH-MSI-ARM64/openssh.msi",
      "SPDXID": "SPDXRef-File--OpenSSH-MSI-ARM64-openssh.msi-ED177F8AF264143396DA50F2FDC09644D1109B6F",
      "checksums": [
        {
          "algorithm": "SHA256",
          "checksumValue": "07d99a0ca961d188f56e934cfc17e12c351f6b265fe3d7b170ad138fc152612d"
        },
        {
          "algorithm": "SHA1",
          "checksumValue": "ed177f8af264143396da50f2fdc09644d1109b6f"
        }
      ],
      "licenseConcluded": "NOASSERTION",
      "licenseInfoInFiles": [
        "NOASSERTION"
      ],
      "copyrightText": "NOASSERTION"
    }
  ],
  "packages": [
    {
      "name": "powershell_libcbor",
      "SPDXID": "SPDXRef-Package-41513D39CF449D8ADCB8FD146C5BA8697DDD30C2F972014C55C4A6EC6AA7EB76",
      "downloadLocation": "https://github.com/PowerShell/libcbor",
      "filesAnalyzed": false,
      "licenseConcluded": "NOASSERTION",
      "licenseDeclared": "NOASSERTION",
      "copyrightText": "NOASSERTION",
      "versionInfo": "0.11.0",
      "supplier": "NOASSERTION"
    },
    {
      "name": "powershell_libfido2",
      "SPDXID": "SPDXRef-Package-50FA054C3CF71B778225C94E02FCA57826614416A915D007D604DF84D814DFA2",
      "downloadLocation": "https://github.com/PowerShell/libfido2/archive/refs/tags/1.15.0.zip",
      "filesAnalyzed": false,
      "licenseConcluded": "NOASSERTION",
      "licenseDeclared": "NOASSERTION",
      "copyrightText": "NOASSERTION",
      "versionInfo": "1.15.0",
      "supplier": "NOASSERTION"
    },
    {
      "name": "powershell_libressl",
      "SPDXID": "SPDXRef-Package-182A9D7AD66AD96CB9B50CB7C7277CC82B7319584FF0AD78065EFF674DC885E2",
      "downloadLocation": "https://github.com/PowerShell/LibreSSL/releases/tag/V3.9.2.0.zip",
      "filesAnalyzed": false,
      "licenseConcluded": "NOASSERTION",
      "licenseDeclared": "NOASSERTION",
      "copyrightText": "NOASSERTION",
      "versionInfo": "3.9.2.0",
      "supplier": "NOASSERTION"
    },
    {
      "name": "libfido2",
      "SPDXID": "SPDXRef-Package-DBE1ADCC77824D44C3798D437C096E9C2F45322F9BFB9D84DF3B676062741CAA",
      "downloadLocation": "https://github.com/Yubico/libfido2",
      "filesAnalyzed": false,
      "licenseConcluded": "NOASSERTION",
      "licenseDeclared": "NOASSERTION",
      "copyrightText": "NOASSERTION",
      "versionInfo": "1.15.0",
      "supplier": "NOASSERTION"
    },
    {
      "name": "libressl",
      "SPDXID": "SPDXRef-Package-A6B550AE63FAE4F6684F78074DA208B4ADECD0551CB1D2393374A21604B75A9F",
      "downloadLocation": "https://www.libressl.org/",
      "filesAnalyzed": false,
      "licenseConcluded": "NOASSERTION",
      "licenseDeclared": "NOASSERTION",
      "copyrightText": "NOASSERTION",
      "versionInfo": "3.9.2.0",
      "supplier": "NOASSERTION"
    },
    {
      "name": "powershell_zlib",
      "SPDXID": "SPDXRef-Package-7D958500B3992EFD73E1B44F7EE13941A499D40BC9121889534BA2383A0CBB0D",
      "downloadLocation": "https://github.com/PowerShell/ZLib/releases/tag/V1.3.1.zip",
      "filesAnalyzed": false,
      "licenseConcluded": "NOASSERTION",
      "licenseDeclared": "NOASSERTION",
      "copyrightText": "NOASSERTION",
      "versionInfo": "1.3.1",
      "supplier": "NOASSERTION"
    },
    {
      "name": "zlib",
      "SPDXID": "SPDXRef-Package-C48644207E7AC039A85B1C41085F3B31ADE0273DA9D828D7D7C0D1F0CD93B8BA",
      "downloadLocation": "http://zlib.net/",
      "filesAnalyzed": false,
      "licenseConcluded": "NOASSERTION",
      "licenseDeclared": "NOASSERTION",
      "copyrightText": "NOASSERTION",
      "versionInfo": "1.3.1",
      "supplier": "NOASSERTION"
    },
    {
      "name": "libcbor",
      "SPDXID": "SPDXRef-Package-971DCD74BBB31990D0289EF759070595E5B80F51DA88731700252A67F3064BD6",
      "downloadLocation": "https://github.com/PJK/libcbor",
      "filesAnalyzed": false,
      "licenseConcluded": "NOASSERTION",
      "licenseDeclared": "NOASSERTION",
      "copyrightText": "NOASSERTION",
      "versionInfo": "0.11.0",
      "supplier": "NOASSERTION"
    },
    {
      "name": "WiX",
      "SPDXID": "SPDXRef-Package-0453B7455A0B8778D4DD20EE81622AB2F93F2F060FF21F033C6ECF10EA3EFE9F",
      "downloadLocation": "NOASSERTION",
      "filesAnalyzed": false,
      "licenseConcluded": "NOASSERTION",
      "licenseDeclared": "NOASSERTION",
      "copyrightText": "NOASSERTION",
      "versionInfo": "3.14.1",
      "externalRefs": [
        {
          "referenceCategory": "PACKAGE-MANAGER",
          "referenceType": "purl",
          "referenceLocator": "pkg:nuget/WiX@3.14.1"
        }
      ],
      "supplier": "NOASSERTION"
    },
    {
      "name": "OpenSSH",
      "SPDXID": "SPDXRef-RootPackage",
      "downloadLocation": "NOASSERTION",
      "packageVerificationCode": {
        "packageVerificationCodeValue": "7b61b21b8cfbceb7d93ddd1d8954c8cea3a9a29d"
      },
      "filesAnalyzed": true,
      "licenseConcluded": "NOASSERTION",
      "licenseInfoFromFiles": [
        "NOASSERTION"
      ],
      "licenseDeclared": "NOASSERTION",
      "copyrightText": "NOASSERTION",
      "versionInfo": "9.8.1.0",
      "externalRefs": [
        {
          "referenceCategory": "PACKAGE-MANAGER",
          "referenceType": "purl",
          "referenceLocator": "pkg:swid/Microsoft/sbom.microsoft/OpenSSH@9.8.1.0?tag_id=8e3d365c-6fe8-4b5c-87b3-7adcf824c12b"
        }
      ],
      "supplier": "Organization: Microsoft",
      "hasFiles": [
        "SPDXRef-File--OpenSSH-MSI-ARM64-openssh.msi-ED177F8AF264143396DA50F2FDC09644D1109B6F",
        "SPDXRef-File--OpenSSH-ARM64-BuildInfo-OpenSSHReleaseARM64.log-BEBE62D1AF2273BA80FA70C7C7BEEC964749A461",
        "SPDXRef-File--OpenSSH-ARM64-Symbols-ssh-keyscan.pdb-D790A5CC4A27F181E9DE54218175B73B876DC92A",
        "SPDXRef-File--OpenSSH-ARM64-Symbols-ssh-pkcs11-helper.pdb-2E5640F8968CE34B9F8AA63C47E2A0E7CAF6B6FD",
        "SPDXRef-File--OpenSSH-ARM64-Symbols-ssh.pdb-62E7F74ED1D70F468771CA9A9835CE546F878A60",
        "SPDXRef-File--OpenSSH-ARM64-Symbols-ssh-keygen.pdb-CC1FC31A51BB858D8617F763D4FBB141A9A05A4A",
        "SPDXRef-File--OpenSSH-ARM64-Symbols-scp.pdb-D74B5CBAF602020EBEB5BA0C0A23BF0F423D9909",
        "SPDXRef-File--OpenSSH-ARM64-Symbols-sshd-session.pdb-60B6853209443E215D6451CD9E06BFD2DD9C4A30",
        "SPDXRef-File--OpenSSH-ARM64-BuildInfo-Unittests-ARM64.zip-E183E53615A4BBB5F1F5F73047D29A68394BE007",
        "SPDXRef-File--OpenSSH-ARM64-Symbols-ssh-shellhost.pdb-165F2482FAEF1391B62B372A7F1AFB283EBB24F5",
        "SPDXRef-File--OpenSSH-ARM64-Symbols-sftp.pdb-BBE0D9786AE9FA9917B80191840AA0066A0794BB",
        "SPDXRef-File--OpenSSH-ARM64-Symbols-sftp-server.pdb-63761E2A7CEB9A44E77A1430C8DACC2D5C5880F4",
        "SPDXRef-File--OpenSSH-ARM64-libcrypto.dll-9C014AEBFED75ACD6393FCD963DF074EBA7FBEEB",
        "SPDXRef-File--OpenSSH-ARM64-ssh-add.exe-FA2A7F18E482ED2E4823F84834C572B162E564BA",
        "SPDXRef-File--OpenSSH-ARM64-sshd-config-default-825CDEC4CF05869C74B01E7A1C8BF3C5E2C45CD8",
        "SPDXRef-File--OpenSSH-ARM64-ssh-shellhost.exe-A7441AD44E2CDF741E427F54DF96430BDF2607D9",
        "SPDXRef-File--OpenSSH-ARM64-ssh-agent.exe-1B369C6C23A25F1F70A131AF73D3A607586CBE2F",
        "SPDXRef-File--OpenSSH-ARM64-moduli-D000837A7C67C88BAAA61D643E48A28B2F40B7AF",
        "SPDXRef-File--OpenSSH-ARM64-scp.exe-F4F150EB18C802D43D134FE91433DDF45C36A67A",
        "SPDXRef-File--OpenSSH-ARM64-Symbols-ssh-sk-helper.pdb-EB5ED3C474688FA3E4AD7994BE727842C83EEC5B",
        "SPDXRef-File--OpenSSH-ARM64-sftp-server.exe-16FE9B4F81BC3C478FD7708F33FEA78631BBB79E",
        "SPDXRef-File--OpenSSH-ARM64-NOTICE.txt-0C6BEDA8BE1A704C0C2615D4A481BACA0E56372D",
        "SPDXRef-File--OpenSSH-ARM64-LICENSE.txt-A7739A32F1926D71A9EB22D101287ECEA09A6AC5",
        "SPDXRef-File--OpenSSH-ARM64-uninstall-sshd.ps1-229E8C40AB631DE6E0BA0DF5963AB24B9676C1DE",
        "SPDXRef-File--OpenSSH-ARM64-OpenSSHUtils.psm1-BEB22BB35BD0A0E968EB4D37414BE2BEE5D331FD",
        "SPDXRef-File--OpenSSH-ARM64-FixUserFilePermissions.ps1-122ABBB88FC5E7D1A02810FC951D2158CEED96C9",
        "SPDXRef-File--OpenSSH-ARM64-Symbols-ssh-add.pdb-F5A8885320D6F3AF74D78699282AC41CBCB3EB73",
        "SPDXRef-File--OpenSSH-ARM64-Symbols-ssh-agent.pdb-7D78CF949ABB1C878135417C08D7E747A4599389",
        "SPDXRef-File--OpenSSH-ARM64-ssh-sk-helper.exe-E7ACA145EFADFE9C9791A4D8B53A5557CBC45A40",
        "SPDXRef-File--OpenSSH-ARM64-sshd-session.exe-7EEDDE8212870FE2A884D71E49BF84FDD5D831B5",
        "SPDXRef-File--OpenSSH-ARM64-ssh.exe-F99F76C03FAEBCEAE3565F5BD57974CF0ECFEDD7",
        "SPDXRef-File--OpenSSH-ARM64-sshd.exe-1C3C147F0FD6EB4CB496D8D6D5C4202C33315A0E",
        "SPDXRef-File--OpenSSH-ARM64-ssh-keyscan.exe-1E77F33837CD5DDAC89EE20BBA2F20FBC86B3136",
        "SPDXRef-File--OpenSSH-ARM64-OpenSSHUtils.psd1-0A291E3203CAB1CB4EEA9F8F86F26654D021C22E",
        "SPDXRef-File--OpenSSH-ARM64-FixHostFilePermissions.ps1-77AD61FBA6C2C3E1FCEFA15DA66528A1BEE5D606",
        "SPDXRef-File--OpenSSH-ARM64-ssh-keygen.exe-E3BB1D30CB9EE5BCED78A77700BFEBF3790341FF",
        "SPDXRef-File--OpenSSH-ARM64-install-sshd.ps1-DF781AA53A52149C21B5C959ABAE1C6F217DDB4E",
        "SPDXRef-File--OpenSSH-ARM64-Symbols-sshd.pdb-90C175F92FF97AFDA431B306E0F2E3FD2665823B",
        "SPDXRef-File--OpenSSH-ARM64-Symbols-libcrypto.pdb-6F4061A5D1533FACAF4C65CD644C9D658C8A2D28",
        "SPDXRef-File--OpenSSH-ARM64-ssh-pkcs11-helper.exe-314B2808F70CBAE5566BC183AF0FE4CDC5E55E06",
        "SPDXRef-File--OpenSSH-ARM64-sftp.exe-2EB51D9FEEFE2D9671D3B6ED6D3885F8A082A5C4",
        "SPDXRef-File--OpenSSH-ARM64-openssh-events.man-39F0E1C5FDF3F456EEAF9F1A5696A7CA64617F86"
      ]
    }
  ],
  "externalDocumentRefs": [
    {
      "externalDocumentId": "DocumentRef-ZLib-1.3.1-16232b68c57e9d662108a05698d26f43c0acabea",
      "spdxDocument": "https://sbom.microsoft/1:2QSF7qZlbE-F7QrUJlEo7g:Ifmy0CRpKEe0S33n1Rdb-w/2901:522012/ZLib:1.3.1:0alOYoxgr0aKgbhQo6OyNw",
      "checksum": {
        "algorithm": "SHA1",
        "checksumValue": "16232b68c57e9d662108a05698d26f43c0acabea"
      }
    },
    {
      "externalDocumentId": "DocumentRef-libfido2-1.15.0-b4d71991155efc0e5c2b2f7186ccbec3b7e54cb6",
      "spdxDocument": "https://sbom.microsoft/1:2QSF7qZlbE-F7QrUJlEo7g:Ifmy0CRpKEe0S33n1Rdb-w/2912:530705/libfido2:1.15.0:I44gQlgQAkeFIC0SjN9gPw",
      "checksum": {
        "algorithm": "SHA1",
        "checksumValue": "b4d71991155efc0e5c2b2f7186ccbec3b7e54cb6"
      }
    },
    {
      "externalDocumentId": "DocumentRef-LibreSSL-3.9.2.0-156360d785be3510595bb31d9db5364066966965",
      "spdxDocument": "https://sbom.microsoft/1:2QSF7qZlbE-F7QrUJlEo7g:Ifmy0CRpKEe0S33n1Rdb-w/2904:530625/LibreSSL:3.9.2.0:JeP88hUTAUuOztmkbmWMwQ",
      "checksum": {
        "algorithm": "SHA1",
        "checksumValue": "156360d785be3510595bb31d9db5364066966965"
      }
    }
  ],
  "relationships": [
    {
      "relationshipType": "PREREQUISITE_FOR",
      "relatedSpdxElement": "DocumentRef-LibreSSL-3.9.2.0-156360d785be3510595bb31d9db5364066966965:SPDXRef-RootPackage",
      "spdxElementId": "SPDXRef-RootPackage"
    },
    {
      "relationshipType": "DESCRIBED_BY",
      "relatedSpdxElement": "SPDXRef-DOCUMENT",
      "spdxElementId": "SPDXRef-File--..-..-s-OSS-Microsoft-OpenSSH-Dev-contrib-win32-openssh-LibreSSL--manifest-spdx-2.2-manifest.spdx.json-156360D785BE3510595BB31D9DB5364066966965"
    },
    {
      "relationshipType": "DESCRIBES",
      "relatedSpdxElement": "SPDXRef-RootPackage",
      "spdxElementId": "SPDXRef-DOCUMENT"
    },
    {
      "relationshipType": "DEPENDS_ON",
      "relatedSpdxElement": "SPDXRef-Package-0453B7455A0B8778D4DD20EE81622AB2F93F2F060FF21F033C6ECF10EA3EFE9F",
      "spdxElementId": "SPDXRef-RootPackage"
    },
    {
      "relationshipType": "PREREQUISITE_FOR",
      "relatedSpdxElement": "DocumentRef-libfido2-1.15.0-b4d71991155efc0e5c2b2f7186ccbec3b7e54cb6:SPDXRef-RootPackage",
      "spdxElementId": "SPDXRef-RootPackage"
    },
    {
      "relationshipType": "DESCRIBED_BY",
      "relatedSpdxElement": "SPDXRef-DOCUMENT",
      "spdxElementId": "SPDXRef-File--..-..-s-OSS-Microsoft-OpenSSH-Dev-contrib-win32-openssh-ZLib--manifest-spdx-2.2-manifest.spdx.json-16232B68C57E9D662108A05698D26F43C0ACABEA"
    },
    {
      "relationshipType": "PREREQUISITE_FOR",
      "relatedSpdxElement": "DocumentRef-ZLib-1.3.1-16232b68c57e9d662108a05698d26f43c0acabea:SPDXRef-RootPackage",
      "spdxElementId": "SPDXRef-RootPackage"
    },
    {
      "relationshipType": "DESCRIBED_BY",
      "relatedSpdxElement": "SPDXRef-DOCUMENT",
      "spdxElementId": "SPDXRef-File--..-..-s-OSS-Microsoft-OpenSSH-Dev-contrib-win32-openssh-libfido2--manifest-spdx-2.2-manifest.spdx.json-B4D71991155EFC0E5C2B2F7186CCBEC3B7E54CB6"
    },
    {
      "relationshipType": "DEPENDS_ON",
      "relatedSpdxElement": "SPDXRef-Package-971DCD74BBB31990D0289EF759070595E5B80F51DA88731700252A67F3064BD6",
      "spdxElementId": "SPDXRef-RootPackage"
    },
    {
      "relationshipType": "DEPENDS_ON",
      "relatedSpdxElement": "SPDXRef-Package-C48644207E7AC039A85B1C41085F3B31ADE0273DA9D828D7D7C0D1F0CD93B8BA",
      "spdxElementId": "SPDXRef-RootPackage"
    },
    {
      "relationshipType": "DEPENDS_ON",
      "relatedSpdxElement": "SPDXRef-Package-7D958500B3992EFD73E1B44F7EE13941A499D40BC9121889534BA2383A0CBB0D",
      "spdxElementId": "SPDXRef-RootPackage"
    },
    {
      "relationshipType": "DEPENDS_ON",
      "relatedSpdxElement": "SPDXRef-Package-A6B550AE63FAE4F6684F78074DA208B4ADECD0551CB1D2393374A21604B75A9F",
      "spdxElementId": "SPDXRef-RootPackage"
    },
    {
      "relationshipType": "DEPENDS_ON",
      "relatedSpdxElement": "SPDXRef-Package-DBE1ADCC77824D44C3798D437C096E9C2F45322F9BFB9D84DF3B676062741CAA",
      "spdxElementId": "SPDXRef-RootPackage"
    },
    {
      "relationshipType": "DEPENDS_ON",
      "relatedSpdxElement": "SPDXRef-Package-182A9D7AD66AD96CB9B50CB7C7277CC82B7319584FF0AD78065EFF674DC885E2",
      "spdxElementId": "SPDXRef-RootPackage"
    },
    {
      "relationshipType": "DEPENDS_ON",
      "relatedSpdxElement": "SPDXRef-Package-50FA054C3CF71B778225C94E02FCA57826614416A915D007D604DF84D814DFA2",
      "spdxElementId": "SPDXRef-RootPackage"
    },
    {
      "relationshipType": "DEPENDS_ON",
      "relatedSpdxElement": "SPDXRef-Package-41513D39CF449D8ADCB8FD146C5BA8697DDD30C2F972014C55C4A6EC6AA7EB76",
      "spdxElementId": "SPDXRef-RootPackage"
    }
  ],
  "spdxVersion": "SPDX-2.2",
  "dataLicense": "CC0-1.0",
  "SPDXID": "SPDXRef-DOCUMENT",
  "name": "OpenSSH 9.8.1.0",
  "documentNamespace": "https://sbom.microsoft/1:2QSF7qZlbE-F7QrUJlEo7g:Ifmy0CRpKEe0S33n1Rdb-w/2896:535869/OpenSSH:9.8.1.0:eIPTJ4MaC0eMvK0SlOM2fg",
  "creationInfo": {
    "created": "2024-10-10T14:37:16Z",
    "creators": [
      "Organization: Microsoft",
      "Tool: Microsoft.SBOMTool-2.2.8"
    ]
  },
  "documentDescribes": [
    "SPDXRef-RootPackage"
  ]
}