{"Source":"InternalBuild","Data":{"System.CollectionId":"ee8504d9-65a6-4f6c-85ed-0ad4265128ee","System.DefinitionId":"1908","System.TeamProjectId":"d0b2f921-6924-4728-b44b-7de7d5175bfb","System.TeamProject":"OSS_Microsoft_OpenSSH","Build.BuildId":"435989","Build.BuildNumber":"Signed OpenSSH Desktop Package Official-2312.13001","Build.DefinitionName":"Signed OpenSSH Desktop Package Official","Build.DefinitionRevision":"15","Build.Repository.Name":"OSS_Microsoft_OpenSSH","Build.Repository.Provider":"TfsGit","Build.Repository.Id":"b8710c6a-1a6a-457b-8d91-73f9f0065c86","Build.SourceBranch":"refs/heads/master","Build.SourceBranchName":"master","Build.SourceVersion":"14c1a59bcb226bf34fb2a75637a7590591659653","Build.Repository.Uri":"https://mscodehub.visualstudio.com/OSS_Microsoft_OpenSSH/_git/OSS_Microsoft_OpenSSH"},"Feed":null}