{
  "files": [
    {
      "fileName": "./../../s/OSS_Microsoft_OpenSSH_Dev/contrib/win32/openssh/LibreSSL/_manifest/spdx_2.2/manifest.spdx.json",
      "SPDXID": "SPDXRef-File--..-..-s-OSS-Microsoft-OpenSSH-Dev-contrib-win32-openssh-LibreSSL--manifest-spdx-2.2-manifest.spdx.json-C436EE80FDB5B090F617CDD6CE736561A9C4DB98",
      "checksums": [
        {
          "algorithm": "SHA256",
          "checksumValue": "b5f2abf591bea1edbaf3e9a3bd0abd922c9fa12e5db1f13219457af263c71a2d"
        },
        {
          "algorithm": "SHA1",
          "checksumValue": "c436ee80fdb5b090f617cdd6ce736561a9c4db98"
        }
      ],
      "licenseConcluded": "NOASSERTION",
      "licenseInfoInFiles": [
        "NOASSERTION"
      ],
      "copyrightText": "NOASSERTION",
      "fileTypes": [
        "SPDX"
      ]
    },
    {
      "fileName": "./../../s/OSS_Microsoft_OpenSSH_Dev/contrib/win32/openssh/libfido2/_manifest/spdx_2.2/manifest.spdx.json",
      "SPDXID": "SPDXRef-File--..-..-s-OSS-Microsoft-OpenSSH-Dev-contrib-win32-openssh-libfido2--manifest-spdx-2.2-manifest.spdx.json-FAFB024111B424EDE04E78A28EDFCE894549C7F5",
      "checksums": [
        {
          "algorithm": "SHA256",
          "checksumValue": "ba485f29802a8003acaf45a6b026e99ca12923d9179d16ae5ffa5d1fdead14ea"
        },
        {
          "algorithm": "SHA1",
          "checksumValue": "fafb024111b424ede04e78a28edfce894549c7f5"
        }
      ],
      "licenseConcluded": "NOASSERTION",
      "licenseInfoInFiles": [
        "NOASSERTION"
      ],
      "copyrightText": "NOASSERTION",
      "fileTypes": [
        "SPDX"
      ]
    },
    {
      "fileName": "./../../s/OSS_Microsoft_OpenSSH_Dev/contrib/win32/openssh/ZLib/_manifest/spdx_2.2/manifest.spdx.json",
      "SPDXID": "SPDXRef-File--..-..-s-OSS-Microsoft-OpenSSH-Dev-contrib-win32-openssh-ZLib--manifest-spdx-2.2-manifest.spdx.json-25599F97CEDC67D207728F4A17D7964C1C334C17",
      "checksums": [
        {
          "algorithm": "SHA256",
          "checksumValue": "ac94062a00f2a41900b3b8dc8b1ffd53004a936443853e3abc2ca9bb591aadb2"
        },
        {
          "algorithm": "SHA1",
          "checksumValue": "25599f97cedc67d207728f4a17d7964c1c334c17"
        }
      ],
      "licenseConcluded": "NOASSERTION",
      "licenseInfoInFiles": [
        "NOASSERTION"
      ],
      "copyrightText": "NOASSERTION",
      "fileTypes": [
        "SPDX"
      ]
    },
    {
      "fileName": "./FixHostFilePermissions.ps1",
      "SPDXID": "SPDXRef-File--FixHostFilePermissions.ps1-F02375523F34599F155AD875481A742E91D89288",
      "checksums": [
        {
          "algorithm": "SHA256",
          "checksumValue": "3a523b958a523bbdfef54f4a888ecd37915edf69dc8154d3464a4dfc828e4f23"
        },
        {
          "algorithm": "SHA1",
          "checksumValue": "f02375523f34599f155ad875481a742e91d89288"
        }
      ],
      "licenseConcluded": "NOASSERTION",
      "licenseInfoInFiles": [
        "NOASSERTION"
      ],
      "copyrightText": "NOASSERTION"
    },
    {
      "fileName": "./OpenSSHUtils.psd1",
      "SPDXID": "SPDXRef-File--OpenSSHUtils.psd1-2C08F78D0B39FF9ACD749BCEFC1E21BBF682D9D0",
      "checksums": [
        {
          "algorithm": "SHA256",
          "checksumValue": "df904cf5a58ab9be867f2652f376760bb4fbbc07b5e7dbc29aa2c86950d123e9"
        },
        {
          "algorithm": "SHA1",
          "checksumValue": "2c08f78d0b39ff9acd749bcefc1e21bbf682d9d0"
        }
      ],
      "licenseConcluded": "NOASSERTION",
      "licenseInfoInFiles": [
        "NOASSERTION"
      ],
      "copyrightText": "NOASSERTION"
    },
    {
      "fileName": "./ssh-keyscan.exe",
      "SPDXID": "SPDXRef-File--ssh-keyscan.exe-1DEB0DB3B7E2171AE6E1A8EAF8EBA1EB6C15662C",
      "checksums": [
        {
          "algorithm": "SHA256",
          "checksumValue": "ce2779027be697a54361a397c069c64fb4e366ec2355d309d636ec2db5edd641"
        },
        {
          "algorithm": "SHA1",
          "checksumValue": "1deb0db3b7e2171ae6e1a8eaf8eba1eb6c15662c"
        }
      ],
      "licenseConcluded": "NOASSERTION",
      "licenseInfoInFiles": [
        "NOASSERTION"
      ],
      "copyrightText": "NOASSERTION"
    },
    {
      "fileName": "./FixUserFilePermissions.ps1",
      "SPDXID": "SPDXRef-File--FixUserFilePermissions.ps1-5C62B6586FD9DAB00DA3D4CB36E9528A188EC3FC",
      "checksums": [
        {
          "algorithm": "SHA256",
          "checksumValue": "cd8c6a6b17559ef7fdd2ef87ef8fa2ea9295627bce735e223ebd2cbefd888896"
        },
        {
          "algorithm": "SHA1",
          "checksumValue": "5c62b6586fd9dab00da3d4cb36e9528a188ec3fc"
        }
      ],
      "licenseConcluded": "NOASSERTION",
      "licenseInfoInFiles": [
        "NOASSERTION"
      ],
      "copyrightText": "NOASSERTION"
    },
    {
      "fileName": "./OpenSSHUtils.psm1",
      "SPDXID": "SPDXRef-File--OpenSSHUtils.psm1-E460EA0971C52B68CA4DE9D6A4E2B6663BB8E317",
      "checksums": [
        {
          "algorithm": "SHA256",
          "checksumValue": "a3e8b90b242a9674359fa358950daf4d5f9cfd79990b83c510569efcd34140f8"
        },
        {
          "algorithm": "SHA1",
          "checksumValue": "e460ea0971c52b68ca4de9d6a4e2b6663bb8e317"
        }
      ],
      "licenseConcluded": "NOASSERTION",
      "licenseInfoInFiles": [
        "NOASSERTION"
      ],
      "copyrightText": "NOASSERTION"
    },
    {
      "fileName": "./ssh-pkcs11-helper.exe",
      "SPDXID": "SPDXRef-File--ssh-pkcs11-helper.exe-CFBB7D3A960779A18BFEB3D342DC88954A06E851",
      "checksums": [
        {
          "algorithm": "SHA256",
          "checksumValue": "030c56e2d1af71c42155ec31c93f1e36e0fa455e160c07808f57bed466f9376e"
        },
        {
          "algorithm": "SHA1",
          "checksumValue": "cfbb7d3a960779a18bfeb3d342dc88954a06e851"
        }
      ],
      "licenseConcluded": "NOASSERTION",
      "licenseInfoInFiles": [
        "NOASSERTION"
      ],
      "copyrightText": "NOASSERTION"
    },
    {
      "fileName": "./install-sshd.ps1",
      "SPDXID": "SPDXRef-File--install-sshd.ps1-87D701B5A90D3D591D7E422F36A36D97272BA3FD",
      "checksums": [
        {
          "algorithm": "SHA256",
          "checksumValue": "03d3a441f1e24f3d5830d79b7ecff1ba5f535eb50a447800d715cc3a1e403302"
        },
        {
          "algorithm": "SHA1",
          "checksumValue": "87d701b5a90d3d591d7e422f36a36d97272ba3fd"
        }
      ],
      "licenseConcluded": "NOASSERTION",
      "licenseInfoInFiles": [
        "NOASSERTION"
      ],
      "copyrightText": "NOASSERTION"
    },
    {
      "fileName": "./scp.exe",
      "SPDXID": "SPDXRef-File--scp.exe-105089442A36B22D463C813696DA3A5EC164D1B5",
      "checksums": [
        {
          "algorithm": "SHA256",
          "checksumValue": "0ec8ecd30632c624f6ab61e2416b0e55ae728a421699b0fd7d51bf8dc6a814eb"
        },
        {
          "algorithm": "SHA1",
          "checksumValue": "105089442a36b22d463c813696da3a5ec164d1b5"
        }
      ],
      "licenseConcluded": "NOASSERTION",
      "licenseInfoInFiles": [
        "NOASSERTION"
      ],
      "copyrightText": "NOASSERTION"
    },
    {
      "fileName": "./ssh-shellhost.exe",
      "SPDXID": "SPDXRef-File--ssh-shellhost.exe-446B6D723B5A9851195F64F9DA01FAE0FEA652D5",
      "checksums": [
        {
          "algorithm": "SHA256",
          "checksumValue": "16be5d3753c6a99e49122a1d9bfdcf15c4695a8bfa99fc917db23ced48343d2d"
        },
        {
          "algorithm": "SHA1",
          "checksumValue": "446b6d723b5a9851195f64f9da01fae0fea652d5"
        }
      ],
      "licenseConcluded": "NOASSERTION",
      "licenseInfoInFiles": [
        "NOASSERTION"
      ],
      "copyrightText": "NOASSERTION"
    },
    {
      "fileName": "./LICENSE.txt",
      "SPDXID": "SPDXRef-File--LICENSE.txt-A7739A32F1926D71A9EB22D101287ECEA09A6AC5",
      "checksums": [
        {
          "algorithm": "SHA256",
          "checksumValue": "e6a25da96c2fccdc025caad56d99f87851ec3fe814a3cea83f2bc77ffc800681"
        },
        {
          "algorithm": "SHA1",
          "checksumValue": "a7739a32f1926d71a9eb22d101287ecea09a6ac5"
        }
      ],
      "licenseConcluded": "NOASSERTION",
      "licenseInfoInFiles": [
        "NOASSERTION"
      ],
      "copyrightText": "NOASSERTION"
    },
    {
      "fileName": "./sftp.exe",
      "SPDXID": "SPDXRef-File--sftp.exe-4705E05FE4CD20772012FB95C94D3930FB4767A2",
      "checksums": [
        {
          "algorithm": "SHA256",
          "checksumValue": "91ebe6b5866d7fb36f33ad8890364f72ce6b79f1517ee3dae6b8272825166942"
        },
        {
          "algorithm": "SHA1",
          "checksumValue": "4705e05fe4cd20772012fb95c94d3930fb4767a2"
        }
      ],
      "licenseConcluded": "NOASSERTION",
      "licenseInfoInFiles": [
        "NOASSERTION"
      ],
      "copyrightText": "NOASSERTION"
    },
    {
      "fileName": "./ssh.exe",
      "SPDXID": "SPDXRef-File--ssh.exe-EF4019278ECA924197F3689776FD83C68ABF3E2E",
      "checksums": [
        {
          "algorithm": "SHA256",
          "checksumValue": "61962b85420726c1062b705657b5f3623e5da8a6a991823764c9cef3b1027fde"
        },
        {
          "algorithm": "SHA1",
          "checksumValue": "ef4019278eca924197f3689776fd83c68abf3e2e"
        }
      ],
      "licenseConcluded": "NOASSERTION",
      "licenseInfoInFiles": [
        "NOASSERTION"
      ],
      "copyrightText": "NOASSERTION"
    },
    {
      "fileName": "./libcrypto.dll",
      "SPDXID": "SPDXRef-File--libcrypto.dll-7756CA30752C94DA22FAD2F8849A4FC927DAEA99",
      "checksums": [
        {
          "algorithm": "SHA256",
          "checksumValue": "942d267ae4ced3328cd328f0795df0ea99a7af8a66248c2e0e731d61ae5f250c"
        },
        {
          "algorithm": "SHA1",
          "checksumValue": "7756ca30752c94da22fad2f8849a4fc927daea99"
        }
      ],
      "licenseConcluded": "NOASSERTION",
      "licenseInfoInFiles": [
        "NOASSERTION"
      ],
      "copyrightText": "NOASSERTION"
    },
    {
      "fileName": "./sftp-server.exe",
      "SPDXID": "SPDXRef-File--sftp-server.exe-85A15D0600E1C2EF70984E8F5FA92AB0FC8BD24D",
      "checksums": [
        {
          "algorithm": "SHA256",
          "checksumValue": "2b2a25a13e104972f669019c08649cdb218a943c1529a75c5ac1b3801aae0170"
        },
        {
          "algorithm": "SHA1",
          "checksumValue": "85a15d0600e1c2ef70984e8f5fa92ab0fc8bd24d"
        }
      ],
      "licenseConcluded": "NOASSERTION",
      "licenseInfoInFiles": [
        "NOASSERTION"
      ],
      "copyrightText": "NOASSERTION"
    },
    {
      "fileName": "./ssh-sk-helper.exe",
      "SPDXID": "SPDXRef-File--ssh-sk-helper.exe-9CA1168D550B581359706563617AAA149DD79A68",
      "checksums": [
        {
          "algorithm": "SHA256",
          "checksumValue": "7b4beceb795b3977bcac7b9711d53c5db6b3d2f561d8b8af577bbf93b27c00a1"
        },
        {
          "algorithm": "SHA1",
          "checksumValue": "9ca1168d550b581359706563617aaa149dd79a68"
        }
      ],
      "licenseConcluded": "NOASSERTION",
      "licenseInfoInFiles": [
        "NOASSERTION"
      ],
      "copyrightText": "NOASSERTION"
    },
    {
      "fileName": "./moduli",
      "SPDXID": "SPDXRef-File--moduli-4C7A68477C9B679EB0208BE182C9E8C02FA8DE7D",
      "checksums": [
        {
          "algorithm": "SHA256",
          "checksumValue": "df3b04c4b63ee4e4d2b99eb6d5756b73604773b6c8dcb4ee75ba669e2952ad4c"
        },
        {
          "algorithm": "SHA1",
          "checksumValue": "4c7a68477c9b679eb0208be182c9e8c02fa8de7d"
        }
      ],
      "licenseConcluded": "NOASSERTION",
      "licenseInfoInFiles": [
        "NOASSERTION"
      ],
      "copyrightText": "NOASSERTION"
    },
    {
      "fileName": "./NOTICE.txt",
      "SPDXID": "SPDXRef-File--NOTICE.txt-0C6BEDA8BE1A704C0C2615D4A481BACA0E56372D",
      "checksums": [
        {
          "algorithm": "SHA256",
          "checksumValue": "2cd5f5d0064bc909dfe0f0fc8f4787882c7c379f2730d89e5faa0c2bc57c620b"
        },
        {
          "algorithm": "SHA1",
          "checksumValue": "0c6beda8be1a704c0c2615d4a481baca0e56372d"
        }
      ],
      "licenseConcluded": "NOASSERTION",
      "licenseInfoInFiles": [
        "NOASSERTION"
      ],
      "copyrightText": "NOASSERTION"
    },
    {
      "fileName": "./ssh-add.exe",
      "SPDXID": "SPDXRef-File--ssh-add.exe-88AC1564FA0FAC045DD326EFC8C8E2F4C0A0EDE2",
      "checksums": [
        {
          "algorithm": "SHA256",
          "checksumValue": "0ae9576e2c8df1719c4c62fcb972aad7cf460331efd8a4d44221484c0df31ae9"
        },
        {
          "algorithm": "SHA1",
          "checksumValue": "88ac1564fa0fac045dd326efc8c8e2f4c0a0ede2"
        }
      ],
      "licenseConcluded": "NOASSERTION",
      "licenseInfoInFiles": [
        "NOASSERTION"
      ],
      "copyrightText": "NOASSERTION"
    },
    {
      "fileName": "./ssh-agent.exe",
      "SPDXID": "SPDXRef-File--ssh-agent.exe-56E68D1045827290E15DE5561769C2B5C8D75066",
      "checksums": [
        {
          "algorithm": "SHA256",
          "checksumValue": "e23ba794552dbfa4b60f747d3e89da70fac5e4e478d66a6eb6e22a3dfb2fe47f"
        },
        {
          "algorithm": "SHA1",
          "checksumValue": "56e68d1045827290e15de5561769c2b5c8d75066"
        }
      ],
      "licenseConcluded": "NOASSERTION",
      "licenseInfoInFiles": [
        "NOASSERTION"
      ],
      "copyrightText": "NOASSERTION"
    },
    {
      "fileName": "./openssh-events.man",
      "SPDXID": "SPDXRef-File--openssh-events.man-39F0E1C5FDF3F456EEAF9F1A5696A7CA64617F86",
      "checksums": [
        {
          "algorithm": "SHA256",
          "checksumValue": "c36019e53e3045cba2639bf35ed1e2498e3563b272533e53301165c31ab60199"
        },
        {
          "algorithm": "SHA1",
          "checksumValue": "39f0e1c5fdf3f456eeaf9f1a5696a7ca64617f86"
        }
      ],
      "licenseConcluded": "NOASSERTION",
      "licenseInfoInFiles": [
        "NOASSERTION"
      ],
      "copyrightText": "NOASSERTION"
    },
    {
      "fileName": "./sshd_config_default",
      "SPDXID": "SPDXRef-File--sshd-config-default-825CDEC4CF05869C74B01E7A1C8BF3C5E2C45CD8",
      "checksums": [
        {
          "algorithm": "SHA256",
          "checksumValue": "99f373a06dfa706f0a8a98d655c776850305b4b1ea3bf9a33fa926897bb15649"
        },
        {
          "algorithm": "SHA1",
          "checksumValue": "825cdec4cf05869c74b01e7a1c8bf3c5e2c45cd8"
        }
      ],
      "licenseConcluded": "NOASSERTION",
      "licenseInfoInFiles": [
        "NOASSERTION"
      ],
      "copyrightText": "NOASSERTION"
    },
    {
      "fileName": "./sshd.exe",
      "SPDXID": "SPDXRef-File--sshd.exe-A9A75812F51B507BC1874C7FC3EA1AC8A287120B",
      "checksums": [
        {
          "algorithm": "SHA256",
          "checksumValue": "64224f990306d199c144d752c8695787da8f512779af4b6bcf5cce53ee15e401"
        },
        {
          "algorithm": "SHA1",
          "checksumValue": "a9a75812f51b507bc1874c7fc3ea1ac8a287120b"
        }
      ],
      "licenseConcluded": "NOASSERTION",
      "licenseInfoInFiles": [
        "NOASSERTION"
      ],
      "copyrightText": "NOASSERTION"
    },
    {
      "fileName": "./ssh-keygen.exe",
      "SPDXID": "SPDXRef-File--ssh-keygen.exe-4C0449942FA1A05D4C9829E0A0896857CE236490",
      "checksums": [
        {
          "algorithm": "SHA256",
          "checksumValue": "1b4e0e4e1276b17a1e1ebcabfff70246ff886676beb7d303ce8c591cd1e210ab"
        },
        {
          "algorithm": "SHA1",
          "checksumValue": "4c0449942fa1a05d4c9829e0a0896857ce236490"
        }
      ],
      "licenseConcluded": "NOASSERTION",
      "licenseInfoInFiles": [
        "NOASSERTION"
      ],
      "copyrightText": "NOASSERTION"
    },
    {
      "fileName": "./uninstall-sshd.ps1",
      "SPDXID": "SPDXRef-File--uninstall-sshd.ps1-FC7DCC989A52ECDB9B6F92B952312BA9732F1709",
      "checksums": [
        {
          "algorithm": "SHA256",
          "checksumValue": "efd521e1a52d76725a9b8e36f456269e47a8cc1824ddccf6ede7787b269dca02"
        },
        {
          "algorithm": "SHA1",
          "checksumValue": "fc7dcc989a52ecdb9b6f92b952312ba9732f1709"
        }
      ],
      "licenseConcluded": "NOASSERTION",
      "licenseInfoInFiles": [
        "NOASSERTION"
      ],
      "copyrightText": "NOASSERTION"
    }
  ],
  "packages": [
    {
      "name": "libfido2",
      "SPDXID": "SPDXRef-Package-F63F25FDE81D1022980E34CC310C72D38C9CBC90844731304A8FB98D9E0990E1",
      "downloadLocation": "https://github.com/Yubico/libfido2",
      "filesAnalyzed": false,
      "licenseConcluded": "NOASSERTION",
      "licenseInfoFromFiles": [
        "NOASSERTION"
      ],
      "licenseDeclared": "NOASSERTION",
      "copyrightText": "NOASSERTION",
      "versionInfo": "1.13.0",
      "supplier": "NOASSERTION"
    },
    {
      "name": "libcbor",
      "SPDXID": "SPDXRef-Package-E17DDC71403E9F2B1007C3A60AE26F724C7E742A1D6D5FBE9816B0532D7F73B9",
      "downloadLocation": "https://github.com/PJK/libcbor",
      "filesAnalyzed": false,
      "licenseConcluded": "NOASSERTION",
      "licenseInfoFromFiles": [
        "NOASSERTION"
      ],
      "licenseDeclared": "NOASSERTION",
      "copyrightText": "NOASSERTION",
      "versionInfo": "0.10.1",
      "supplier": "NOASSERTION"
    },
    {
      "name": "libressl",
      "SPDXID": "SPDXRef-Package-D99FD5198E77054A28846E4E999C4FCAEC8B86428588D6C3F297E337BFAAAC40",
      "downloadLocation": "https://www.libressl.org/",
      "filesAnalyzed": false,
      "licenseConcluded": "NOASSERTION",
      "licenseInfoFromFiles": [
        "NOASSERTION"
      ],
      "licenseDeclared": "NOASSERTION",
      "copyrightText": "NOASSERTION",
      "versionInfo": "3.7.2.0",
      "supplier": "NOASSERTION"
    },
    {
      "name": "powershell_libressl",
      "SPDXID": "SPDXRef-Package-577D7580CF881B7AA98D5B37C0CAF4D38AD0E90F05E7FA398BE8C18DEDF4E853",
      "downloadLocation": "https://github.com/PowerShell/LibreSSL/releases/tag/V3.7.2.0.zip",
      "filesAnalyzed": false,
      "licenseConcluded": "NOASSERTION",
      "licenseInfoFromFiles": [
        "NOASSERTION"
      ],
      "licenseDeclared": "NOASSERTION",
      "copyrightText": "NOASSERTION",
      "versionInfo": "3.7.2.0",
      "supplier": "NOASSERTION"
    },
    {
      "name": "powershell_libfido2",
      "SPDXID": "SPDXRef-Package-F9A6ED6B8745E751FA3E761A1089EA8B0BE70D1EEF9D3460589B3BD062C5E186",
      "downloadLocation": "https://github.com/PowerShell/libfido2/archive/refs/tags/1.13.0.zip",
      "filesAnalyzed": false,
      "licenseConcluded": "NOASSERTION",
      "licenseInfoFromFiles": [
        "NOASSERTION"
      ],
      "licenseDeclared": "NOASSERTION",
      "copyrightText": "NOASSERTION",
      "versionInfo": "1.13.0",
      "supplier": "NOASSERTION"
    },
    {
      "name": "powershell_libcbor",
      "SPDXID": "SPDXRef-Package-0633FC36A057DF0C87EED52E5DEDF9B329FB7D81AAA4F276018A43EA45B452BD",
      "downloadLocation": "https://github.com/PowerShell/libcbor",
      "filesAnalyzed": false,
      "licenseConcluded": "NOASSERTION",
      "licenseInfoFromFiles": [
        "NOASSERTION"
      ],
      "licenseDeclared": "NOASSERTION",
      "copyrightText": "NOASSERTION",
      "versionInfo": "0.10.1",
      "supplier": "NOASSERTION"
    },
    {
      "name": "zlib",
      "SPDXID": "SPDXRef-Package-A9EB5C4218FA0D266FC5C664B8CAF9359754084A15E5398DE2212E4FC43EBF88",
      "downloadLocation": "http://zlib.net/",
      "filesAnalyzed": false,
      "licenseConcluded": "NOASSERTION",
      "licenseInfoFromFiles": [
        "NOASSERTION"
      ],
      "licenseDeclared": "NOASSERTION",
      "copyrightText": "NOASSERTION",
      "versionInfo": "1.2.13",
      "supplier": "NOASSERTION"
    },
    {
      "name": "Microsoft.Telemetry.Inbox.Native",
      "SPDXID": "SPDXRef-Package-0E13AAD00D3394DF297FCA773EC1B0EDEF66F936E6C99311CBC4763108E2033B",
      "downloadLocation": "NOASSERTION",
      "filesAnalyzed": false,
      "licenseConcluded": "NOASSERTION",
      "licenseInfoFromFiles": [
        "NOASSERTION"
      ],
      "licenseDeclared": "NOASSERTION",
      "copyrightText": "NOASSERTION",
      "versionInfo": "10.0.18362.1-190318-1202.19h1-release.amd64fre",
      "externalRefs": [
        {
          "referenceCategory": "PACKAGE-MANAGER",
          "referenceType": "purl",
          "referenceLocator": "pkg:nuget/Microsoft.Telemetry.Inbox.Native@10.0.18362.1-190318-1202.19h1-release.amd64fre"
        }
      ],
      "supplier": "NOASSERTION"
    },
    {
      "name": "powershell_zlib",
      "SPDXID": "SPDXRef-Package-19B4BB6515DFF8C58B23AA8A19F56B1ED91ECE605C6E2AF619473C4E4273B86F",
      "downloadLocation": "https://github.com/PowerShell/ZLib/releases/tag/V1.2.13.zip",
      "filesAnalyzed": false,
      "licenseConcluded": "NOASSERTION",
      "licenseInfoFromFiles": [
        "NOASSERTION"
      ],
      "licenseDeclared": "NOASSERTION",
      "copyrightText": "NOASSERTION",
      "versionInfo": "1.2.13",
      "supplier": "NOASSERTION"
    },
    {
      "name": "OpenSSH",
      "SPDXID": "SPDXRef-RootPackage",
      "downloadLocation": "NOASSERTION",
      "packageVerificationCode": {
        "packageVerificationCodeValue": "4199458a9e7e355825a0c8860e0fc67f6ad5d1e0"
      },
      "filesAnalyzed": true,
      "licenseConcluded": "NOASSERTION",
      "licenseInfoFromFiles": [
        "NOASSERTION"
      ],
      "licenseDeclared": "NOASSERTION",
      "copyrightText": "NOASSERTION",
      "versionInfo": "v9.2.2.0",
      "supplier": "Organization: Microsoft",
      "hasFiles": [
        "SPDXRef-File--uninstall-sshd.ps1-FC7DCC989A52ECDB9B6F92B952312BA9732F1709",
        "SPDXRef-File--sshd.exe-A9A75812F51B507BC1874C7FC3EA1AC8A287120B",
        "SPDXRef-File--sshd-config-default-825CDEC4CF05869C74B01E7A1C8BF3C5E2C45CD8",
        "SPDXRef-File--ssh-keygen.exe-4C0449942FA1A05D4C9829E0A0896857CE236490",
        "SPDXRef-File--openssh-events.man-39F0E1C5FDF3F456EEAF9F1A5696A7CA64617F86",
        "SPDXRef-File--ssh-agent.exe-56E68D1045827290E15DE5561769C2B5C8D75066",
        "SPDXRef-File--ssh-add.exe-88AC1564FA0FAC045DD326EFC8C8E2F4C0A0EDE2",
        "SPDXRef-File--NOTICE.txt-0C6BEDA8BE1A704C0C2615D4A481BACA0E56372D",
        "SPDXRef-File--moduli-4C7A68477C9B679EB0208BE182C9E8C02FA8DE7D",
        "SPDXRef-File--ssh-sk-helper.exe-9CA1168D550B581359706563617AAA149DD79A68",
        "SPDXRef-File--sftp-server.exe-85A15D0600E1C2EF70984E8F5FA92AB0FC8BD24D",
        "SPDXRef-File--libcrypto.dll-7756CA30752C94DA22FAD2F8849A4FC927DAEA99",
        "SPDXRef-File--ssh.exe-EF4019278ECA924197F3689776FD83C68ABF3E2E",
        "SPDXRef-File--sftp.exe-4705E05FE4CD20772012FB95C94D3930FB4767A2",
        "SPDXRef-File--LICENSE.txt-A7739A32F1926D71A9EB22D101287ECEA09A6AC5",
        "SPDXRef-File--ssh-shellhost.exe-446B6D723B5A9851195F64F9DA01FAE0FEA652D5",
        "SPDXRef-File--scp.exe-105089442A36B22D463C813696DA3A5EC164D1B5",
        "SPDXRef-File--install-sshd.ps1-87D701B5A90D3D591D7E422F36A36D97272BA3FD",
        "SPDXRef-File--ssh-pkcs11-helper.exe-CFBB7D3A960779A18BFEB3D342DC88954A06E851",
        "SPDXRef-File--OpenSSHUtils.psm1-E460EA0971C52B68CA4DE9D6A4E2B6663BB8E317",
        "SPDXRef-File--FixUserFilePermissions.ps1-5C62B6586FD9DAB00DA3D4CB36E9528A188EC3FC",
        "SPDXRef-File--ssh-keyscan.exe-1DEB0DB3B7E2171AE6E1A8EAF8EBA1EB6C15662C",
        "SPDXRef-File--OpenSSHUtils.psd1-2C08F78D0B39FF9ACD749BCEFC1E21BBF682D9D0",
        "SPDXRef-File--FixHostFilePermissions.ps1-F02375523F34599F155AD875481A742E91D89288"
      ]
    }
  ],
  "externalDocumentRefs": [
    {
      "externalDocumentId": "DocumentRef-ZLib-1.2.13-25599f97cedc67d207728f4a17d7964c1c334c17",
      "spdxDocument": "https://sbom.microsoft/1:2QSF7qZlbE-F7QrUJlEo7g:Ifmy0CRpKEe0S33n1Rdb-w/1748:309440/ZLib:1.2.13:f1B2BykuZEuu2dD2Z6ZtzA",
      "checksum": {
        "algorithm": "SHA1",
        "checksumValue": "25599f97cedc67d207728f4a17d7964c1c334c17"
      }
    },
    {
      "externalDocumentId": "DocumentRef-libfido2-1.9.0-fafb024111b424ede04e78a28edfce894549c7f5",
      "spdxDocument": "https://sbom.microsoft/1:2QSF7qZlbE-F7QrUJlEo7g:Ifmy0CRpKEe0S33n1Rdb-w/1853:357059/libfido2:1.9.0:ov_hZKWN50-6IzLEiVuweg",
      "checksum": {
        "algorithm": "SHA1",
        "checksumValue": "fafb024111b424ede04e78a28edfce894549c7f5"
      }
    },
    {
      "externalDocumentId": "DocumentRef-LibreSSL-3.7.2-c436ee80fdb5b090f617cdd6ce736561a9c4db98",
      "spdxDocument": "https://sbom.microsoft/1:2QSF7qZlbE-F7QrUJlEo7g:Ifmy0CRpKEe0S33n1Rdb-w/1750:357000/LibreSSL:3.7.2:CvRDHk6EGEOsoQ7bVxW9zQ",
      "checksum": {
        "algorithm": "SHA1",
        "checksumValue": "c436ee80fdb5b090f617cdd6ce736561a9c4db98"
      }
    }
  ],
  "relationships": [
    {
      "relationshipType": "DESCRIBES",
      "relatedSpdxElement": "SPDXRef-RootPackage",
      "spdxElementId": "SPDXRef-DOCUMENT"
    },
    {
      "relationshipType": "DESCRIBED_BY",
      "relatedSpdxElement": "SPDXRef-DOCUMENT",
      "spdxElementId": "SPDXRef-File--..-..-s-OSS-Microsoft-OpenSSH-Dev-contrib-win32-openssh-libfido2--manifest-spdx-2.2-manifest.spdx.json-FAFB024111B424EDE04E78A28EDFCE894549C7F5"
    },
    {
      "relationshipType": "DESCRIBED_BY",
      "relatedSpdxElement": "SPDXRef-DOCUMENT",
      "spdxElementId": "SPDXRef-File--..-..-s-OSS-Microsoft-OpenSSH-Dev-contrib-win32-openssh-LibreSSL--manifest-spdx-2.2-manifest.spdx.json-C436EE80FDB5B090F617CDD6CE736561A9C4DB98"
    },
    {
      "relationshipType": "DESCRIBED_BY",
      "relatedSpdxElement": "SPDXRef-DOCUMENT",
      "spdxElementId": "SPDXRef-File--..-..-s-OSS-Microsoft-OpenSSH-Dev-contrib-win32-openssh-ZLib--manifest-spdx-2.2-manifest.spdx.json-25599F97CEDC67D207728F4A17D7964C1C334C17"
    },
    {
      "relationshipType": "DEPENDS_ON",
      "relatedSpdxElement": "SPDXRef-Package-0633FC36A057DF0C87EED52E5DEDF9B329FB7D81AAA4F276018A43EA45B452BD",
      "spdxElementId": "SPDXRef-RootPackage"
    },
    {
      "relationshipType": "DEPENDS_ON",
      "relatedSpdxElement": "SPDXRef-Package-577D7580CF881B7AA98D5B37C0CAF4D38AD0E90F05E7FA398BE8C18DEDF4E853",
      "spdxElementId": "SPDXRef-RootPackage"
    },
    {
      "relationshipType": "DEPENDS_ON",
      "relatedSpdxElement": "SPDXRef-Package-D99FD5198E77054A28846E4E999C4FCAEC8B86428588D6C3F297E337BFAAAC40",
      "spdxElementId": "SPDXRef-RootPackage"
    },
    {
      "relationshipType": "DEPENDS_ON",
      "relatedSpdxElement": "SPDXRef-Package-A9EB5C4218FA0D266FC5C664B8CAF9359754084A15E5398DE2212E4FC43EBF88",
      "spdxElementId": "SPDXRef-RootPackage"
    },
    {
      "relationshipType": "DEPENDS_ON",
      "relatedSpdxElement": "SPDXRef-Package-E17DDC71403E9F2B1007C3A60AE26F724C7E742A1D6D5FBE9816B0532D7F73B9",
      "spdxElementId": "SPDXRef-RootPackage"
    },
    {
      "relationshipType": "DEPENDS_ON",
      "relatedSpdxElement": "SPDXRef-Package-19B4BB6515DFF8C58B23AA8A19F56B1ED91ECE605C6E2AF619473C4E4273B86F",
      "spdxElementId": "SPDXRef-RootPackage"
    },
    {
      "relationshipType": "DEPENDS_ON",
      "relatedSpdxElement": "SPDXRef-Package-0E13AAD00D3394DF297FCA773EC1B0EDEF66F936E6C99311CBC4763108E2033B",
      "spdxElementId": "SPDXRef-RootPackage"
    },
    {
      "relationshipType": "DEPENDS_ON",
      "relatedSpdxElement": "SPDXRef-Package-F9A6ED6B8745E751FA3E761A1089EA8B0BE70D1EEF9D3460589B3BD062C5E186",
      "spdxElementId": "SPDXRef-RootPackage"
    },
    {
      "relationshipType": "DEPENDS_ON",
      "relatedSpdxElement": "SPDXRef-Package-F63F25FDE81D1022980E34CC310C72D38C9CBC90844731304A8FB98D9E0990E1",
      "spdxElementId": "SPDXRef-RootPackage"
    },
    {
      "relationshipType": "PREREQUISITE_FOR",
      "relatedSpdxElement": "DocumentRef-LibreSSL-3.7.2-c436ee80fdb5b090f617cdd6ce736561a9c4db98:SPDXRef-RootPackage",
      "spdxElementId": "SPDXRef-RootPackage"
    },
    {
      "relationshipType": "PREREQUISITE_FOR",
      "relatedSpdxElement": "DocumentRef-ZLib-1.2.13-25599f97cedc67d207728f4a17d7964c1c334c17:SPDXRef-RootPackage",
      "spdxElementId": "SPDXRef-RootPackage"
    },
    {
      "relationshipType": "PREREQUISITE_FOR",
      "relatedSpdxElement": "DocumentRef-libfido2-1.9.0-fafb024111b424ede04e78a28edfce894549c7f5:SPDXRef-RootPackage",
      "spdxElementId": "SPDXRef-RootPackage"
    }
  ],
  "spdxVersion": "SPDX-2.2",
  "dataLicense": "CC0-1.0",
  "SPDXID": "SPDXRef-DOCUMENT",
  "name": "OpenSSH v9.2.2.0",
  "documentNamespace": "https://sbom.microsoft/1:2QSF7qZlbE-F7QrUJlEo7g:Ifmy0CRpKEe0S33n1Rdb-w/1908:357434/OpenSSH:v9.2.2.0:axDfW7_SxEmowW5NljkXMQ",
  "creationInfo": {
    "created": "2023-04-12T18:15:11Z",
    "creators": [
      "Organization: Microsoft",
      "Tool: Microsoft.SBOMTool-0.3.3"
    ]
  },
  "documentDescribes": [
    "SPDXRef-RootPackage"
  ]
}