{
  "files": [
    {
      "fileName": "./../../s/OSS_Microsoft_OpenSSH_Dev/contrib/win32/openssh/LibreSSL/_manifest/spdx_2.2/manifest.spdx.json",
      "SPDXID": "SPDXRef-File--..-..-s-OSS-Microsoft-OpenSSH-Dev-contrib-win32-openssh-LibreSSL--manifest-spdx-2.2-manifest.spdx.json-4EAF53D434EBCC53C686F3ABFEE54BAF11EFFCF0",
      "checksums": [
        {
          "algorithm": "SHA256",
          "checksumValue": "e989196aec2f04c79c9af6730b0a81bb7a6be40e6b7d923502cc0ac131bcb17f"
        },
        {
          "algorithm": "SHA1",
          "checksumValue": "4eaf53d434ebcc53c686f3abfee54baf11effcf0"
        }
      ],
      "licenseConcluded": "NOASSERTION",
      "licenseInfoInFiles": [
        "NOASSERTION"
      ],
      "copyrightText": "NOASSERTION",
      "fileTypes": [
        "SPDX"
      ]
    },
    {
      "fileName": "./../../s/OSS_Microsoft_OpenSSH_Dev/contrib/win32/openssh/libfido2/_manifest/spdx_2.2/manifest.spdx.json",
      "SPDXID": "SPDXRef-File--..-..-s-OSS-Microsoft-OpenSSH-Dev-contrib-win32-openssh-libfido2--manifest-spdx-2.2-manifest.spdx.json-B4D71991155EFC0E5C2B2F7186CCBEC3B7E54CB6",
      "checksums": [
        {
          "algorithm": "SHA256",
          "checksumValue": "88b03732d10ef8588678ebe6e837ffe201d21d2c5034e30c1203602d36484cc4"
        },
        {
          "algorithm": "SHA1",
          "checksumValue": "b4d71991155efc0e5c2b2f7186ccbec3b7e54cb6"
        }
      ],
      "licenseConcluded": "NOASSERTION",
      "licenseInfoInFiles": [
        "NOASSERTION"
      ],
      "copyrightText": "NOASSERTION",
      "fileTypes": [
        "SPDX"
      ]
    },
    {
      "fileName": "./../../s/OSS_Microsoft_OpenSSH_Dev/contrib/win32/openssh/ZLib/_manifest/spdx_2.2/manifest.spdx.json",
      "SPDXID": "SPDXRef-File--..-..-s-OSS-Microsoft-OpenSSH-Dev-contrib-win32-openssh-ZLib--manifest-spdx-2.2-manifest.spdx.json-16232B68C57E9D662108A05698D26F43C0ACABEA",
      "checksums": [
        {
          "algorithm": "SHA256",
          "checksumValue": "8faed6bc326795cd62f6c260495d25ffc563dd6c85b94acaa83dc6306f3bee56"
        },
        {
          "algorithm": "SHA1",
          "checksumValue": "16232b68c57e9d662108a05698d26f43c0acabea"
        }
      ],
      "licenseConcluded": "NOASSERTION",
      "licenseInfoInFiles": [
        "NOASSERTION"
      ],
      "copyrightText": "NOASSERTION",
      "fileTypes": [
        "SPDX"
      ]
    },
    {
      "fileName": "./OpenSSH-Win64/install-sshd.ps1",
      "SPDXID": "SPDXRef-File--OpenSSH-Win64-install-sshd.ps1-17E9262C1718BEDD9B64969B8D1622B39F97B197",
      "checksums": [
        {
          "algorithm": "SHA256",
          "checksumValue": "f1970cbdb00096bf1384305ba24d95ca12f9388ad97d3bf3fb80a5b41d70e6c3"
        },
        {
          "algorithm": "SHA1",
          "checksumValue": "17e9262c1718bedd9b64969b8d1622b39f97b197"
        }
      ],
      "licenseConcluded": "NOASSERTION",
      "licenseInfoInFiles": [
        "NOASSERTION"
      ],
      "copyrightText": "NOASSERTION"
    },
    {
      "fileName": "./OpenSSH-Win64/FixUserFilePermissions.ps1",
      "SPDXID": "SPDXRef-File--OpenSSH-Win64-FixUserFilePermissions.ps1-433A351E1B199F284A5414E126BCE7BE6E5A3877",
      "checksums": [
        {
          "algorithm": "SHA256",
          "checksumValue": "8eddd349091b5f0e4b0f6ba8a4b773a2de8853d593f7d828322f5608440e6ceb"
        },
        {
          "algorithm": "SHA1",
          "checksumValue": "433a351e1b199f284a5414e126bce7be6e5a3877"
        }
      ],
      "licenseConcluded": "NOASSERTION",
      "licenseInfoInFiles": [
        "NOASSERTION"
      ],
      "copyrightText": "NOASSERTION"
    },
    {
      "fileName": "./OpenSSH-Win64/FixHostFilePermissions.ps1",
      "SPDXID": "SPDXRef-File--OpenSSH-Win64-FixHostFilePermissions.ps1-4B4C97703F27817DABCA0F22515B083763B990ED",
      "checksums": [
        {
          "algorithm": "SHA256",
          "checksumValue": "93287de508162b06ce6a5d68f11b038cd8497f76913636f6826e26791be0292f"
        },
        {
          "algorithm": "SHA1",
          "checksumValue": "4b4c97703f27817dabca0f22515b083763b990ed"
        }
      ],
      "licenseConcluded": "NOASSERTION",
      "licenseInfoInFiles": [
        "NOASSERTION"
      ],
      "copyrightText": "NOASSERTION"
    },
    {
      "fileName": "./OpenSSH-Win64/LICENSE.txt",
      "SPDXID": "SPDXRef-File--OpenSSH-Win64-LICENSE.txt-A7739A32F1926D71A9EB22D101287ECEA09A6AC5",
      "checksums": [
        {
          "algorithm": "SHA256",
          "checksumValue": "e6a25da96c2fccdc025caad56d99f87851ec3fe814a3cea83f2bc77ffc800681"
        },
        {
          "algorithm": "SHA1",
          "checksumValue": "a7739a32f1926d71a9eb22d101287ecea09a6ac5"
        }
      ],
      "licenseConcluded": "NOASSERTION",
      "licenseInfoInFiles": [
        "NOASSERTION"
      ],
      "copyrightText": "NOASSERTION"
    },
    {
      "fileName": "./OpenSSH-Win64/NOTICE.txt",
      "SPDXID": "SPDXRef-File--OpenSSH-Win64-NOTICE.txt-0C6BEDA8BE1A704C0C2615D4A481BACA0E56372D",
      "checksums": [
        {
          "algorithm": "SHA256",
          "checksumValue": "2cd5f5d0064bc909dfe0f0fc8f4787882c7c379f2730d89e5faa0c2bc57c620b"
        },
        {
          "algorithm": "SHA1",
          "checksumValue": "0c6beda8be1a704c0c2615d4a481baca0e56372d"
        }
      ],
      "licenseConcluded": "NOASSERTION",
      "licenseInfoInFiles": [
        "NOASSERTION"
      ],
      "copyrightText": "NOASSERTION"
    },
    {
      "fileName": "./OpenSSH-Win64/OpenSSHUtils.psm1",
      "SPDXID": "SPDXRef-File--OpenSSH-Win64-OpenSSHUtils.psm1-922298610428D8989194BFB82FECF4334FB5E0B2",
      "checksums": [
        {
          "algorithm": "SHA256",
          "checksumValue": "bbd5c26b9e84dd3921710a2e59577dc41ecb7b7fa851ed46e740acddab5bcc7a"
        },
        {
          "algorithm": "SHA1",
          "checksumValue": "922298610428d8989194bfb82fecf4334fb5e0b2"
        }
      ],
      "licenseConcluded": "NOASSERTION",
      "licenseInfoInFiles": [
        "NOASSERTION"
      ],
      "copyrightText": "NOASSERTION"
    },
    {
      "fileName": "./OpenSSH-Win64/OpenSSHUtils.psd1",
      "SPDXID": "SPDXRef-File--OpenSSH-Win64-OpenSSHUtils.psd1-6D97D7DE611FF599D9513F66D2B3BFBDE6D0A574",
      "checksums": [
        {
          "algorithm": "SHA256",
          "checksumValue": "56298b66d739e9fa476772f2cb51647d06e781b9dda28b7aad08efabb72f4c2b"
        },
        {
          "algorithm": "SHA1",
          "checksumValue": "6d97d7de611ff599d9513f66d2b3bfbde6d0a574"
        }
      ],
      "licenseConcluded": "NOASSERTION",
      "licenseInfoInFiles": [
        "NOASSERTION"
      ],
      "copyrightText": "NOASSERTION"
    },
    {
      "fileName": "./OpenSSH-Win64/scp.exe",
      "SPDXID": "SPDXRef-File--OpenSSH-Win64-scp.exe-CB7116C2D3E64779F4B2D4C8098A89EB277C8486",
      "checksums": [
        {
          "algorithm": "SHA256",
          "checksumValue": "952d048741a2fd14b69a1b5360d04fdafa5f01881fee35a1e1643d1d8961af1e"
        },
        {
          "algorithm": "SHA1",
          "checksumValue": "cb7116c2d3e64779f4b2d4c8098a89eb277c8486"
        }
      ],
      "licenseConcluded": "NOASSERTION",
      "licenseInfoInFiles": [
        "NOASSERTION"
      ],
      "copyrightText": "NOASSERTION"
    },
    {
      "fileName": "./OpenSSH-Win64/sftp.exe",
      "SPDXID": "SPDXRef-File--OpenSSH-Win64-sftp.exe-6CC7EB90B1537E6915B7CD78AA007E9E188D09B8",
      "checksums": [
        {
          "algorithm": "SHA256",
          "checksumValue": "92792a86f42fa4725e5ce83edd1efcb8739f2e55dec233f8f8406d553d0d7963"
        },
        {
          "algorithm": "SHA1",
          "checksumValue": "6cc7eb90b1537e6915b7cd78aa007e9e188d09b8"
        }
      ],
      "licenseConcluded": "NOASSERTION",
      "licenseInfoInFiles": [
        "NOASSERTION"
      ],
      "copyrightText": "NOASSERTION"
    },
    {
      "fileName": "./OpenSSH-Win64/moduli",
      "SPDXID": "SPDXRef-File--OpenSSH-Win64-moduli-D000837A7C67C88BAAA61D643E48A28B2F40B7AF",
      "checksums": [
        {
          "algorithm": "SHA256",
          "checksumValue": "bd6b9d63cd668af7ba13ae367f40a9efa30986aba0e4d91a03e212992351daeb"
        },
        {
          "algorithm": "SHA1",
          "checksumValue": "d000837a7c67c88baaa61d643e48a28b2f40b7af"
        }
      ],
      "licenseConcluded": "NOASSERTION",
      "licenseInfoInFiles": [
        "NOASSERTION"
      ],
      "copyrightText": "NOASSERTION"
    },
    {
      "fileName": "./OpenSSH-Win64/ssh-pkcs11-helper.exe",
      "SPDXID": "SPDXRef-File--OpenSSH-Win64-ssh-pkcs11-helper.exe-7BD7599EC3DD7118BC4DBCB6235C0AA61BEACA4D",
      "checksums": [
        {
          "algorithm": "SHA256",
          "checksumValue": "b83ac4b6df56f3fa133e6d42058515f5921b533e38dcc3013dfb26a9dd11dd84"
        },
        {
          "algorithm": "SHA1",
          "checksumValue": "7bd7599ec3dd7118bc4dbcb6235c0aa61beaca4d"
        }
      ],
      "licenseConcluded": "NOASSERTION",
      "licenseInfoInFiles": [
        "NOASSERTION"
      ],
      "copyrightText": "NOASSERTION"
    },
    {
      "fileName": "./OpenSSH-Win64/ssh-agent.exe",
      "SPDXID": "SPDXRef-File--OpenSSH-Win64-ssh-agent.exe-4950F054D1B3082384E3A85335D752AE35C85467",
      "checksums": [
        {
          "algorithm": "SHA256",
          "checksumValue": "02e30e7fb875094ded3d405752e7ced6c66b04bff72428d8ef0ab345ec467517"
        },
        {
          "algorithm": "SHA1",
          "checksumValue": "4950f054d1b3082384e3a85335d752ae35c85467"
        }
      ],
      "licenseConcluded": "NOASSERTION",
      "licenseInfoInFiles": [
        "NOASSERTION"
      ],
      "copyrightText": "NOASSERTION"
    },
    {
      "fileName": "./OpenSSH-Win64/ssh-shellhost.exe",
      "SPDXID": "SPDXRef-File--OpenSSH-Win64-ssh-shellhost.exe-8A55A6E711E3127C2E94FB5C7D0FC2A8CBF5DC66",
      "checksums": [
        {
          "algorithm": "SHA256",
          "checksumValue": "2046486bf5dce7e9c6bbea5ec6d3873579a5fc3c068772d17c68e9bc4bc47693"
        },
        {
          "algorithm": "SHA1",
          "checksumValue": "8a55a6e711e3127c2e94fb5c7d0fc2a8cbf5dc66"
        }
      ],
      "licenseConcluded": "NOASSERTION",
      "licenseInfoInFiles": [
        "NOASSERTION"
      ],
      "copyrightText": "NOASSERTION"
    },
    {
      "fileName": "./OpenSSH-Win64/ssh-keyscan.exe",
      "SPDXID": "SPDXRef-File--OpenSSH-Win64-ssh-keyscan.exe-51123A62869D1E767941C6569CADF8143AF78995",
      "checksums": [
        {
          "algorithm": "SHA256",
          "checksumValue": "d449006b7e4b128d673bf8c518bcb69b21c3ba29a1148633cccc182e00e15c01"
        },
        {
          "algorithm": "SHA1",
          "checksumValue": "51123a62869d1e767941c6569cadf8143af78995"
        }
      ],
      "licenseConcluded": "NOASSERTION",
      "licenseInfoInFiles": [
        "NOASSERTION"
      ],
      "copyrightText": "NOASSERTION"
    },
    {
      "fileName": "./OpenSSH-Win64/uninstall-sshd.ps1",
      "SPDXID": "SPDXRef-File--OpenSSH-Win64-uninstall-sshd.ps1-04D09C20D0973A2B1667FE3A2C05F5BC4BCF7893",
      "checksums": [
        {
          "algorithm": "SHA256",
          "checksumValue": "c9435a9db98a57c9869a146359db1b34a72aa7730cb894ac8f9f3a2be2f60dd6"
        },
        {
          "algorithm": "SHA1",
          "checksumValue": "04d09c20d0973a2b1667fe3a2c05f5bc4bcf7893"
        }
      ],
      "licenseConcluded": "NOASSERTION",
      "licenseInfoInFiles": [
        "NOASSERTION"
      ],
      "copyrightText": "NOASSERTION"
    },
    {
      "fileName": "./OpenSSH-Win64/ssh-add.exe",
      "SPDXID": "SPDXRef-File--OpenSSH-Win64-ssh-add.exe-CB7DFE8C760D90A2D839A93CA62332E2E1251032",
      "checksums": [
        {
          "algorithm": "SHA256",
          "checksumValue": "6a9adb469b9675962dd933bc9ea525c88ff7732a4489336f7b978ab58f9c3593"
        },
        {
          "algorithm": "SHA1",
          "checksumValue": "cb7dfe8c760d90a2d839a93ca62332e2e1251032"
        }
      ],
      "licenseConcluded": "NOASSERTION",
      "licenseInfoInFiles": [
        "NOASSERTION"
      ],
      "copyrightText": "NOASSERTION"
    },
    {
      "fileName": "./OpenSSH-Win64/sshd.exe",
      "SPDXID": "SPDXRef-File--OpenSSH-Win64-sshd.exe-105991B7F416466814E1704D1F4E459C2E731500",
      "checksums": [
        {
          "algorithm": "SHA256",
          "checksumValue": "76f223e0a35b12d534065fd178bfbdd5b1112e9e77c3d2c85df9d08c3a420476"
        },
        {
          "algorithm": "SHA1",
          "checksumValue": "105991b7f416466814e1704d1f4e459c2e731500"
        }
      ],
      "licenseConcluded": "NOASSERTION",
      "licenseInfoInFiles": [
        "NOASSERTION"
      ],
      "copyrightText": "NOASSERTION"
    },
    {
      "fileName": "./OpenSSH-Win64/ssh.exe",
      "SPDXID": "SPDXRef-File--OpenSSH-Win64-ssh.exe-338C07EB9B84856A1103CA4D676B08B464878715",
      "checksums": [
        {
          "algorithm": "SHA256",
          "checksumValue": "de22fca1d58896c9fa15ddd591fcc54d4768836236f75cfe5fa1fbd2e2c3a33c"
        },
        {
          "algorithm": "SHA1",
          "checksumValue": "338c07eb9b84856a1103ca4d676b08b464878715"
        }
      ],
      "licenseConcluded": "NOASSERTION",
      "licenseInfoInFiles": [
        "NOASSERTION"
      ],
      "copyrightText": "NOASSERTION"
    },
    {
      "fileName": "./OpenSSH-Win64/libcrypto.dll",
      "SPDXID": "SPDXRef-File--OpenSSH-Win64-libcrypto.dll-EAF163685B56779FB98CAD28252CC8980844FA69",
      "checksums": [
        {
          "algorithm": "SHA256",
          "checksumValue": "6686cc7f7f766d47d69884d5b9e26b8402901d773dd2d8ac771e43aad4e68fa7"
        },
        {
          "algorithm": "SHA1",
          "checksumValue": "eaf163685b56779fb98cad28252cc8980844fa69"
        }
      ],
      "licenseConcluded": "NOASSERTION",
      "licenseInfoInFiles": [
        "NOASSERTION"
      ],
      "copyrightText": "NOASSERTION"
    },
    {
      "fileName": "./OpenSSH-Win64/sftp-server.exe",
      "SPDXID": "SPDXRef-File--OpenSSH-Win64-sftp-server.exe-908027845BE7BE53E7DE80613680186A81EC07B4",
      "checksums": [
        {
          "algorithm": "SHA256",
          "checksumValue": "72aef0fe3133ec1bfdca788e05ec8f061bdff4261f0f1faa10a0ba294f9375cd"
        },
        {
          "algorithm": "SHA1",
          "checksumValue": "908027845be7be53e7de80613680186a81ec07b4"
        }
      ],
      "licenseConcluded": "NOASSERTION",
      "licenseInfoInFiles": [
        "NOASSERTION"
      ],
      "copyrightText": "NOASSERTION"
    },
    {
      "fileName": "./OpenSSH-Win64/sshd-session.exe",
      "SPDXID": "SPDXRef-File--OpenSSH-Win64-sshd-session.exe-2706B748D7FCDA32CD324DD4AB6DB33966EE633B",
      "checksums": [
        {
          "algorithm": "SHA256",
          "checksumValue": "2cf0fd75547d953dd8ef7633b66c5b1aac581a0c449aef30c141b3293baea590"
        },
        {
          "algorithm": "SHA1",
          "checksumValue": "2706b748d7fcda32cd324dd4ab6db33966ee633b"
        }
      ],
      "licenseConcluded": "NOASSERTION",
      "licenseInfoInFiles": [
        "NOASSERTION"
      ],
      "copyrightText": "NOASSERTION"
    },
    {
      "fileName": "./OpenSSH-Win64/ssh-sk-helper.exe",
      "SPDXID": "SPDXRef-File--OpenSSH-Win64-ssh-sk-helper.exe-BBF7E1C6E1A00552845503B66A26CC2A23A85536",
      "checksums": [
        {
          "algorithm": "SHA256",
          "checksumValue": "b66e753e049b1c94f05106fbc3887811b0d1f3f0fcf0295d3d74a8fb8e819141"
        },
        {
          "algorithm": "SHA1",
          "checksumValue": "bbf7e1c6e1a00552845503b66a26cc2a23a85536"
        }
      ],
      "licenseConcluded": "NOASSERTION",
      "licenseInfoInFiles": [
        "NOASSERTION"
      ],
      "copyrightText": "NOASSERTION"
    },
    {
      "fileName": "./OpenSSH-MSI-Win64/openssh.msi",
      "SPDXID": "SPDXRef-File--OpenSSH-MSI-Win64-openssh.msi-F382206FF21B8CC1C514AF4B58AA0158F070CDE5",
      "checksums": [
        {
          "algorithm": "SHA256",
          "checksumValue": "70540ac4b8c6983f7202d205ee25b4ade509437c9bc0f5835fd230acb7da24aa"
        },
        {
          "algorithm": "SHA1",
          "checksumValue": "f382206ff21b8cc1c514af4b58aa0158f070cde5"
        }
      ],
      "licenseConcluded": "NOASSERTION",
      "licenseInfoInFiles": [
        "NOASSERTION"
      ],
      "copyrightText": "NOASSERTION"
    },
    {
      "fileName": "./OpenSSH-Win64/openssh-events.man",
      "SPDXID": "SPDXRef-File--OpenSSH-Win64-openssh-events.man-39F0E1C5FDF3F456EEAF9F1A5696A7CA64617F86",
      "checksums": [
        {
          "algorithm": "SHA256",
          "checksumValue": "c36019e53e3045cba2639bf35ed1e2498e3563b272533e53301165c31ab60199"
        },
        {
          "algorithm": "SHA1",
          "checksumValue": "39f0e1c5fdf3f456eeaf9f1a5696a7ca64617f86"
        }
      ],
      "licenseConcluded": "NOASSERTION",
      "licenseInfoInFiles": [
        "NOASSERTION"
      ],
      "copyrightText": "NOASSERTION"
    },
    {
      "fileName": "./OpenSSH-Win64_Symbols/scp.pdb",
      "SPDXID": "SPDXRef-File--OpenSSH-Win64-Symbols-scp.pdb-D0F06A3EA549AA431194AB538A4A4E5701FBBEB8",
      "checksums": [
        {
          "algorithm": "SHA256",
          "checksumValue": "b5a59692f2229b4ce3ac7c43f17276e5c4e8fb21c6cef2ea5be7f3664c0d4081"
        },
        {
          "algorithm": "SHA1",
          "checksumValue": "d0f06a3ea549aa431194ab538a4a4e5701fbbeb8"
        }
      ],
      "licenseConcluded": "NOASSERTION",
      "licenseInfoInFiles": [
        "NOASSERTION"
      ],
      "copyrightText": "NOASSERTION"
    },
    {
      "fileName": "./OpenSSH-Win64/ssh-keygen.exe",
      "SPDXID": "SPDXRef-File--OpenSSH-Win64-ssh-keygen.exe-B949B66E92BC7D24266183E7C37F2D1C12265E87",
      "checksums": [
        {
          "algorithm": "SHA256",
          "checksumValue": "71dc3b3273549bf907b6973ada8018c3b8b563ec08e525e91889784f2d79e185"
        },
        {
          "algorithm": "SHA1",
          "checksumValue": "b949b66e92bc7d24266183e7c37f2d1c12265e87"
        }
      ],
      "licenseConcluded": "NOASSERTION",
      "licenseInfoInFiles": [
        "NOASSERTION"
      ],
      "copyrightText": "NOASSERTION"
    },
    {
      "fileName": "./OpenSSH-Win64/sshd_config_default",
      "SPDXID": "SPDXRef-File--OpenSSH-Win64-sshd-config-default-7F6AC27C5927EF4127C392D53DDD5DB763B65A1E",
      "checksums": [
        {
          "algorithm": "SHA256",
          "checksumValue": "796f518d1f4bb03d775da710c259b518eb770d123133dbd6429ca7e14d3c224b"
        },
        {
          "algorithm": "SHA1",
          "checksumValue": "7f6ac27c5927ef4127c392d53ddd5db763b65a1e"
        }
      ],
      "licenseConcluded": "NOASSERTION",
      "licenseInfoInFiles": [
        "NOASSERTION"
      ],
      "copyrightText": "NOASSERTION"
    },
    {
      "fileName": "./OpenSSH-Win64_Symbols/ssh-agent.pdb",
      "SPDXID": "SPDXRef-File--OpenSSH-Win64-Symbols-ssh-agent.pdb-B65CDB7BE8C1623C87519991371B258EEE4D580A",
      "checksums": [
        {
          "algorithm": "SHA256",
          "checksumValue": "88dfbec32b13ce4c409ca1948bb1094975e85ad4f894effd2ef6682d2cb1fefa"
        },
        {
          "algorithm": "SHA1",
          "checksumValue": "b65cdb7be8c1623c87519991371b258eee4d580a"
        }
      ],
      "licenseConcluded": "NOASSERTION",
      "licenseInfoInFiles": [
        "NOASSERTION"
      ],
      "copyrightText": "NOASSERTION"
    },
    {
      "fileName": "./OpenSSH-Win64_Symbols/sftp-server.pdb",
      "SPDXID": "SPDXRef-File--OpenSSH-Win64-Symbols-sftp-server.pdb-FD9A9C67087DBD81CFFB6B3CC517CEE00DE79003",
      "checksums": [
        {
          "algorithm": "SHA256",
          "checksumValue": "3499efab901ea33f60a6a3cf965281c30cb40c58814c2ab1bd49bec0b30d15a8"
        },
        {
          "algorithm": "SHA1",
          "checksumValue": "fd9a9c67087dbd81cffb6b3cc517cee00de79003"
        }
      ],
      "licenseConcluded": "NOASSERTION",
      "licenseInfoInFiles": [
        "NOASSERTION"
      ],
      "copyrightText": "NOASSERTION"
    },
    {
      "fileName": "./OpenSSH-Win64_Symbols/sftp.pdb",
      "SPDXID": "SPDXRef-File--OpenSSH-Win64-Symbols-sftp.pdb-147154DFDD94B6F605F5C3E8A1DFDB7F7B24D9EA",
      "checksums": [
        {
          "algorithm": "SHA256",
          "checksumValue": "f04fe130b489902b03053f5d1bd6a06a8d5a64eecee3c89336d937a9a92f551f"
        },
        {
          "algorithm": "SHA1",
          "checksumValue": "147154dfdd94b6f605f5c3e8a1dfdb7f7b24d9ea"
        }
      ],
      "licenseConcluded": "NOASSERTION",
      "licenseInfoInFiles": [
        "NOASSERTION"
      ],
      "copyrightText": "NOASSERTION"
    },
    {
      "fileName": "./OpenSSH-Win64_Symbols/ssh-shellhost.pdb",
      "SPDXID": "SPDXRef-File--OpenSSH-Win64-Symbols-ssh-shellhost.pdb-3BF471F397CEB8AB6467F2EAEE72D3654930E383",
      "checksums": [
        {
          "algorithm": "SHA256",
          "checksumValue": "785b2a7276134e99d01feab57d518626454bc7610b8c903dc638df82739cb725"
        },
        {
          "algorithm": "SHA1",
          "checksumValue": "3bf471f397ceb8ab6467f2eaee72d3654930e383"
        }
      ],
      "licenseConcluded": "NOASSERTION",
      "licenseInfoInFiles": [
        "NOASSERTION"
      ],
      "copyrightText": "NOASSERTION"
    },
    {
      "fileName": "./OpenSSH-Win64_Symbols/ssh-add.pdb",
      "SPDXID": "SPDXRef-File--OpenSSH-Win64-Symbols-ssh-add.pdb-407B696F34DC15FFE388D68A91EAAD058538056D",
      "checksums": [
        {
          "algorithm": "SHA256",
          "checksumValue": "e2328c0ff1621c8b20b6e25145d43cd5454cd3627bfe0e1c33e6238316c6cbbd"
        },
        {
          "algorithm": "SHA1",
          "checksumValue": "407b696f34dc15ffe388d68a91eaad058538056d"
        }
      ],
      "licenseConcluded": "NOASSERTION",
      "licenseInfoInFiles": [
        "NOASSERTION"
      ],
      "copyrightText": "NOASSERTION"
    },
    {
      "fileName": "./OpenSSH-Win64_Symbols/ssh-sk-helper.pdb",
      "SPDXID": "SPDXRef-File--OpenSSH-Win64-Symbols-ssh-sk-helper.pdb-FB7BC05AE3A5D91DB30A324F3EFDB61FFE877E71",
      "checksums": [
        {
          "algorithm": "SHA256",
          "checksumValue": "bbd9340849125fc41f9222c9657d19e0bd83be5986d30bf0fed6602393b05864"
        },
        {
          "algorithm": "SHA1",
          "checksumValue": "fb7bc05ae3a5d91db30a324f3efdb61ffe877e71"
        }
      ],
      "licenseConcluded": "NOASSERTION",
      "licenseInfoInFiles": [
        "NOASSERTION"
      ],
      "copyrightText": "NOASSERTION"
    },
    {
      "fileName": "./OpenSSH-Win64_Symbols/libcrypto.pdb",
      "SPDXID": "SPDXRef-File--OpenSSH-Win64-Symbols-libcrypto.pdb-1DA3CA6C77B278799D9FEF10525696B8ECE2177C",
      "checksums": [
        {
          "algorithm": "SHA256",
          "checksumValue": "ff763cc6157fa20a2237aca02c9bc22f0f36eec5dc8a196dbe5e4b536bd550fc"
        },
        {
          "algorithm": "SHA1",
          "checksumValue": "1da3ca6c77b278799d9fef10525696b8ece2177c"
        }
      ],
      "licenseConcluded": "NOASSERTION",
      "licenseInfoInFiles": [
        "NOASSERTION"
      ],
      "copyrightText": "NOASSERTION"
    },
    {
      "fileName": "./OpenSSH-Win64_Symbols/sshd.pdb",
      "SPDXID": "SPDXRef-File--OpenSSH-Win64-Symbols-sshd.pdb-B27783D4741C76D2D718CF55CB237092657E20EF",
      "checksums": [
        {
          "algorithm": "SHA256",
          "checksumValue": "00707b189fb71ca371db3ee1fe139d7ebf14b768e25b0ce0e968710a03a7d687"
        },
        {
          "algorithm": "SHA1",
          "checksumValue": "b27783d4741c76d2d718cf55cb237092657e20ef"
        }
      ],
      "licenseConcluded": "NOASSERTION",
      "licenseInfoInFiles": [
        "NOASSERTION"
      ],
      "copyrightText": "NOASSERTION"
    },
    {
      "fileName": "./OpenSSH-Win64_Symbols/ssh.pdb",
      "SPDXID": "SPDXRef-File--OpenSSH-Win64-Symbols-ssh.pdb-227D87063D637C8141FBCC5F55D48540B1A4D8A5",
      "checksums": [
        {
          "algorithm": "SHA256",
          "checksumValue": "5e15fafbea0fd84a0b8fccd6683b0597e868f22aee5bfd41fdd27a7e20a155f6"
        },
        {
          "algorithm": "SHA1",
          "checksumValue": "227d87063d637c8141fbcc5f55d48540b1a4d8a5"
        }
      ],
      "licenseConcluded": "NOASSERTION",
      "licenseInfoInFiles": [
        "NOASSERTION"
      ],
      "copyrightText": "NOASSERTION"
    },
    {
      "fileName": "./OpenSSH-Win64_Symbols/sshd-session.pdb",
      "SPDXID": "SPDXRef-File--OpenSSH-Win64-Symbols-sshd-session.pdb-3EAD252B14CD18812D1C9C0946EB2E6875135F18",
      "checksums": [
        {
          "algorithm": "SHA256",
          "checksumValue": "5d43e9d31c93580e955c0e3e98da754835e3af25b2f2d62572f00688a02a5e78"
        },
        {
          "algorithm": "SHA1",
          "checksumValue": "3ead252b14cd18812d1c9c0946eb2e6875135f18"
        }
      ],
      "licenseConcluded": "NOASSERTION",
      "licenseInfoInFiles": [
        "NOASSERTION"
      ],
      "copyrightText": "NOASSERTION"
    },
    {
      "fileName": "./OpenSSH-Win64_BuildInfo/Unittests-Win64.zip",
      "SPDXID": "SPDXRef-File--OpenSSH-Win64-BuildInfo-Unittests-Win64.zip-C6F3B493D10832A6475B8A5F1A8D2938B24764E9",
      "checksums": [
        {
          "algorithm": "SHA256",
          "checksumValue": "ec6fd8a5f4553526f8e92b4fb46d96abe2fc29ce9796ebe5f295571aa3bcd763"
        },
        {
          "algorithm": "SHA1",
          "checksumValue": "c6f3b493d10832a6475b8a5f1a8d2938b24764e9"
        }
      ],
      "licenseConcluded": "NOASSERTION",
      "licenseInfoInFiles": [
        "NOASSERTION"
      ],
      "copyrightText": "NOASSERTION"
    },
    {
      "fileName": "./OpenSSH-Win64_Symbols/ssh-pkcs11-helper.pdb",
      "SPDXID": "SPDXRef-File--OpenSSH-Win64-Symbols-ssh-pkcs11-helper.pdb-FD2A548C6F3161959E42EC73F67A578A34E30744",
      "checksums": [
        {
          "algorithm": "SHA256",
          "checksumValue": "e85a8d40483ec2af37b53115c7495ed3405a20d25631cc65cad87757e7a6f0cb"
        },
        {
          "algorithm": "SHA1",
          "checksumValue": "fd2a548c6f3161959e42ec73f67a578a34e30744"
        }
      ],
      "licenseConcluded": "NOASSERTION",
      "licenseInfoInFiles": [
        "NOASSERTION"
      ],
      "copyrightText": "NOASSERTION"
    },
    {
      "fileName": "./OpenSSH-Win64_Symbols/ssh-keyscan.pdb",
      "SPDXID": "SPDXRef-File--OpenSSH-Win64-Symbols-ssh-keyscan.pdb-F52886690FA2C09744245D136DA8CF4978B979ED",
      "checksums": [
        {
          "algorithm": "SHA256",
          "checksumValue": "0ce71f7a58dfea5836fb3ba5eadc137c5d16787b9d9d91aec87232bd611c5a2f"
        },
        {
          "algorithm": "SHA1",
          "checksumValue": "f52886690fa2c09744245d136da8cf4978b979ed"
        }
      ],
      "licenseConcluded": "NOASSERTION",
      "licenseInfoInFiles": [
        "NOASSERTION"
      ],
      "copyrightText": "NOASSERTION"
    },
    {
      "fileName": "./OpenSSH-Win64_BuildInfo/OpenSSHReleasex64.log",
      "SPDXID": "SPDXRef-File--OpenSSH-Win64-BuildInfo-OpenSSHReleasex64.log-287CD0570FE19281A8DE28A3D9A9A8173BBDD507",
      "checksums": [
        {
          "algorithm": "SHA256",
          "checksumValue": "8b477323af38b8fd1be2d10a53f64a7d362db35aa97ce09d2a29c6729893b781"
        },
        {
          "algorithm": "SHA1",
          "checksumValue": "287cd0570fe19281a8de28a3d9a9a8173bbdd507"
        }
      ],
      "licenseConcluded": "NOASSERTION",
      "licenseInfoInFiles": [
        "NOASSERTION"
      ],
      "copyrightText": "NOASSERTION"
    },
    {
      "fileName": "./OpenSSH-Win64_Symbols/ssh-keygen.pdb",
      "SPDXID": "SPDXRef-File--OpenSSH-Win64-Symbols-ssh-keygen.pdb-5FF2223CD9E9A61B2E4AE2392818D3F388C4EC9F",
      "checksums": [
        {
          "algorithm": "SHA256",
          "checksumValue": "8cbf16334100ed4a0347f6eec1b0ab08ae3f69c75466706a16a92234d97dcceb"
        },
        {
          "algorithm": "SHA1",
          "checksumValue": "5ff2223cd9e9a61b2e4ae2392818d3f388c4ec9f"
        }
      ],
      "licenseConcluded": "NOASSERTION",
      "licenseInfoInFiles": [
        "NOASSERTION"
      ],
      "copyrightText": "NOASSERTION"
    }
  ],
  "packages": [
    {
      "name": "powershell_zlib",
      "SPDXID": "SPDXRef-Package-7D958500B3992EFD73E1B44F7EE13941A499D40BC9121889534BA2383A0CBB0D",
      "downloadLocation": "https://github.com/PowerShell/ZLib/releases/tag/V1.3.1.zip",
      "filesAnalyzed": false,
      "licenseConcluded": "NOASSERTION",
      "licenseDeclared": "NOASSERTION",
      "copyrightText": "NOASSERTION",
      "versionInfo": "1.3.1",
      "supplier": "NOASSERTION"
    },
    {
      "name": "libfido2",
      "SPDXID": "SPDXRef-Package-DBE1ADCC77824D44C3798D437C096E9C2F45322F9BFB9D84DF3B676062741CAA",
      "downloadLocation": "https://github.com/Yubico/libfido2",
      "filesAnalyzed": false,
      "licenseConcluded": "NOASSERTION",
      "licenseDeclared": "NOASSERTION",
      "copyrightText": "NOASSERTION",
      "versionInfo": "1.15.0",
      "supplier": "NOASSERTION"
    },
    {
      "name": "libressl",
      "SPDXID": "SPDXRef-Package-9614F2FF20731E430A1CE5431F21F43F46BDB83CB7CFF36ACA5BA70896E2A5B3",
      "downloadLocation": "https://www.libressl.org/",
      "filesAnalyzed": false,
      "licenseConcluded": "NOASSERTION",
      "licenseDeclared": "NOASSERTION",
      "copyrightText": "NOASSERTION",
      "versionInfo": "4.0.0.0",
      "supplier": "NOASSERTION"
    },
    {
      "name": "powershell_libressl",
      "SPDXID": "SPDXRef-Package-5F010068EE8252D5E475FC87F530282199C049CDFAEE9F55FC2F5CB2AE696F17",
      "downloadLocation": "https://github.com/PowerShell/LibreSSL/releases/tag/V4.0.0.0.zip",
      "filesAnalyzed": false,
      "licenseConcluded": "NOASSERTION",
      "licenseDeclared": "NOASSERTION",
      "copyrightText": "NOASSERTION",
      "versionInfo": "4.0.0.0",
      "supplier": "NOASSERTION"
    },
    {
      "name": "zlib",
      "SPDXID": "SPDXRef-Package-C48644207E7AC039A85B1C41085F3B31ADE0273DA9D828D7D7C0D1F0CD93B8BA",
      "downloadLocation": "http://zlib.net/",
      "filesAnalyzed": false,
      "licenseConcluded": "NOASSERTION",
      "licenseDeclared": "NOASSERTION",
      "copyrightText": "NOASSERTION",
      "versionInfo": "1.3.1",
      "supplier": "NOASSERTION"
    },
    {
      "name": "powershell_libcbor",
      "SPDXID": "SPDXRef-Package-41513D39CF449D8ADCB8FD146C5BA8697DDD30C2F972014C55C4A6EC6AA7EB76",
      "downloadLocation": "https://github.com/PowerShell/libcbor",
      "filesAnalyzed": false,
      "licenseConcluded": "NOASSERTION",
      "licenseDeclared": "NOASSERTION",
      "copyrightText": "NOASSERTION",
      "versionInfo": "0.11.0",
      "supplier": "NOASSERTION"
    },
    {
      "name": "WiX",
      "SPDXID": "SPDXRef-Package-0453B7455A0B8778D4DD20EE81622AB2F93F2F060FF21F033C6ECF10EA3EFE9F",
      "downloadLocation": "NOASSERTION",
      "filesAnalyzed": false,
      "licenseConcluded": "NOASSERTION",
      "licenseDeclared": "NOASSERTION",
      "copyrightText": "NOASSERTION",
      "versionInfo": "3.14.1",
      "externalRefs": [
        {
          "referenceCategory": "PACKAGE-MANAGER",
          "referenceType": "purl",
          "referenceLocator": "pkg:nuget/WiX@3.14.1"
        }
      ],
      "supplier": "NOASSERTION"
    },
    {
      "name": "powershell_libfido2",
      "SPDXID": "SPDXRef-Package-50FA054C3CF71B778225C94E02FCA57826614416A915D007D604DF84D814DFA2",
      "downloadLocation": "https://github.com/PowerShell/libfido2/archive/refs/tags/1.15.0.zip",
      "filesAnalyzed": false,
      "licenseConcluded": "NOASSERTION",
      "licenseDeclared": "NOASSERTION",
      "copyrightText": "NOASSERTION",
      "versionInfo": "1.15.0",
      "supplier": "NOASSERTION"
    },
    {
      "name": "libcbor",
      "SPDXID": "SPDXRef-Package-971DCD74BBB31990D0289EF759070595E5B80F51DA88731700252A67F3064BD6",
      "downloadLocation": "https://github.com/PJK/libcbor",
      "filesAnalyzed": false,
      "licenseConcluded": "NOASSERTION",
      "licenseDeclared": "NOASSERTION",
      "copyrightText": "NOASSERTION",
      "versionInfo": "0.11.0",
      "supplier": "NOASSERTION"
    },
    {
      "name": "OpenSSH",
      "SPDXID": "SPDXRef-RootPackage",
      "downloadLocation": "NOASSERTION",
      "packageVerificationCode": {
        "packageVerificationCodeValue": "8f1d2ccc0b6f78d63df4ff628ac45787750787d4"
      },
      "filesAnalyzed": true,
      "licenseConcluded": "NOASSERTION",
      "licenseInfoFromFiles": [
        "NOASSERTION"
      ],
      "licenseDeclared": "NOASSERTION",
      "copyrightText": "NOASSERTION",
      "versionInfo": "9.8.2.0",
      "externalRefs": [
        {
          "referenceCategory": "PACKAGE-MANAGER",
          "referenceType": "purl",
          "referenceLocator": "pkg:swid/Microsoft/sbom.microsoft/OpenSSH@9.8.2.0?tag_id=f826adb3-3350-4da0-825a-ba23d2cc1815"
        }
      ],
      "supplier": "Organization: Microsoft",
      "hasFiles": [
        "SPDXRef-File--OpenSSH-Win64-Symbols-ssh-keygen.pdb-5FF2223CD9E9A61B2E4AE2392818D3F388C4EC9F",
        "SPDXRef-File--OpenSSH-Win64-Symbols-ssh-keyscan.pdb-F52886690FA2C09744245D136DA8CF4978B979ED",
        "SPDXRef-File--OpenSSH-Win64-Symbols-ssh-pkcs11-helper.pdb-FD2A548C6F3161959E42EC73F67A578A34E30744",
        "SPDXRef-File--OpenSSH-Win64-Symbols-sshd-session.pdb-3EAD252B14CD18812D1C9C0946EB2E6875135F18",
        "SPDXRef-File--OpenSSH-Win64-Symbols-ssh.pdb-227D87063D637C8141FBCC5F55D48540B1A4D8A5",
        "SPDXRef-File--OpenSSH-Win64-Symbols-sshd.pdb-B27783D4741C76D2D718CF55CB237092657E20EF",
        "SPDXRef-File--OpenSSH-Win64-BuildInfo-OpenSSHReleasex64.log-287CD0570FE19281A8DE28A3D9A9A8173BBDD507",
        "SPDXRef-File--OpenSSH-Win64-BuildInfo-Unittests-Win64.zip-C6F3B493D10832A6475B8A5F1A8D2938B24764E9",
        "SPDXRef-File--OpenSSH-Win64-Symbols-ssh-sk-helper.pdb-FB7BC05AE3A5D91DB30A324F3EFDB61FFE877E71",
        "SPDXRef-File--OpenSSH-Win64-Symbols-ssh-shellhost.pdb-3BF471F397CEB8AB6467F2EAEE72D3654930E383",
        "SPDXRef-File--OpenSSH-Win64-Symbols-ssh-add.pdb-407B696F34DC15FFE388D68A91EAAD058538056D",
        "SPDXRef-File--OpenSSH-MSI-Win64-openssh.msi-F382206FF21B8CC1C514AF4B58AA0158F070CDE5",
        "SPDXRef-File--OpenSSH-Win64-ssh-sk-helper.exe-BBF7E1C6E1A00552845503B66A26CC2A23A85536",
        "SPDXRef-File--OpenSSH-Win64-sshd.exe-105991B7F416466814E1704D1F4E459C2E731500",
        "SPDXRef-File--OpenSSH-Win64-ssh-keyscan.exe-51123A62869D1E767941C6569CADF8143AF78995",
        "SPDXRef-File--OpenSSH-Win64-ssh-agent.exe-4950F054D1B3082384E3A85335D752AE35C85467",
        "SPDXRef-File--OpenSSH-Win64-ssh-pkcs11-helper.exe-7BD7599EC3DD7118BC4DBCB6235C0AA61BEACA4D",
        "SPDXRef-File--OpenSSH-Win64-scp.exe-CB7116C2D3E64779F4B2D4C8098A89EB277C8486",
        "SPDXRef-File--OpenSSH-Win64-NOTICE.txt-0C6BEDA8BE1A704C0C2615D4A481BACA0E56372D",
        "SPDXRef-File--OpenSSH-Win64-Symbols-libcrypto.pdb-1DA3CA6C77B278799D9FEF10525696B8ECE2177C",
        "SPDXRef-File--OpenSSH-Win64-Symbols-sftp.pdb-147154DFDD94B6F605F5C3E8A1DFDB7F7B24D9EA",
        "SPDXRef-File--OpenSSH-Win64-Symbols-sftp-server.pdb-FD9A9C67087DBD81CFFB6B3CC517CEE00DE79003",
        "SPDXRef-File--OpenSSH-Win64-ssh-shellhost.exe-8A55A6E711E3127C2E94FB5C7D0FC2A8CBF5DC66",
        "SPDXRef-File--OpenSSH-Win64-moduli-D000837A7C67C88BAAA61D643E48A28B2F40B7AF",
        "SPDXRef-File--OpenSSH-Win64-sftp.exe-6CC7EB90B1537E6915B7CD78AA007E9E188D09B8",
        "SPDXRef-File--OpenSSH-Win64-LICENSE.txt-A7739A32F1926D71A9EB22D101287ECEA09A6AC5",
        "SPDXRef-File--OpenSSH-Win64-sshd-config-default-7F6AC27C5927EF4127C392D53DDD5DB763B65A1E",
        "SPDXRef-File--OpenSSH-Win64-ssh-keygen.exe-B949B66E92BC7D24266183E7C37F2D1C12265E87",
        "SPDXRef-File--OpenSSH-Win64-Symbols-scp.pdb-D0F06A3EA549AA431194AB538A4A4E5701FBBEB8",
        "SPDXRef-File--OpenSSH-Win64-openssh-events.man-39F0E1C5FDF3F456EEAF9F1A5696A7CA64617F86",
        "SPDXRef-File--OpenSSH-Win64-sshd-session.exe-2706B748D7FCDA32CD324DD4AB6DB33966EE633B",
        "SPDXRef-File--OpenSSH-Win64-sftp-server.exe-908027845BE7BE53E7DE80613680186A81EC07B4",
        "SPDXRef-File--OpenSSH-Win64-libcrypto.dll-EAF163685B56779FB98CAD28252CC8980844FA69",
        "SPDXRef-File--OpenSSH-Win64-ssh.exe-338C07EB9B84856A1103CA4D676B08B464878715",
        "SPDXRef-File--OpenSSH-Win64-ssh-add.exe-CB7DFE8C760D90A2D839A93CA62332E2E1251032",
        "SPDXRef-File--OpenSSH-Win64-uninstall-sshd.ps1-04D09C20D0973A2B1667FE3A2C05F5BC4BCF7893",
        "SPDXRef-File--OpenSSH-Win64-OpenSSHUtils.psd1-6D97D7DE611FF599D9513F66D2B3BFBDE6D0A574",
        "SPDXRef-File--OpenSSH-Win64-FixHostFilePermissions.ps1-4B4C97703F27817DABCA0F22515B083763B990ED",
        "SPDXRef-File--OpenSSH-Win64-OpenSSHUtils.psm1-922298610428D8989194BFB82FECF4334FB5E0B2",
        "SPDXRef-File--OpenSSH-Win64-FixUserFilePermissions.ps1-433A351E1B199F284A5414E126BCE7BE6E5A3877",
        "SPDXRef-File--OpenSSH-Win64-Symbols-ssh-agent.pdb-B65CDB7BE8C1623C87519991371B258EEE4D580A",
        "SPDXRef-File--OpenSSH-Win64-install-sshd.ps1-17E9262C1718BEDD9B64969B8D1622B39F97B197"
      ]
    }
  ],
  "externalDocumentRefs": [
    {
      "externalDocumentId": "DocumentRef-ZLib-1.3.1-16232b68c57e9d662108a05698d26f43c0acabea",
      "spdxDocument": "https://sbom.microsoft/1:2QSF7qZlbE-F7QrUJlEo7g:Ifmy0CRpKEe0S33n1Rdb-w/2901:522012/ZLib:1.3.1:0alOYoxgr0aKgbhQo6OyNw",
      "checksum": {
        "algorithm": "SHA1",
        "checksumValue": "16232b68c57e9d662108a05698d26f43c0acabea"
      }
    },
    {
      "externalDocumentId": "DocumentRef-LibreSSL-4.0.0.0-4eaf53d434ebcc53c686f3abfee54baf11effcf0",
      "spdxDocument": "https://sbom.microsoft/1:2QSF7qZlbE-F7QrUJlEo7g:Ifmy0CRpKEe0S33n1Rdb-w/2904:575877/LibreSSL:4.0.0.0:WMH2o0P7HE6tnReYBNrzWQ",
      "checksum": {
        "algorithm": "SHA1",
        "checksumValue": "4eaf53d434ebcc53c686f3abfee54baf11effcf0"
      }
    },
    {
      "externalDocumentId": "DocumentRef-libfido2-1.15.0-b4d71991155efc0e5c2b2f7186ccbec3b7e54cb6",
      "spdxDocument": "https://sbom.microsoft/1:2QSF7qZlbE-F7QrUJlEo7g:Ifmy0CRpKEe0S33n1Rdb-w/2912:530705/libfido2:1.15.0:I44gQlgQAkeFIC0SjN9gPw",
      "checksum": {
        "algorithm": "SHA1",
        "checksumValue": "b4d71991155efc0e5c2b2f7186ccbec3b7e54cb6"
      }
    }
  ],
  "relationships": [
    {
      "relationshipType": "PREREQUISITE_FOR",
      "relatedSpdxElement": "DocumentRef-libfido2-1.15.0-b4d71991155efc0e5c2b2f7186ccbec3b7e54cb6:SPDXRef-RootPackage",
      "spdxElementId": "SPDXRef-RootPackage"
    },
    {
      "relationshipType": "PREREQUISITE_FOR",
      "relatedSpdxElement": "DocumentRef-LibreSSL-4.0.0.0-4eaf53d434ebcc53c686f3abfee54baf11effcf0:SPDXRef-RootPackage",
      "spdxElementId": "SPDXRef-RootPackage"
    },
    {
      "relationshipType": "PREREQUISITE_FOR",
      "relatedSpdxElement": "DocumentRef-ZLib-1.3.1-16232b68c57e9d662108a05698d26f43c0acabea:SPDXRef-RootPackage",
      "spdxElementId": "SPDXRef-RootPackage"
    },
    {
      "relationshipType": "DESCRIBED_BY",
      "relatedSpdxElement": "SPDXRef-DOCUMENT",
      "spdxElementId": "SPDXRef-File--..-..-s-OSS-Microsoft-OpenSSH-Dev-contrib-win32-openssh-ZLib--manifest-spdx-2.2-manifest.spdx.json-16232B68C57E9D662108A05698D26F43C0ACABEA"
    },
    {
      "relationshipType": "DESCRIBED_BY",
      "relatedSpdxElement": "SPDXRef-DOCUMENT",
      "spdxElementId": "SPDXRef-File--..-..-s-OSS-Microsoft-OpenSSH-Dev-contrib-win32-openssh-LibreSSL--manifest-spdx-2.2-manifest.spdx.json-4EAF53D434EBCC53C686F3ABFEE54BAF11EFFCF0"
    },
    {
      "relationshipType": "DESCRIBED_BY",
      "relatedSpdxElement": "SPDXRef-DOCUMENT",
      "spdxElementId": "SPDXRef-File--..-..-s-OSS-Microsoft-OpenSSH-Dev-contrib-win32-openssh-libfido2--manifest-spdx-2.2-manifest.spdx.json-B4D71991155EFC0E5C2B2F7186CCBEC3B7E54CB6"
    },
    {
      "relationshipType": "DESCRIBES",
      "relatedSpdxElement": "SPDXRef-RootPackage",
      "spdxElementId": "SPDXRef-DOCUMENT"
    },
    {
      "relationshipType": "DEPENDS_ON",
      "relatedSpdxElement": "SPDXRef-Package-50FA054C3CF71B778225C94E02FCA57826614416A915D007D604DF84D814DFA2",
      "spdxElementId": "SPDXRef-RootPackage"
    },
    {
      "relationshipType": "DEPENDS_ON",
      "relatedSpdxElement": "SPDXRef-Package-971DCD74BBB31990D0289EF759070595E5B80F51DA88731700252A67F3064BD6",
      "spdxElementId": "SPDXRef-RootPackage"
    },
    {
      "relationshipType": "DEPENDS_ON",
      "relatedSpdxElement": "SPDXRef-Package-0453B7455A0B8778D4DD20EE81622AB2F93F2F060FF21F033C6ECF10EA3EFE9F",
      "spdxElementId": "SPDXRef-RootPackage"
    },
    {
      "relationshipType": "DEPENDS_ON",
      "relatedSpdxElement": "SPDXRef-Package-41513D39CF449D8ADCB8FD146C5BA8697DDD30C2F972014C55C4A6EC6AA7EB76",
      "spdxElementId": "SPDXRef-RootPackage"
    },
    {
      "relationshipType": "DEPENDS_ON",
      "relatedSpdxElement": "SPDXRef-Package-C48644207E7AC039A85B1C41085F3B31ADE0273DA9D828D7D7C0D1F0CD93B8BA",
      "spdxElementId": "SPDXRef-RootPackage"
    },
    {
      "relationshipType": "DEPENDS_ON",
      "relatedSpdxElement": "SPDXRef-Package-5F010068EE8252D5E475FC87F530282199C049CDFAEE9F55FC2F5CB2AE696F17",
      "spdxElementId": "SPDXRef-RootPackage"
    },
    {
      "relationshipType": "DEPENDS_ON",
      "relatedSpdxElement": "SPDXRef-Package-9614F2FF20731E430A1CE5431F21F43F46BDB83CB7CFF36ACA5BA70896E2A5B3",
      "spdxElementId": "SPDXRef-RootPackage"
    },
    {
      "relationshipType": "DEPENDS_ON",
      "relatedSpdxElement": "SPDXRef-Package-7D958500B3992EFD73E1B44F7EE13941A499D40BC9121889534BA2383A0CBB0D",
      "spdxElementId": "SPDXRef-RootPackage"
    },
    {
      "relationshipType": "DEPENDS_ON",
      "relatedSpdxElement": "SPDXRef-Package-DBE1ADCC77824D44C3798D437C096E9C2F45322F9BFB9D84DF3B676062741CAA",
      "spdxElementId": "SPDXRef-RootPackage"
    }
  ],
  "spdxVersion": "SPDX-2.2",
  "dataLicense": "CC0-1.0",
  "SPDXID": "SPDXRef-DOCUMENT",
  "name": "OpenSSH 9.8.2.0",
  "documentNamespace": "https://sbom.microsoft/1:2QSF7qZlbE-F7QrUJlEo7g:Ifmy0CRpKEe0S33n1Rdb-w/2896:579085/OpenSSH:9.8.2.0:nM3rqbm60kiO1C89AiQwKw",
  "creationInfo": {
    "created": "2025-04-04T17:05:01Z",
    "creators": [
      "Organization: Microsoft",
      "Tool: Microsoft.SBOMTool-3.1.0"
    ]
  },
  "documentDescribes": [
    "SPDXRef-RootPackage"
  ]
}